"iata_code","icao_code","name","city","latitude","longitude"
"GKA","AYGA","Goroka Airport","Goroka","-6.081689834590001","145.391998291"
"MAG","AYMD","Madang Airport","Madang","-5.20707988739","145.789001465"
"HGU","AYMH","Mount Hagen Kagamuga Airport","Mount Hagen","-5.826789855957031","144.29600524902344"
"LAE","AYNZ","Nadzab Airport","Nadzab","-6.569803","146.725977"
"POM","AYPY","Port Moresby Jacksons International Airport","Port Moresby","-9.443380355834961","147.22000122070312"
"WWK","AYWK","Wewak International Airport","Wewak","-3.58383011818","143.669006348"
"UAK","BGBW","Narsarsuaq Airport","Narssarssuaq","61.1604995728","-45.4259986877"
"GOH","BGGH","Godthaab / Nuuk Airport","Godthaab","64.19090271","-51.6781005859"
"SFJ","BGSF","Kangerlussuaq Airport","Sondrestrom","67.0122218992","-50.7116031647"
"THU","BGTL","Thule Air Base","Thule","76.5311965942","-68.7032012939"
"AEY","BIAR","Akureyri Airport","Akureyri","65.66000366210938","-18.07270050048828"
"EGS","BIEG","Egilsstaðir Airport","Egilsstadir","65.2833023071289","-14.401399612426758"
"HFN","BIHN","Hornafjörður Airport","Hofn","64.295601","-15.2272"
"HZK","BIHU","Húsavík Airport","Husavik","65.952301","-17.426001"
"IFJ","BIIS","Ísafjörður Airport","Isafjordur","66.05809783935547","-23.135299682617188"
"KEF","BIKF","Keflavik International Airport","Keflavik","63.985000610352","-22.605600357056"
"PFJ","","Patreksfjörður Airport","Patreksfjordur","65.555801","-23.965"
"RKV","BIRK","Reykjavik Airport","Reykjavik","64.1299972534","-21.9405994415"
"SIJ","BISI","Siglufjörður Airport","Siglufjordur","66.133301","-18.9167"
"VEY","BIVM","Vestmannaeyjar Airport","Vestmannaeyjar","63.42430114746094","-20.278900146484375"
"YAM","CYAM","Sault Ste Marie Airport","Sault Sainte Marie","46.48500061035156","-84.5093994140625"
"\N","","Winnipeg / St. Andrews Airport","Winnipeg","50.0564002991","-97.03250122070001"
"\N","","Halifax / CFB Shearwater Heliport","Halifax","44.639702","-63.499401"
"YAY","CYAY","St. Anthony Airport","St. Anthony","51.3918991089","-56.083099365200006"
"YAZ","CYAZ","Tofino / Long Beach Airport","Tofino","49.079833","-125.775583"
"YBB","CYBB","Kugaaruk Airport","Pelly Bay","68.534401","-89.808098"
"YBC","CYBC","Baie Comeau Airport","Baie Comeau","49.13249969482422","-68.20439910888672"
"YBG","CYBG","CFB Bagotville","Bagotville","48.33060073852539","-70.99639892578125"
"YBK","CYBK","Baker Lake Airport","Baker Lake","64.29889678960001","-96.077796936"
"YBL","CYBL","Campbell River Airport","Campbell River","49.950801849365234","-125.27100372314453"
"YBR","CYBR","Brandon Municipal Airport","Brandon","49.91","-99.951897"
"YCB","CYCB","Cambridge Bay Airport","Cambridge Bay","69.1081008911","-105.138000488"
"YCD","CYCD","Nanaimo Airport","Nanaimo","49.054970224899996","-123.869862556"
"YCG","CYCG","Castlegar/West Kootenay Regional Airport","Castlegar","49.2963981628","-117.632003784"
"YCH","CYCH","Miramichi Airport","Chatham","47.007801","-65.449203"
"YCL","CYCL","Charlo Airport","Charlo","47.990799","-66.330299"
"YCO","CYCO","Kugluktuk Airport","Coppermine","67.816704","-115.143997"
"YCT","CYCT","Coronation Airport","Coronation","52.0750007629","-111.444999695"
"YCW","CYCW","Chilliwack Airport","Chilliwack","49.1528015137","-121.939002991"
"YCY","CYCY","Clyde River Airport","Clyde River","70.4860992432","-68.5167007446"
"YZS","CYZS","Coral Harbour Airport","Coral Harbour","64.1932983398","-83.3593978882"
"YDA","CYDA","Dawson City Airport","Dawson","64.04309844970703","-139.1280059814453"
"YDB","CYDB","Burwash Airport","Burwash","61.37110137939453","-139.04100036621094"
"\N","","Princeton Airport","Princeton","49.4681015015","-120.511001587"
"YDF","CYDF","Deer Lake Airport","Deer Lake","49.21080017089844","-57.39139938354492"
"YDL","CYDL","Dease Lake Airport","Dease Lake","58.4221992493","-130.031997681"
"YDN","CYDN","Dauphin Barker Airport","Dauphin","51.100799560546875","-100.052001953125"
"YDQ","CYDQ","Dawson Creek Airport","Dawson Creek","55.7422981262207","-120.18299865722656"
"YEG","CYEG","Edmonton International Airport","Edmonton","53.309700012200004","-113.580001831"
"YEK","CYEK","Arviat Airport","Eskimo Point","61.0942001343","-94.07080078119999"
"YEN","CYEN","Estevan Airport","Estevan","49.2103004456","-102.966003418"
"YET","CYET","Edson Airport","Edson","53.578899383499994","-116.464996338"
"YEU","CYEU","Eureka Airport","Eureka","79.9946975708","-85.814201355"
"YEV","CYEV","Inuvik Mike Zubko Airport","Inuvik","68.30419921880001","-133.483001709"
"YFB","CYFB","Iqaluit Airport","Iqaluit","63.756402","-68.555801"
"YFC","CYFC","Fredericton Airport","Fredericton","45.868900299072266","-66.53720092773438"
"YFE","CYFE","Forestville Airport","Forestville","48.74610137939453","-69.09719848632812"
"YFO","CYFO","Flin Flon Airport","Flin Flon","54.6781005859375","-101.68199920654297"
"YFR","CYFR","Fort Resolution Airport","Fort Resolution","61.1808013916","-113.690002441"
"YFS","CYFS","Fort Simpson Airport","Fort Simpson","61.76020050048828","-121.23699951171875"
"YGK","CYGK","Kingston Norman Rogers Airport","Kingston","44.22529983520508","-76.5969009399414"
"YGL","CYGL","La Grande Rivière Airport","La Grande Riviere","53.625301361083984","-77.7042007446289"
"YGP","CYGP","Gaspé (Michel-Pouliot) Airport","Gaspe","48.7752990723","-64.4785995483"
"YGQ","CYGQ","Geraldton Greenstone Regional Airport","Geraldton","49.77830123901367","-86.93939971923828"
"YGR","CYGR","Îles-de-la-Madeleine Airport","Iles De La Madeleine","47.42470169067383","-61.778099060058594"
"YHB","CYHB","Hudson Bay Airport","Hudson Bay","52.8166999817","-102.310997009"
"YHD","CYHD","Dryden Regional Airport","Dryden","49.831699","-92.744202"
"YHI","CYHI","Ulukhaktok Holman Airport","Holman Island","70.76280212402344","-117.80599975585938"
"YHK","CYHK","Gjoa Haven Airport","Gjoa Haven","68.635597229","-95.84970092770001"
"YHM","CYHM","John C. Munro Hamilton International Airport","Hamilton","43.173599243199995","-79.93499755859999"
"YHU","CYHU","Montréal / Saint-Hubert Airport","Montreal","45.5175018311","-73.4169006348"
"YHY","CYHY","Hay River / Merlyn Carter Airport","Hay River","60.8396987915","-115.782997131"
"YHZ","CYHZ","Halifax / Stanfield International Airport","Halifax","44.8807983398","-63.5085983276"
"YIB","CYIB","Atikokan Municipal Airport","Atikokan","48.7738990784","-91.6386032104"
"YIO","CYIO","Pond Inlet Airport","Pond Inlet","72.6832962036","-77.9666976929"
"YJN","CYJN","St Jean Airport","St. Jean","45.29439926147461","-73.28109741210938"
"YJT","CYJT","Stephenville Airport","Stephenville","48.5442008972168","-58.54999923706055"
"YKA","CYKA","Kamloops Airport","Kamloops","50.7022018433","-120.444000244"
"YKF","CYKF","Waterloo Airport","Waterloo","43.460800170899994","-80.3786010742"
"YKL","CYKL","Schefferville Airport","Schefferville","54.805301666259766","-66.8052978515625"
"YKY","CYKY","Kindersley Airport","Kindersley","51.5175018311","-109.180999756"
"YKZ","","Buttonville Municipal Airport","Toronto","43.86220169067383","-79.37000274658203"
"YLD","CYLD","Chapleau Airport","Chapleau","47.81999969482422","-83.3467025756836"
"YLJ","CYLJ","Meadow Lake Airport","Meadow Lake","54.125301361083984","-108.52300262451172"
"YLL","CYLL","Lloydminster Airport","Lloydminster","53.309200286865234","-110.072998046875"
"YLT","CYLT","Alert Airport","Alert","82.51779937740001","-62.2806015015"
"YLW","CYLW","Kelowna International Airport","Kelowna","49.9561004639","-119.377998352"
"YMA","CYMA","Mayo Airport","Mayo","63.61640167236328","-135.8679962158203"
"YMJ","CYMJ","Moose Jaw Air Vice Marshal C. M. McEwen Airport","Moose Jaw","50.330299377441406","-105.55899810791016"
"YMM","CYMM","Fort McMurray Airport","Fort Mcmurray","56.653301239","-111.222000122"
"YMO","CYMO","Moosonee Airport","Moosonee","51.291099548339844","-80.60780334472656"
"YMW","CYMW","Maniwaki Airport","Maniwaki","46.2728004456","-75.9906005859"
"YMX","CYMX","Montreal International (Mirabel) Airport","Montreal","45.679501","-74.038696"
"YNA","CYNA","Natashquan Airport","Natashquan","50.189998626708984","-61.78919982910156"
"YND","CYND","Ottawa / Gatineau Airport","Gatineau","45.521701812699995","-75.5635986328"
"YNM","CYNM","Matagami Airport","Matagami","49.76169967651367","-77.80280303955078"
"YOC","CYOC","Old Crow Airport","Old Crow","67.57060241699219","-139.83900451660156"
"YOD","CYOD","CFB Cold Lake","Cold Lake","54.404998779296875","-110.27899932861328"
"YOJ","CYOJ","High Level Airport","High Level","58.62139892578125","-117.16500091552734"
"YOW","CYOW","Ottawa Macdonald-Cartier International Airport","Ottawa","45.3224983215332","-75.66919708251953"
"YPA","CYPA","Prince Albert Glass Field","Prince Albert","53.214199066199996","-105.672996521"
"YPE","CYPE","Peace River Airport","Peace River","56.226898","-117.446999"
"YPG","CYPG","Southport Airport","Portage-la-prairie","49.903099","-98.273817"
"\N","","Pitt Meadows Airport","Pitt Meadows","49.21609878540039","-122.70999908447266"
"YPL","CYPL","Pickle Lake Airport","Pickle Lake","51.4463996887207","-90.21420288085938"
"YPN","CYPN","Port Menier Airport","Port Menier","49.83639907836914","-64.2885971069336"
"YPQ","CYPQ","Peterborough Airport","Peterborough","44.22999954223633","-78.36329650878906"
"YPR","CYPR","Prince Rupert Airport","Prince Pupert","54.286098480199996","-130.445007324"
"YPY","CYPY","Fort Chipewyan Airport","Fort Chipewyan","58.7672004699707","-111.11699676513672"
"YQA","CYQA","Muskoka Airport","Muskoka","44.974700927734375","-79.30329895019531"
"YQB","CYQB","Quebec Jean Lesage International Airport","Quebec","46.7911","-71.393303"
"YQF","CYQF","Red Deer Regional Airport","Red Deer Industrial","52.18220138549805","-113.89399719238281"
"YQG","CYQG","Windsor Airport","Windsor","42.27560043334961","-82.95559692382812"
"YQH","CYQH","Watson Lake Airport","Watson Lake","60.11640167236328","-128.82200622558594"
"YQK","CYQK","Kenora Airport","Kenora","49.788299560546875","-94.36309814453125"
"YQL","CYQL","Lethbridge County Airport","Lethbridge","49.6302986145","-112.800003052"
"YQM","CYQM","Greater Moncton International Airport","Moncton","46.11220169067383","-64.67859649658203"
"YQQ","CYQQ","Comox Airport","Comox","49.71080017089844","-124.88700103759766"
"YQR","CYQR","Regina International Airport","Regina","50.43190002441406","-104.66600036621094"
"YQT","CYQT","Thunder Bay Airport","Thunder Bay","48.37189865112305","-89.32389831542969"
"YQU","CYQU","Grande Prairie Airport","Grande Prairie","55.1796989441","-118.885002136"
"YQV","CYQV","Yorkton Municipal Airport","Yorkton","51.26470184326172","-102.46199798583984"
"YQW","CYQW","North Battleford Airport","North Battleford","52.76919937133789","-108.24400329589844"
"YQX","CYQX","Gander International Airport","Gander","48.9369010925293","-54.56809997558594"
"YQY","CYQY","Sydney / J.A. Douglas McCurdy Airport","Sydney","46.1614","-60.047798"
"YQZ","CYQZ","Quesnel Airport","Quesnel","53.026100158691406","-122.51000213623047"
"YRB","CYRB","Resolute Bay Airport","Resolute","74.7169036865","-94.9693984985"
"YRI","CYRI","Rivière-du-Loup Airport","Riviere Du Loup","47.764400482177734","-69.58470153808594"
"YRJ","CYRJ","Roberval Airport","Roberval","48.52000045776367","-72.2656021118164"
"YRM","CYRM","Rocky Mountain House Airport","Rocky Mountain House","52.4296989441","-114.903999329"
"YRT","CYRT","Rankin Inlet Airport","Rankin Inlet","62.8114013672","-92.1157989502"
"YSB","CYSB","Sudbury Airport","Sudbury","46.625","-80.79889678955078"
"YSC","CYSC","Sherbrooke Airport","Sherbrooke","45.4385986328125","-71.69139862060547"
"YSJ","CYSJ","Saint John Airport","St. John","45.31610107421875","-65.89029693603516"
"YSM","CYSM","Fort Smith Airport","Fort Smith","60.020301818847656","-111.96199798583984"
"YSR","","Nanisivik Airport","Nanisivik","72.982201","-84.613602"
"YSU","CYSU","Summerside Airport","Summerside","46.44060134887695","-63.83359909057617"
"YSY","CYSY","Sachs Harbour (David Nasogaluak Jr. Saaryuaq) Airport","Sachs Harbour","71.9938964844","-125.242996216"
"YTE","CYTE","Cape Dorset Airport","Cape Dorset","64.2300033569","-76.5267028809"
"YTH","CYTH","Thompson Airport","Thompson","55.80110168457031","-97.86419677734375"
"YTR","CYTR","CFB Trenton","Trenton","44.118900299072266","-77.5280990600586"
"YTS","CYTS","Timmins/Victor M. Power","Timmins","48.569698333699996","-81.376701355"
"YTZ","CYTZ","Billy Bishop Toronto City Centre Airport","Toronto","43.627499","-79.396202"
"YUB","CYUB","Tuktoyaktuk Airport","Tuktoyaktuk","69.43329620361328","-133.0260009765625"
"YUL","CYUL","Montreal / Pierre Elliott Trudeau International Airport","Montreal","45.4706001282","-73.7407989502"
"YUT","CYUT","Repulse Bay Airport","Repulse Bay","66.5214004517","-86.22470092770001"
"YUX","CYUX","Hall Beach Airport","Hall Beach","68.77610015869999","-81.2425"
"YUY","CYUY","Rouyn Noranda Airport","Rouyn","48.20610046386719","-78.83560180664062"
"YVC","CYVC","La Ronge Airport","La Ronge","55.151401519800004","-105.262001038"
"YVG","CYVG","Vermilion Airport","Vermillion","53.355800628699996","-110.823997498"
"YVM","CYVM","Qikiqtarjuaq Airport","Broughton Island","67.5457992554","-64.03140258789999"
"YVO","CYVO","Val-d'Or Airport","Val D'or","48.0532989502","-77.7827987671"
"YVP","CYVP","Kuujjuaq Airport","Quujjuaq","58.096099853515625","-68.4269027709961"
"YVQ","CYVQ","Norman Wells Airport","Norman Wells","65.28160095214844","-126.7979965209961"
"YVR","CYVR","Vancouver International Airport","Vancouver","49.193901062","-123.183998108"
"YVT","CYVT","Buffalo Narrows Airport","Buffalo Narrows","55.8418998718","-108.417999268"
"YVV","CYVV","Wiarton Airport","Wiarton","44.7458","-81.107201"
"YWA","CYWA","Petawawa Airport","Petawawa","45.95220184326172","-77.31919860839844"
"YWG","CYWG","Winnipeg / James Armstrong Richardson International Airport","Winnipeg","49.909999847399995","-97.2398986816"
"YWK","CYWK","Wabush Airport","Wabush","52.92190170288086","-66.8644027709961"
"YWL","CYWL","Williams Lake Airport","Williams Lake","52.1831016541","-122.054000854"
"YWY","CYWY","Wrigley Airport","Wrigley","63.20940017700195","-123.43699645996094"
"YXC","CYXC","Cranbrook/Canadian Rockies International Airport","Cranbrook","49.610801696777","-115.78199768066"
"YXD","","Edmonton City Centre (Blatchford Field) Airport","Edmonton","53.5724983215","-113.521003723"
"YXE","CYXE","Saskatoon John G. Diefenbaker International Airport","Saskatoon","52.170799255371094","-106.69999694824219"
"YXH","CYXH","Medicine Hat Airport","Medicine Hat","50.01890182495117","-110.72100067138672"
"YXJ","CYXJ","Fort St John Airport","Fort Saint John","56.23809814453125","-120.73999786376953"
"YXL","CYXL","Sioux Lookout Airport","Sioux Lookout","50.11389923095703","-91.9052963256836"
"YXP","CYXP","Pangnirtung Airport","Pangnirtung","66.1449966431","-65.71360015869999"
"YXR","CYXR","Earlton (Timiskaming Regional) Airport","Earlton","47.697400654599996","-79.8473453522"
"YXS","CYXS","Prince George Airport","Prince George","53.8894004822","-122.679000854"
"YXT","CYXT","Northwest Regional Airport Terrace-Kitimat","Terrace","54.468498","-128.576009"
"YXU","CYXU","London Airport","London","43.035599","-81.1539"
"YXX","CYXX","Abbotsford Airport","Abbotsford","49.025299072265625","-122.36100006103516"
"YXY","CYXY","Whitehorse / Erik Nielsen International Airport","Whitehorse","60.7095985413","-135.067001343"
"YYB","CYYB","North Bay Jack Garland Airport","North Bay","46.363602","-79.422798"
"YYC","CYYC","Calgary International Airport","Calgary","51.113899231","-114.019996643"
"YYD","CYYD","Smithers Airport","Smithers","54.82469940185547","-127.18299865722656"
"YYE","CYYE","Fort Nelson Airport","Fort Nelson","58.8363990784","-122.597000122"
"YYF","CYYF","Penticton Airport","Penticton","49.46310043334961","-119.60199737548828"
"YYG","CYYG","Charlottetown Airport","Charlottetown","46.290000915527344","-63.12110137939453"
"YYH","CYYH","Taloyoak Airport","Spence Bay","69.5466995239","-93.5766983032"
"YYJ","CYYJ","Victoria International Airport","Victoria","48.646900177","-123.426002502"
"YYL","CYYL","Lynn Lake Airport","Lynn Lake","56.86389923095703","-101.07599639892578"
"YYN","CYYN","Swift Current Airport","Swift Current","50.291900634799994","-107.691001892"
"YYQ","CYYQ","Churchill Airport","Churchill","58.739200592041016","-94.06500244140625"
"YYR","CYYR","Goose Bay Airport","Goose Bay","53.3191986084","-60.4258003235"
"YYT","CYYT","St. John's International Airport","St. John's","47.618598938","-52.7518997192"
"YYU","CYYU","Kapuskasing Airport","Kapuskasing","49.41389846801758","-82.46749877929688"
"YYW","CYYW","Armstrong Airport","Armstrong","50.29029846191406","-88.90969848632812"
"YYY","CYYY","Mont Joli Airport","Mont Joli","48.60860061645508","-68.20809936523438"
"YYZ","CYYZ","Lester B. Pearson International Airport","Toronto","43.6772003174","-79.63059997559999"
"YZD","","Downsview Airport","Toronto","43.74250030517578","-79.4655990600586"
"YZE","CYZE","Gore Bay Manitoulin Airport","Gore Bay","45.88529968261719","-82.56780242919922"
"YZF","CYZF","Yellowknife Airport","Yellowknife","62.462799072265625","-114.44000244140625"
"YZH","CYZH","Slave Lake Airport","Slave Lake","55.2930984497","-114.777000427"
"YZP","CYZP","Sandspit Airport","Sandspit","53.25429916379999","-131.813995361"
"YZR","CYZR","Chris Hadfield Airport","Sarnia","42.9994010925293","-82.30889892578125"
"YZT","CYZT","Port Hardy Airport","Port Hardy","50.680599212646484","-127.36699676513672"
"YZU","CYZU","Whitecourt Airport","Whitecourt","54.14390182495117","-115.78700256347656"
"YZV","CYZV","Sept-Îles Airport","Sept-iles","50.22330093383789","-66.2656021118164"
"YZW","CYZW","Teslin Airport","Teslin","60.17279815673828","-132.7429962158203"
"YZX","CYZX","CFB Greenwood","Greenwood","44.98440170288086","-64.91690063476562"
"ZFA","CZFA","Faro Airport","Faro","62.20750045776367","-133.37600708007812"
"ZFM","CZFM","Fort Mcpherson Airport","Fort Mcpherson","67.40750122070312","-134.86099243164062"
"QLD","","Blida Airport","Blida","36.50360107421875","2.8141698837280273"
"BUJ","DAAD","Bou Saada Airport","Bou Saada","35.33250045776367","4.206389904022217"
"BJA","DAAE","Soummam Airport","Bejaja","36.7120018005","5.0699200630200005"
"ALG","DAAG","Houari Boumediene Airport","Algier","36.691001892089844","3.215409994125366"
"DJG","DAAJ","Djanet Inedbirene Airport","Djanet","24.292801","9.45244"
"\N","","Boufarik Airport","Boufarik","36.545799","2.87611"
"\N","","Reggane Airport","Reggan","26.7101","0.285647"
"VVZ","DAAP","Illizi Takhamalt Airport","Illizi","26.7234992981","8.62265014648"
"\N","","Ain Oussera Airport","Ain Oussera","35.52539825439453","2.8787100315093994"
"TMR","DAAT","Aguenar – Hadj Bey Akhamok Airport","Tamanrasset","22.8115005493","5.45107984543"
"GJL","DAAV","Jijel Ferhat Abbas Airport","Jijel","36.7951011658","5.87361001968"
"MZW","DAAY","Mecheria Airport","Mecheria","33.535900116","-0.242353007197"
"\N","","Relizane Airport","Relizane","35.752201","0.626272"
"AAE","DABB","Rabah Bitat Airport","Annaba","36.822201","7.809174"
"CZL","DABC","Mohamed Boudiaf International Airport","Constantine","36.2760009765625","6.620389938354492"
"TEE","DABS","Cheikh Larbi Tébessi Airport","Tebessa","35.4315986633","8.12071990967"
"HRM","DAFH","Hassi R'Mel Airport","Tilrempt","32.93040084838867","3.311539888381958"
"TID","DAOB","Bou Chekif Airport","Tiaret","35.3410987854","1.46315002441"
"\N","","Bou Sfer Airport","Bou Sfer","35.73540115356445","-0.8053889870643616"
"TIN","DAOF","Tindouf Airport","Tindouf","27.7003993988","-8.167099952700001"
"CFK","DAOI","Ech Cheliff Airport","Ech-cheliff","36.2126998901","1.33176994324"
"TAF","DAOL","Tafaraoui Airport","Oran","35.54240036010742","-0.5322780013084412"
"TLM","DAON","Zenata – Messali El Hadj Airport","Tlemcen","35.0167007446","-1.45000004768"
"ORN","DAOO","Es Senia Airport","Oran","35.6239013672","-0.6211829781529999"
"BFW","DAOS","Sidi Bel Abbes Airport","Sidi Bel Abbes","35.1717987061","-0.593275010586"
"MUW","DAOV","Ghriss Airport","Ghriss","35.207698822021484","0.14714199304580688"
"AZR","DAUA","Touat Cheikh Sidi Mohamed Belkebir Airport","Adrar","27.837600708007812","-0.18641400337219238"
"BSK","DAUB","Biskra Airport","Biskra","34.793300628699996","5.73823022842"
"ELG","DAUE","El Golea Airport","El Golea","30.571300506591797","2.8595900535583496"
"GHA","DAUG","Noumérat - Moufdi Zakaria Airport","Ghardaia","32.38410186767578","3.794110059738159"
"HME","DAUH","Oued Irara Airport","Hassi Messaoud","31.673000335699996","6.140439987180001"
"INZ","DAUI","In Salah Airport","In Salah","27.250999450699997","2.51202011108"
"TGR","DAUK","Touggourt Sidi Madhi Airport","Touggourt","33.06779861450195","6.088669776916504"
"LOO","DAUL","Laghouat Airport","Laghouat","33.764400482199996","2.92833995819"
"TMX","DAUT","Timimoun Airport","Timimoun","29.2371006012","0.276033014059"
"OGX","DAUU","Ain el Beida Airport","Ouargla","31.917200088500977","5.412779808044434"
"IAM","DAUZ","In Aménas Airport","Zarzaitine","28.0515","9.64291"
"COO","DBBB","Cadjehoun Airport","Cotonou","6.357230186462402","2.384350061416626"
"OUA","DFFD","Ouagadougou Airport","Ouagadougou","12.3532","-1.51242"
"BOY","DFOO","Bobo Dioulasso Airport","Bobo-dioulasso","11.160099983215332","-4.33096981048584"
"ACC","DGAA","Kotoka International Airport","Accra","5.605189800262451","-0.16678600013256073"
"TML","DGLE","Tamale Airport","Tamale","9.55718994140625","-0.8632140159606934"
"\N","","Wa Airport","Wa","10.0826997756958","-2.507689952850342"
"NYI","DGSN","Sunyani Airport","Sunyani","7.361830234527588","-2.3287599086761475"
"TKD","DGTK","Takoradi Airport","Takoradi","4.896059989929199","-1.7747600078582764"
"ABJ","DIAP","Port Bouet Airport","Abidjan","5.261390209197998","-3.9262900352478027"
"BYK","DIBK","Bouaké Airport","Bouake","7.738800048828125","-5.073669910430908"
"DJO","DIDL","Daloa Airport","Daloa","6.792809963226318","-6.473189830780029"
"HGO","DIKO","Korhogo Airport","Korhogo","9.38718032837","-5.55666017532"
"MJC","DIMN","Man Airport","Man","7.272069931030273","-7.58735990524292"
"SPY","DISP","San Pedro Airport","San Pedro","4.746719837188721","-6.660820007324219"
"ASK","DIYO","Yamoussoukro Airport","Yamoussoukro","6.9031701088","-5.36558008194"
"ABV","DNAA","Nnamdi Azikiwe International Airport","Abuja","9.006790161132812","7.263169765472412"
"AKR","DNAK","Akure Airport","Akure","7.246739864349365","5.3010101318359375"
"BNI","DNBE","Benin Airport","Benin","6.316979885101318","5.5995001792907715"
"CBQ","DNCA","Margaret Ekpo International Airport","Calabar","4.976019859313965","8.347200393676758"
"ENU","DNEN","Akanu Ibiam International Airport","Enugu","6.474269866943359","7.561960220336914"
"\N","","Gusau Airport","Gusau","12.1717","6.69611"
"IBA","DNIB","Ibadan Airport","Ibadan","7.362460136413574","3.97832989692688"
"ILR","DNIL","Ilorin International Airport","Ilorin","8.440210342407227","4.493919849395752"
"JOS","DNJO","Yakubu Gowon Airport","Jos","9.639829635620117","8.869050025939941"
"KAD","DNKA","Kaduna Airport","Kaduna","10.696000099182129","7.320109844207764"
"KAN","DNKN","Mallam Aminu International Airport","Kano","12.0476","8.52462"
"MIU","DNMA","Maiduguri International Airport","Maiduguri","11.855299949645996","13.080900192260742"
"MDI","DNMK","Makurdi Airport","Makurdi","7.70388","8.61394"
"LOS","DNMM","Murtala Muhammed International Airport","Lagos","6.5773701667785645","3.321160078048706"
"MXJ","DNMN","Minna Airport","Minna","9.652170181274414","6.462259769439697"
"PHC","DNPO","Port Harcourt International Airport","Port Hartcourt","5.0154900550842285","6.94959020614624"
"SKO","DNSO","Sadiq Abubakar III International Airport","Sokoto","12.916299819946289","5.207190036773682"
"YOL","DNYO","Yola Airport","Yola","9.257550239562988","12.430399894714355"
"ZAR","DNZA","Zaria Airport","Zaria","11.1302","7.68581"
"MFQ","DRRM","Maradi Airport","Maradi","13.5024995803833","7.1267499923706055"
"NIM","DRRN","Diori Hamani International Airport","Niamey","13.4815","2.18361"
"THZ","DRRT","Tahoua Airport","Tahoua","14.875699996948242","5.265359878540039"
"AJY","DRZA","Mano Dayak International Airport","Agadez","16.965999603271484","8.000109672546387"
"\N","","Dirkou Airport","Dirkou","18.968700408935547","12.86870002746582"
"\N","","Diffa Airport","Diffa","13.372900009155273","12.626700401306152"
"ZND","DRZR","Zinder Airport","Zinder","13.779000282287598","8.983759880065918"
"MIR","DTMB","Monastir Habib Bourguiba International Airport","Monastir","35.75809860229492","10.75469970703125"
"TUN","DTTA","Tunis Carthage International Airport","Tunis","36.85100173950195","10.22719955444336"
"\N","","Sidi Ahmed Air Base","Bizerte","37.245398","9.79145"
"\N","","Remada Air Base","Remada","32.30619812011719","10.382100105285645"
"GAF","DTTF","Gafsa Ksar International Airport","Gafsa","34.422000885009766","8.822500228881836"
"GAE","DTTG","Gabès Matmata International Airport","Gabes","33.87689971923828","10.103300094604492"
"\N","","Borj El Amri Airport","Bordj El Amri","36.72129821777344","9.94314956665039"
"DJE","DTTJ","Djerba Zarzis International Airport","Djerba","33.875","10.775500297546387"
"EBM","DTTR","El Borma Airport","El Borma","31.704299926757812","9.254619598388672"
"SFA","DTTX","Sfax Thyna International Airport","Sfax","34.71799850463867","10.690999984741211"
"TOE","DTTZ","Tozeur Nefta International Airport","Tozeur","33.939701080322266","8.110560417175293"
"LRL","DXNG","Niamtougou International Airport","Niatougou","9.767330169677734","1.091249942779541"
"LFW","DXXX","Lomé-Tokoin Airport","Lome","6.165609836578369","1.2545100450515747"
"ANR","EBAW","Antwerp International Airport (Deurne)","Antwerp","51.1893997192","4.46027994156"
"\N","","Beauvechain Air Base","Beauvechain","50.75859832763672","4.768330097198486"
"\N","","Kleine Brogel Air Base","Kleine Brogel","51.168301","5.47"
"BRU","EBBR","Brussels Airport","Brussels","50.901401519800004","4.48443984985"
"\N","","Jehonville Air Base","Bertrix","49.891700744628906","5.2238898277282715"
"CRL","EBCI","Brussels South Charleroi Airport","Charleroi","50.459202","4.45382"
"\N","","Chièvres Air Base","Chievres","50.575801849365234","3.8310000896453857"
"\N","","Koksijde Air Base","Koksijde","51.090301513671875","2.652780055999756"
"\N","","Florennes Air Base","Florennes","50.2433013916","4.64583015442"
"KJK","EBKT","Wevelgem Airport","Kortrijk-vevelgem","50.817199707","3.20472002029"
"LGG","EBLG","Liège Airport","Liege","50.63740158081055","5.443220138549805"
"OST","EBOS","Ostend-Bruges International Airport","Ostend","51.198898315399994","2.8622200489"
"\N","","Zutendaal Air Base","Zutendaal","50.9474983215332","5.590559959411621"
"\N","","Brustem Airfield Sint Truiden","Sint-truiden","50.791901","5.20167"
"\N","","Saint Hubert Air Base","St.-hubert","50.034400939941406","5.440810203552246"
"\N","","Ursel Air Base","Ursel","51.14419937133789","3.475559949874878"
"\N","","Weelde Air Base","Weelde","51.394798278808594","4.9601898193359375"
"OBL","EBZR","Zoersel (Oostmalle) Airfield","Zoersel","51.264702","4.75333"
"\N","","Flugplatz Bautzen","Bautzen","51.193611","14.519722"
"AOC","EDAC","Altenburg-Nobitz Airport","Altenburg","50.981945","12.506389"
"\N","","Dessau Airfield","Dessau","51.831694","12.190962"
"\N","","Eisenhüttenstadt Airfield","Eisenhuettenstadt","52.195856","14.58753"
"\N","","Großenhain Airport","Suhl","51.30805587768555","13.555556297302246"
"\N","","Merseburg Airport","Muehlhausen","51.3630556","11.9408333"
"\N","","Halle-Oppin Airport","Halle","51.552223","12.053889"
"IES","EDAU","Riesa-Göhlis Airport","Riesa","51.2936096191","13.3561105728"
"REB","EDAX","Rechlin-Lärz Airport","Rechlin-laerz","53.306388855","12.7522220612"
"\N","","Strausberg Airport","Strausberg","52.5805549621582","13.916666984558105"
"QXH","","Schönhagen Airport","Schoenhagen","52.203609","13.156389"
"BBH","EDBH","Barth Airport","Barth","54.338253","12.710515"
"\N","","Jena-Schöngleina Airfield","Jena","50.915279","11.714444"
"\N","","Kyritz Airport","Kyritz","52.918888092041016","12.425277709960938"
"ZMG","","Magdeburg ""City"" Airport","Magdeburg","52.073612","11.626389"
"\N","","Rothenburg/Görlitz Airport","Rothenburg/ol","51.36333465576172","14.949999809265137"
"\N","","Anklam Airfield","Anklam","53.832779","13.668611"
"CBU","","Cottbus-Drewitz Airport","Cottbus","51.889442","14.531944"
"\N","","Kamenz Airport","Kamenz","51.29694366455078","14.1274995803833"
"SXF","","Berlin-Schönefeld Airport","Berlin","52.380001","13.5225"
"DRS","EDDC","Dresden Airport","Dresden","51.1328010559082","13.767200469970703"
"ERF","EDDE","Erfurt Airport","Erfurt","50.979801177978516","10.958100318908691"
"FRA","EDDF","Frankfurt am Main Airport","Frankfurt","50.033333","8.570556"
"FMO","EDDG","Münster Osnabrück Airport","Munster","52.134601593","7.68483018875"
"HAM","EDDH","Hamburg Airport","Hamburg","53.630401611328","9.9882297515869"
"THF","","Berlin-Tempelhof International Airport","Berlin","52.472999572753906","13.403900146484375"
"CGN","EDDK","Cologne Bonn Airport","Cologne","50.8658981323","7.1427397728"
"DUS","EDDL","Düsseldorf Airport","Duesseldorf","51.289501","6.76678"
"MUC","EDDM","Munich Airport","Munich","48.353802","11.7861"
"NUE","EDDN","Nuremberg Airport","Nuernberg","49.498699","11.078056"
"LEJ","EDDP","Leipzig/Halle Airport","Leipzig","51.423889","12.236389"
"SCN","EDDR","Saarbrücken Airport","Saarbruecken","49.214599609400004","7.10950994492"
"STR","EDDS","Stuttgart Airport","Stuttgart","48.689899444599995","9.22196006775"
"TXL","","Berlin-Tegel Airport","Berlin","52.5597","13.2877"
"HAJ","EDDV","Hannover Airport","Hannover","52.461101532","9.685079574580001"
"BRE","EDDW","Bremen Airport","Bremen","53.0475006104","8.78666973114"
"QEF","","Frankfurt-Egelsbach Airport","Egelsbach","49.959999","8.645833"
"HHN","EDFH","Frankfurt-Hahn Airport","Hahn","49.9487","7.26389"
"MHG","EDFM","Mannheim-City Airport","Mannheim","49.473057","8.514167"
"\N","","Allendorf/Eder Airport","Allendorf","51.03499984741211","8.680832862854004"
"\N","","Worms Airport","Worms","49.606945","8.368333"
"\N","","Mainz-Finthen Airport","Mainz","49.967499","8.147222"
"EIB","EDGE","Eisenach-Kindel Airport","Eisenach","50.991604","10.47973"
"SGE","EDGS","Siegerland Airport","Siegerland","50.707698822021484","8.082969665527344"
"XFW","EDHI","Hamburg-Finkenwerder Airport","Hamburg","53.5352783203125","9.835556030273438"
"KEL","EDHK","Kiel-Holtenau Airport","Kiel","54.37944412231445","10.145277976989746"
"LBC","EDHL","Lübeck Blankensee Airport","Luebeck","53.8054008484","10.7192001343"
"\N","","Flugplatz Dahlemer Binz","Dahlemer Binz","50.405555725","6.5288891792"
"\N","","Meinerzhagen Airport","Meinerzhagen","51.099998474121094","7.599999904632568"
"\N","","Arnsberg-Menden Airport","Arnsberg","51.483890533447266","7.8983330726623535"
"ESS","EDLE","Essen Mulheim Airport","Essen","51.40230178833008","6.9373297691345215"
"BFE","EDLI","Bielefeld Airport","Bielefeld","51.964722","8.544444"
"MGL","EDLN","Mönchengladbach Airport","Moenchengladbach","51.230278","6.504444"
"PAD","EDLP","Paderborn Lippstadt Airport","Paderborn","51.614101409899995","8.616319656369999"
"\N","","Stadtlohn-Vreden Airport","Stadtlohn","51.99583435058594","6.8405561447143555"
"DTM","EDLW","Dortmund Airport","Dortmund","51.51829910279999","7.61223983765"
"AGB","EDMA","Augsburg Airport","Augsburg","48.425278","10.931667"
"\N","","Biberach a.d. Riß Airfield","Biberach","48.111111","9.762778"
"\N","","Eggenfelden Airport","Eggenfelden","48.39611053466797","12.723610877990723"
"\N","","Mindelheim-Mattsies Airfield","Mindelheim","48.106945","10.525"
"OBF","EDMO","Oberpfaffenhofen Airport","Oberpfaffenhofen","48.081402","11.2831"
"RBM","EDMS","Straubing Airport","Straubing","48.90083312988281","12.516667366027832"
"\N","","Vilshofen Airport","Vilshofen","48.6349983215332","13.195555686950684"
"\N","","Leutkirch-Unterzeil Airport","Leutkirch","47.858890533447266","10.014166831970215"
"FDH","EDNY","Friedrichshafen Airport","Friedrichshafen","47.671298980699994","9.51148986816"
"SZW","","Schwerin Parchim Airport","Parchim","53.426998","11.7834"
"\N","","Stendal-Borstel Airport","Stendal","52.62888717651367","11.818611145019531"
"\N","","Aalen-Heidenheim/Elchingen Airport","Aalen-heidenheim","48.77777862548828","10.264721870422363"
"BYU","EDQD","Bayreuth Airport","Bayreuth","49.985001","11.64"
"URD","EDQE","Burg Feuerstein Airport","Burg Feuerstein","49.794166564941","11.133610725403"
"HOQ","EDQM","Hof-Plauen Airport","Hof","50.288612365722656","11.856389045715332"
"\N","","Haßfurt-Schweinfurt Airport","Hassfurt","50.0180549621582","10.529443740844727"
"\N","","Koblenz-Winningen Airfield","Koblenz","50.325558","7.528611"
"\N","","Trier-Föhren Airport","Trier","49.863888","6.7875"
"\N","","Speyer Airfield","Speyer","49.304722","8.451389"
"ZQW","EDRZ","Zweibrücken Airport","Zweibruecken","49.2094","7.40056"
"ZQL","","Donaueschingen-Villingen Airport","Donaueschingen","47.97333145139999","8.52222156525"
"\N","","Freiburg i. Br. Airport","Freiburg","48.022777557400005","7.83249998093"
"\N","","Mengen-Hohentengen Airport","Mengen","48.053890228271484","9.372777938842773"
"\N","","Adolf Würth Airport","Schwaebisch Hall","49.1183319092","9.783888816829998"
"\N","","Finsterwalde/Schacksdorf Airport","Soest","51.607498","13.743611"
"BWE","EDVE","Braunschweig-Wolfsburg Airport","Braunschweig","52.319199","10.5561"
"KSF","EDVK","Kassel-Calden Airport","Kassel","51.417273","9.384967"
"\N","","Hildesheim Airport","Hildesheim","52.18138885498047","9.946389198303223"
"BRV","","Bremerhaven Airport","Bremerhaven","53.506943","8.572778"
"EME","EDWE","Emden Airport","Emden","53.391109","7.2275"
"\N","","Leer-Papenburg Airport","Leer","53.271942138671875","7.441667079925537"
"WVN","EDWI","Wilhelmshaven-Mariensiel Airport","Wilhelmshaven","53.502220153808594","8.05222225189209"
"BMK","EDWR","Borkum Airport","Borkum","53.59639","6.709167"
"NRD","EDWY","Norderney Airport","Norderney","53.70694351196289","7.230000019073486"
"FLF","EDXF","Flensburg-Schäferhaus Airport","Flensburg","54.77333450317383","9.378889083862305"
"\N","","Rendsburg-Schachtholm Airport","Rendsburg","54.220001220703125","9.599444389343262"
"GWT","EDXW","Westerland Sylt Airport","Westerland","54.9132003784","8.34047031403"
"\N","","Ämari Air Base","Armari Air Force Base","59.26029968261719","24.208499908447266"
"KDL","EEKA","Kärdla Airport","Kardla","58.99079895019531","22.830699920654297"
"URE","EEKE","Kuressaare Airport","Kuressaare","58.22990036010742","22.50950050354004"
"EPU","EEPU","Pärnu Airport","Parnu","58.41899871826172","24.47279930114746"
"TLL","EETN","Lennart Meri Tallinn Airport","Tallinn-ulemiste International","59.41329956049999","24.832799911499997"
"TAY","EETU","Tartu Airport","Tartu","58.3074989319","26.690399169900004"
"ENF","EFET","Enontekio Airport","Enontekio","68.362602233887","23.424299240112"
"\N","","Eura Airport","Eura","61.1161003112793","22.201400756835938"
"KEV","EFHA","Halli Airport","Halli","61.856039","24.786686"
"HEM","","Helsinki Malmi Airport","Helsinki","60.254600524902344","25.042800903320312"
"HEL","EFHK","Helsinki Vantaa Airport","Helsinki","60.317199707031","24.963300704956"
"\N","","Hameenkyro Airport","Hameenkyro","61.689701080322266","23.073699951171875"
"\N","","Hanko Airport","Hanko","59.848899841308594","23.083599090576172"
"HYV","EFHV","Hyvinkää Airfield","Hyvinkaa","60.6543998718","24.8810997009"
"\N","","Kiikala Airport","Kikala","60.4625015259","23.6525001526"
"\N","","Immola Airport","Immola","61.24919891357422","28.90369987487793"
"KTQ","EFIT","Kitee Airport","Kitee","62.1661","30.073601"
"IVL","EFIV","Ivalo Airport","Ivalo","68.607299804688","27.405300140381"
"JOE","EFJO","Joensuu Airport","Joensuu","62.662899017334","29.607500076294"
"JYV","EFJY","Jyvaskyla Airport","Jyvaskyla","62.399501800537","25.678300857544"
"KAU","EFKA","Kauhava Airport","Kauhava","63.127102","23.051399"
"KEM","EFKE","Kemi-Tornio Airport","Kemi","65.778701782227","24.582099914551"
"KAJ","EFKI","Kajaani Airport","Kajaani","64.285499572754","27.692399978638"
"KHJ","EFKJ","Kauhajoki Airport","Kauhajoki","62.4625015259","22.3931007385"
"KOK","EFKK","Kokkola-Pietarsaari Airport","Kruunupyy","63.721199035645","23.143100738525"
"\N","","Kemijarvi Airport","Kemijarvi","66.712898","27.156799"
"KAO","EFKS","Kuusamo Airport","Kuusamo","65.987602233887","29.239400863647"
"KTT","EFKT","Kittilä Airport","Kittila","67.700996398926","24.846799850464"
"KUO","EFKU","Kuopio Airport","Kuopio","63.007099151611","27.797800064087"
"QLF","","Lahti Vesivehmaa Airport","Vesivehmaa","61.144199","25.693501"
"LPP","EFLP","Lappeenranta Airport","Lappeenranta","61.044601","28.144743"
"MHQ","EFMA","Mariehamn Airport","Mariehamn","60.122200012207","19.898199081421"
"\N","","Menkijarvi Airport","Menkijarvi","62.94670104980469","23.51889991760254"
"MIK","EFMI","Mikkeli Airport","Mikkeli","61.6866","27.201799"
"\N","","Nummela Airport","Nummela","60.333900451699996","24.2964000702"
"OUL","EFOU","Oulu Airport","Oulu","64.930099487305","25.354600906372"
"\N","","Piikajarvi Airport","Piikajarvi","61.245601654052734","22.19339942932129"
"POR","EFPO","Pori Airport","Pori","61.461700439453","21.799999237061"
"\N","","Pudasjärvi Airport","Pudasjarvi","65.4021987915","26.946899414100002"
"\N","","Pyhäsalmi Airport","Pyhasalmi","63.7318992615","25.926300048799998"
"\N","","Raahe Pattijoki Airport","Pattijoki","64.6881027222","24.6958007812"
"\N","","Rantasalmi Airport","Rantasalmi","62.0654983521","28.3565006256"
"RVN","EFRO","Rovaniemi Airport","Rovaniemi","66.564796447754","25.830400466919"
"\N","","Rayskala Airport","Rayskala","60.74470138549805","24.107799530029297"
"SVL","EFSA","Savonlinna Airport","Savonlinna","61.943099975586","28.945100784302"
"\N","","Selanpaa Airport","Selanpaa","61.062400817871094","26.798900604248047"
"SOT","EFSO","Sodankyla Airport","Sodankyla","67.3949966431","26.6191005707"
"TMP","EFTP","Tampere-Pirkkala Airport","Tampere","61.414100646973","23.604400634766"
"\N","","Teisko Airport","Teisko","61.7733","24.027"
"TKU","EFTU","Turku Airport","Turku","60.514099121094","22.262800216675"
"UTI","EFUT","Utti Air Base","Utti","60.89640045166","26.938400268555"
"VAA","EFVA","Vaasa Airport","Vaasa","63.050701141357","21.762199401855"
"VRK","EFVR","Varkaus Airport","Varkaus","62.171100616455","27.868600845337"
"YLI","EFYL","Ylivieska Airfield","Ylivieska-raudaskyla","64.0547222","24.7252778"
"BFS","EGAA","Belfast International Airport","Belfast","54.6575012207","-6.2158298492399995"
"ENK","EGAB","St Angelo Airport","Enniskillen","54.39889907836914","-7.651669979095459"
"BHD","EGAC","George Best Belfast City Airport","Belfast","54.618099212646484","-5.872499942779541"
"LDY","EGAE","City of Derry Airport","Londonderry","55.04280090332031","-7.161109924316406"
"BHX","EGBB","Birmingham International Airport","Birmingham","52.453899383499994","-1.74802994728"
"CVT","EGBE","Coventry Airport","Coventry","52.3697013855","-1.4797199964499999"
"\N","","Leicester Airport","Leicester","52.6077995300293","-1.03193998336792"
"GLO","EGBJ","Gloucestershire Airport","Golouchestershire","51.89419937133789","-2.167220115661621"
"\N","","Wolverhampton Halfpenny Green Airport","Halfpenny Green","52.51750183105469","-2.2594399452209473"
"GBA","EGBP","Cotswold Airport","Pailton","51.668095","-2.05694"
"\N","","Turweston Airport","Turweston","52.0407981873","-1.09555995464"
"\N","","Wellesbourne Mountford Airport","Wellesbourne","52.19219970703125","-1.6144399642944336"
"MAN","EGCC","Manchester Airport","Manchester","53.35369873046875","-2.2749500274658203"
"\N","","Manchester Woodford Airport","Woodfort","53.3381","-2.14889"
"\N","","Royal Marines Base Chivenor Airport","Chivenor","51.08720016479492","-4.1503400802612305"
"NQY","EGHQ","Newquay Cornwall Airport","Newquai","50.44060134887695","-4.995409965515137"
"LYE","","RAF Lyneham","Lyneham","51.5051","-1.99343"
"\N","","MoD Boscombe Down Airport","Boscombe Down","51.152198791503906","-1.7474100589752197"
"\N","","RNAS Culdrose","Culdrose","50.08610153198242","-5.255710124969482"
"\N","","MoD St. Athan","St. Athan","51.4048","-3.43575"
"YEO","EGDY","RNAS Yeovilton","Yeovilton","51.0093994140625","-2.638819932937622"
"HAW","EGFE","Haverfordwest Airport","Haverfordwest","51.833099365234375","-4.9611101150512695"
"CWL","EGFF","Cardiff International Airport","Cardiff","51.39670181274414","-3.343329906463623"
"SWS","EGFH","Swansea Airport","Swansea","51.60530090332031","-4.0678300857543945"
"BRS","EGGD","Bristol Airport","Bristol","51.382702","-2.71909"
"LPL","EGGP","Liverpool John Lennon Airport","Liverpool","53.33359909057617","-2.849720001220703"
"LTN","EGGW","London Luton Airport","London","51.874698638916016","-0.36833301186561584"
"PLH","","Plymouth City Airport","Plymouth","50.422798","-4.10583"
"BOH","EGHH","Bournemouth Airport","Bournemouth","50.779998779296875","-1.8424999713897705"
"SOU","EGHI","Southampton Airport","Southampton","50.95029830932617","-1.3567999601364136"
"QLA","","Lasham Airport","Lasham","51.187198638916016","-1.0334999561309814"
"ACI","EGJA","Alderney Airport","Alderney","49.706104","-2.21472"
"GCI","EGJB","Guernsey Airport","Guernsey","49.435001373291016","-2.6019699573516846"
"JER","EGJJ","Jersey Airport","Jersey","49.20790100097656","-2.195509910583496"
"ESH","EGKA","Shoreham Airport","Shoreham By Sea","50.835602","-0.297222"
"BQH","EGKB","London Biggin Hill Airport","Biggin Hill","51.33079910279999","0.0324999988079"
"LGW","EGKK","London Gatwick Airport","London","51.148102","-0.190278"
"LCY","EGLC","London City Airport","London","51.505299","0.055278"
"FAB","EGLF","Farnborough Airport","Farnborough","51.2757987976","-0.776332974434"
"\N","","Chalgrove Airport","Chalsgrove","51.67610168457031","-1.0808299779891968"
"BBS","EGLK","Blackbushe Airport","Blackbushe","51.32389831542969","-0.8475000262260437"
"LHR","EGLL","London Heathrow Airport","London","51.4706","-0.461941"
"SEN","EGMC","Southend Airport","Southend","51.5713996887207","0.6955559849739075"
"LYX","EGMD","Lydd Airport","Lydd","50.95610046386719","0.9391670227050781"
"MSE","","Kent International Airport","Manston","51.342201","1.34611"
"\N","","Brough Airport","Brough","53.7197","-0.566333"
"CAX","EGNC","Carlisle Airport","Carlisle","54.9375","-2.8091700077056885"
"\N","","Retford Gamston Airport","Repton","53.280601501464844","-0.9513890147209167"
"BLK","EGNH","Blackpool International Airport","Blackpool","53.77170181274414","-3.0286099910736084"
"HUY","EGNJ","Humberside Airport","Humberside","53.57440185546875","-0.350832998752594"
"BWF","EGNL","Barrow Walney Island Airport","Barrow Island","54.1286111","-3.2675"
"LBA","EGNM","Leeds Bradford Airport","Leeds","53.86589813232422","-1.6605700254440308"
"WRT","EGNO","Warton Airport","Warton","53.745098","-2.88306"
"CEG","EGNR","Hawarden Airport","Hawarden","53.1781005859375","-2.9777801036834717"
"IOM","EGNS","Isle of Man Airport","Isle Of Man","54.08330154418945","-4.623889923095703"
"NCL","EGNT","Newcastle Airport","Newcastle","55.037498474121094","-1.6916699409484863"
"MME","EGNV","Durham Tees Valley Airport","Teesside","54.50920104980469","-1.4294099807739258"
"EMA","EGNX","East Midlands Airport","East Midlands","52.8311004639","-1.32806003094"
"\N","","Llanbedr Airport","Llanbedr","52.811698913574","-4.1235799789429"
"\N","","RAF Ternhill","Ternhill","52.87120056152344","-2.533560037612915"
"\N","","RAF Shawbury","Shawbury","52.79819869995117","-2.6680400371551514"
"\N","","RAF Woodvale","Woodvale","53.5816","-3.05552"
"KOI","EGPA","Kirkwall Airport","Kirkwall","58.957801818847656","-2.9049999713897705"
"LSI","EGPB","Sumburgh Airport","Sumburgh","59.87889862060547","-1.2955600023269653"
"WIC","EGPC","Wick Airport","Wick","58.458900451660156","-3.09306001663208"
"ABZ","EGPD","Aberdeen Dyce Airport","Aberdeen","57.201900482177734","-2.197779893875122"
"INV","EGPE","Inverness Airport","Inverness","57.54249954223633","-4.047500133514404"
"GLA","EGPF","Glasgow International Airport","Glasgow","55.8718986511","-4.43306016922"
"EDI","EGPH","Edinburgh Airport","Edinburgh","55.95000076293945","-3.372499942779541"
"ILY","EGPI","Islay Airport","Islay","55.68190002441406","-6.256669998168945"
"PIK","EGPK","Glasgow Prestwick Airport","Prestwick","55.5093994140625","-4.586669921875"
"BEB","EGPL","Benbecula Airport","Benbecula","57.48109817504883","-7.3627800941467285"
"SCS","","Scatsta Airport","Scatsta","60.43280029296875","-1.2961100339889526"
"DND","EGPN","Dundee Airport","Dundee","56.45249938964844","-3.025830030441284"
"SYY","EGPO","Stornoway Airport","Stornoway","58.215599060058594","-6.331110000610352"
"TRE","EGPU","Tiree Airport","Tiree","56.49919891357422","-6.869170188903809"
"ADX","EGQL","RAF Leuchars","Leuchars","56.37289810180664","-2.8684399127960205"
"LMO","EGQS","RAF Lossiemouth","Lossiemouth","57.7052001953125","-3.339169979095459"
"CBG","EGSC","Cambridge Airport","Cambridge","52.205002","0.175"
"\N","","Peterborough Business Airport","Peterborough","52.468101501464844","-0.2511110007762909"
"NWI","EGSH","Norwich International Airport","Norwich","52.6758003235","1.28278005123"
"STN","EGSS","London Stansted Airport","London","51.8849983215","0.234999999404"
"\N","","North Weald Airport","North Weald","51.721698761","0.154166996479"
"\N","","Sheffield City Heliport","Fowlmere","53.394299","-1.38849"
"\N","","Cranfield Airport","Cranfield","52.0722007751","-0.616666972637"
"EXT","EGTE","Exeter International Airport","Exeter","50.73440170288086","-3.4138898849487305"
"FZO","","Bristol Filton Airport","Bristol","51.5194015503","-2.59083008766"
"OXF","EGTK","Oxford (Kidlington) Airport","Oxford","51.8368988037","-1.32000005245"
"BEX","EGUB","RAF Benson","Benson","51.616401672399995","-1.09582996368"
"LKZ","EGUL","RAF Lakenheath","Lakenheath","52.409301757799994","0.56099998951"
"MHZ","EGUN","RAF Mildenhall","Mildenhall","52.361900329589844","0.48640599846839905"
"\N","","RAF Wattisham","Wattisham","52.1273002625","0.956264019012"
"QUY","EGUY","RAF Wyton","Wyton","52.3572006226","-0.107832998037"
"FFD","EGVA","RAF Fairford","Fairford","51.6822013855","-1.7900300025900002"
"BZZ","EGVN","RAF Brize Norton","Brize Norton","51.75","-1.58362"
"ODH","EGVO","RAF Odiham","Odiham","51.2341003418","-0.94282501936"
"\N","","DCAE Cosford Air Base","Cosford","52.639999","-2.30558"
"NHT","EGWU","RAF Northolt","Northolt","51.553001403799996","-0.418166995049"
"QCY","EGXC","RAF Coningsby","Coningsby","53.0929985046","-0.166014000773"
"\N","","RAF Dishforth","Dishforth","54.1371994019","-1.42025005817"
"\N","","Leeming Airport","Leeming","54.2924","-1.5354"
"\N","","Leeds East Airport","Church Fenton","53.834301","-1.1955"
"BEQ","EGXH","RAF Honington","Honington","52.34260177612305","0.7729390263557434"
"\N","","RAF Cottesmore","Cottesmore","52.735699","-0.648769"
"SQZ","","RAF Scampton","Scampton","53.307800293","-0.550832986832"
"\N","","RAF Wittering","Wittering","52.612598","-0.476453"
"HRT","","RAF Linton-On-Ouse","Linton-on-ouse","54.0489006042","-1.2527500391"
"WTN","EGXW","RAF Waddington","Waddington","53.1661987305","-0.523810982704"
"\N","","RAF Topcliffe","Topcliffe","54.205501556399994","-1.3820899725"
"\N","","RAF Cranwell","Cranwell","53.0303001404","-0.48324200511"
"\N","","RAF Barkston Heath","Barkston Heath","52.962200164799995","-0.561625003815"
"KNF","EGYM","RAF Marham","Marham","52.648395","0.550692"
"MPN","EGYP","Mount Pleasant Airport","Mount Pleasant","-51.82279968261719","-58.447200775146484"
"AMS","EHAM","Amsterdam Airport Schiphol","Amsterdam","52.308601","4.76389"
"\N","","Budel Airfield Kempen","Weert","51.255299","5.60139"
"MST","EHBK","Maastricht Aachen Airport","Maastricht","50.911701","5.77014"
"\N","","Deelen Air Base","Deelen","52.0606","5.87306"
"\N","","Drachten Airport","Drachten","53.1192016602","6.12972021103"
"EIN","EHEH","Eindhoven Airport","Eindhoven","51.4500999451","5.37452983856"
"GRQ","EHGG","Eelde Airport","Groningen","53.1197013855","6.57944011688"
"GLZ","EHGR","Gilze Rijen Air Base","Gilze-rijen","51.56740188598633","4.931829929351807"
"DHR","EHKD","De Kooy Airport","De Kooy","52.92340087890625","4.780620098114014"
"LEY","EHLE","Lelystad Airport","Lelystad","52.4603","5.52722"
"LWR","EHLW","Leeuwarden Air Base","Leeuwarden","53.228599548339844","5.760560035705566"
"RTM","EHRD","Rotterdam The Hague Airport","Rotterdam","51.956902","4.43722"
"UTC","","Soesterberg Air Base","Soesterberg","52.1273002625","5.27618980408"
"ENS","EHTW","Twente Airport","Enschede","52.275833","6.889167"
"LID","","Valkenburg Naval Air Base","Valkenburg","52.166099548300004","4.41794013977"
"WOE","EHWO","Woensdrecht Air Base","Woensdrecht","51.4491","4.34203"
"ORK","EICK","Cork Airport","Cork","51.84130096435547","-8.491109848022461"
"GWY","","Galway Airport","Galway","53.300201416015625","-8.941590309143066"
"DUB","EIDW","Dublin Airport","Dublin","53.421299","-6.27007"
"NOC","EIKN","Ireland West Knock Airport","Connaught","53.910301208496094","-8.818490028381348"
"KIR","EIKY","Kerry Airport","Kerry","52.18090057373047","-9.52377986907959"
"\N","","Casement Air Base","Casement","53.301700592","-6.451330184940001"
"SNN","EINN","Shannon Airport","Shannon","52.702","-8.92482"
"SXL","EISG","Sligo Airport","Sligo","54.280200958252","-8.5992097854614"
"WAT","EIWF","Waterford Airport","Waterford","52.187198638916016","-7.0869598388671875"
"AAR","EKAH","Aarhus Airport","Aarhus","56.2999992371","10.619000434899998"
"BLL","EKBI","Billund Airport","Billund","55.7402992249","9.15178012848"
"CPH","EKCH","Copenhagen Kastrup Airport","Copenhagen","55.617900848389","12.656000137329"
"EBJ","EKEB","Esbjerg Airport","Esbjerg","55.525902","8.5534"
"\N","","Grønholt Hillerød Airport","Gronholt","55.94139862060547","12.382200241088867"
"KRP","EKKA","Karup Airport","Karup","56.29750061035156","9.124629974365234"
"BYR","EKLS","Læsø Airport","Laeso","57.277198791503906","11.000100135803223"
"MRW","EKMB","Lolland Falster Maribo Airport","Maribo","54.699299","11.4401"
"ODE","EKOD","Odense Airport","Odense","55.47669982910156","10.330900192260742"
"\N","","Kruså-Padborg Airport","Krusa-padborg","54.87030029296875","9.279009819030762"
"RKE","EKRK","Copenhagen Roskilde Airport","Copenhagen","55.585601806640625","12.131400108337402"
"RNN","EKRN","Bornholm Airport","Ronne","55.06330108642578","14.759599685668945"
"SGD","EKSB","Sønderborg Airport","Soenderborg","54.96440124511719","9.791729927062988"
"SKS","EKSP","Skrydstrup Air Base","Skrydstrup","55.221048","9.26702"
"SQW","EKSV","Skive Airport","Skive","56.550201416015625","9.172980308532715"
"TED","EKTS","Thisted Airport","Thisted","57.06880187988281","8.705220222473145"
"\N","","Kolding Vamdrup Airfield","Kolding","55.436298","9.33092"
"FAE","EKVG","Vagar Airport","Vagar","62.0635986328125","-7.277219772338867"
"\N","","Vesthimmerlands Flyveplads","Vesthimmerland","56.846901","9.45861"
"STA","EKVJ","Stauning Airport","Stauning","55.9901008605957","8.353910446166992"
"AAL","EKYT","Aalborg Airport","Aalborg","57.0927589138","9.84924316406"
"LUX","ELLX","Luxembourg-Findel International Airport","Luxemburg","49.6233333","6.2044444"
"AES","ENAL","Ålesund Airport","Alesund","62.5625","6.119699954986572"
"ANX","ENAN","Andøya Airport","Andoya","69.292503356934","16.144199371338"
"ALF","ENAT","Alta Airport","Alta","69.976097106934","23.371700286865"
"\N","","Bømoen Airport","Voss","60.63890075683594","6.501500129699707"
"BNN","ENBN","Brønnøysund Airport","Bronnoysund","65.461097717285","12.217499732971"
"BOO","ENBO","Bodø Airport","Bodo","67.26920318603516","14.365300178527832"
"BGO","ENBR","Bergen Airport Flesland","Bergen","60.29339981","5.218140125"
"BJF","ENBS","Båtsfjord Airport","Batsfjord","70.60050201416","29.691400527954"
"KRS","ENCN","Kristiansand Airport","Kristiansand","58.204201","8.08537"
"DLD","","Geilo Airport Dagali","Geilo","60.417301177978516","8.518349647521973"
"BDU","ENDU","Bardufoss Airport","Bardufoss","69.055801391602","18.540399551392"
"EVE","ENEV","Harstad/Narvik Airport, Evenes","Harstad/Narvik","68.491302490234","16.678100585938"
"VDB","","Leirin Airport","Fagernes","61.015598297119","9.2880601882935"
"FRO","ENFL","Florø Airport","Floro","61.583599090576","5.0247201919556"
"OSL","ENGM","Oslo Lufthavn","Oslo","60.121","11.0502"
"HAU","ENHD","Haugesund Airport","Haugesund","59.34529876709","5.2083601951599"
"HAA","ENHK","Hasvik Airport","Hasvik","70.486701965332","22.139699935913"
"KSU","ENKB","Kristiansund Airport (Kvernberget)","Kristiansund","63.111801147461","7.824520111084"
"\N","","Kjeller Airport","Kjeller","59.9692993164","11.036100387600001"
"KKN","ENKR","Kirkenes Airport (Høybuktmoen)","Kirkenes","69.725799560547","29.891300201416"
"FAN","","Lista Airport","Farsund","58.0994987487793","6.626049995422363"
"MOL","ENML","Molde Airport","Molde","62.744701385498","7.2624998092651"
"MJF","ENMS","Mosjøen Airport (Kjærstad)","Mosjoen","65.783996582031","13.214900016785"
"LKL","ENNA","Banak Airport","Lakselv","70.068801879883","24.973499298096"
"NTB","ENNO","Notodden Airport","Notodden","59.565701","9.21222"
"OLA","ENOL","Ørland Airport","Orland","63.69889831542969","9.604000091552734"
"RRS","ENRO","Røros Airport","Roros","62.578399658203","11.342300415039"
"RYG","","Moss Airport, Rygge","Rygge","59.378817","10.785439"
"LYR","ENSB","Svalbard Airport, Longyear","Svalbard","78.246101379395","15.465600013733"
"SKE","","Skien Airport","Skien","59.185001373291016","9.566940307617188"
"SRP","ENSO","Stord Airport","Stord","59.791900634765625","5.340849876403809"
"SSJ","ENST","Sandnessjøen Airport (Stokka)","Sandnessjoen","65.956802368164","12.468899726868"
"TOS","ENTC","Tromsø Airport,","Tromso","69.68329620361328","18.918899536132812"
"TRF","ENTO","Sandefjord Airport, Torp","Sandefjord","59.1866989136","10.258600235"
"TRD","ENVA","Trondheim Airport Værnes","Trondheim","63.4578018","10.9239998"
"SVG","ENZV","Stavanger Airport Sola","Stavanger","58.876701354","5.6377801895"
"\N","","Babice Airport","Warsaw","52.26850128173828","20.910999298095703"
"GDN","EPGD","Gdańsk Lech Wałęsa Airport","Gdansk","54.377601623535156","18.46619987487793"
"KRK","EPKK","Kraków John Paul II International Airport","Krakow","50.077702","19.7848"
"\N","","Muchowiec Airport","Katowice","50.23809814453125","19.03420066833496"
"KTW","EPKT","Katowice International Airport","Katowice","50.4743","19.08"
"\N","","Mielec Airport","Mielec","50.32229995727539","21.462099075317383"
"POZ","EPPO","Poznań-Ławica Airport","Poznan","52.421001434299995","16.8262996674"
"RZE","EPRZ","Rzeszów-Jasionka Airport","Rzeszow","50.1100006104","22.0189990997"
"SZZ","EPSC","Szczecin-Goleniów ""Solidarność"" Airport","Szczecin","53.584701538100006","14.902199745199999"
"OSP","","Redzikowo Air Base","Slupsk","54.47890090942383","17.107500076293945"
"\N","","Swidwin Military Air Base","Shapaja","53.790599823","15.826299667399999"
"WAW","EPWA","Warsaw Chopin Airport","Warsaw","52.1656990051","20.967100143399996"
"WRO","EPWR","Copernicus Wrocław Airport","Wroclaw","51.1026992798","16.885799408"
"IEG","EPZG","Zielona Góra-Babimost Airport","Zielona Gora","52.138500213600004","15.7986001968"
"\N","","Malmen Air Base","Linkoeping","58.40230178833008","15.525699615478516"
"\N","","Bråvalla Air Base","Norrkoeping","58.61090087890625","16.103599548339844"
"\N","","Uppsala Airport","Uppsala","59.897300720214844","17.588600158691406"
"RNB","ESDF","Ronneby Airport","Ronneby","56.266700744629","15.265000343323"
"\N","","Råda Air Base","Rada","58.49810028076172","13.053199768066406"
"GOT","ESGG","Gothenburg-Landvetter Airport","Gothenborg","57.662799835205","12.279800415039"
"JKG","ESGJ","Jönköping Airport","Joenkoeping","57.757598876953125","14.068699836730957"
"\N","","Falköping Airport","Falkoping","58.1697998046875","13.587800025939941"
"LDK","ESGL","Lidköping-Hovby Airport","Lidkoping","58.4655","13.1744"
"GSE","ESGP","Gothenburg City Airport","Gothenborg","57.7747","11.8704"
"KVB","ESGR","Skövde Airport","Skovde","58.45640182495117","13.972700119018555"
"THN","ESGT","Trollhättan-Vänersborg Airport","Trollhattan","58.31809997558594","12.345000267028809"
"\N","","Karlsborg Air Base","Karlsborg","58.51380157470703","14.507100105285645"
"\N","","Såtenäs Air Base","Satenas","58.42639923095703","12.714400291442871"
"\N","","Barkarby Airport","Stockholm","59.4144743644","17.8821372986"
"KSK","ESKK","Karlskoga Airport","Karlskoga","59.34590148925781","14.49590015411377"
"MXX","ESKM","Mora Airport","Mora","60.957901","14.5114"
"NYO","ESKN","Stockholm Skavsta Airport","Stockholm","58.78860092163086","16.912200927734375"
"\N","","Arvika Airport","Arvika","59.6759","12.6394"
"\N","","Emmaboda Airfield","Emmaboda","56.610802","15.6048"
"\N","","Feringe Airport","Ljungby","56.9502983093","13.921699523900001"
"KID","ESMK","Kristianstad Airport","Kristianstad","55.92169952392578","14.08549976348877"
"\N","","Landskrona Airport","Landskrona","55.94599914550781","12.869999885559082"
"OSK","ESMO","Oskarshamn Airport","Oskarshamn","57.350498","16.497999"
"\N","","Anderstorp Airport","Anderstorp","57.264198303222656","13.59939956665039"
"KLR","ESMQ","Kalmar Airport","Kalkmar","56.68550109863281","16.287599563598633"
"MMX","ESMS","Malmö Sturup Airport","Malmoe","55.536305364","13.376197814900001"
"HAD","ESMT","Halmstad Airport","Halmstad","56.69110107421875","12.820199966430664"
"\N","","Hagshult Air Base","Hagshult","57.292198","14.1372"
"VXO","ESMX","Växjö Kronoberg Airport","Vaxjo","56.929100036621094","14.727999687194824"
"\N","","Hallviken Airport","Hallviken","63.73830032348633","15.45829963684082"
"\N","","Hedlanda Airport","Hede","62.40890121459999","13.747200012199999"
"EVG","ESND","Sveg Airport","Sveg","62.04779815673828","14.422900199890137"
"GEV","ESNG","Gällivare Airport","Gallivare","67.13240051269531","20.814599990844727"
"HUV","ESNH","Hudiksvall Airport","Hudiksvall","61.7681007385","17.0806999207"
"\N","","Jokkmokk Airport","Jokkmokk","66.49620056152344","20.147199630737305"
"KRF","ESNK","Kramfors Sollefteå Airport","Kramfors","63.04859924316406","17.76889991760254"
"LYC","ESNL","Lycksele Airport","Lycksele","64.54830169677734","18.71619987487793"
"\N","","Optand Airport","Optand","63.12860107421875","14.802800178527832"
"SDL","ESNN","Sundsvall-Härnösand Airport","Sundsvall","62.528099060058594","17.443899154663086"
"OER","ESNO","Örnsköldsvik Airport","Ornskoldsvik","63.40829849243164","18.989999771118164"
"\N","","Piteå Airport","Pitea","65.39830017089844","21.260799407958984"
"KRN","ESNQ","Kiruna Airport","Kiruna","67.821998596191","20.336799621582"
"\N","","Orsa Airport","Orsa","61.189998626708984","14.712599754333496"
"SFT","ESNS","Skellefteå Airport","Skelleftea","64.62480163574219","21.076900482177734"
"\N","","Sättna Airport","Sattna","62.4814","17.002899"
"UME","ESNU","Umeå Airport","Umea","63.791801452637","20.282800674438"
"VHM","ESNV","Vilhelmina Airport","Vilhelmina","64.5791015625","16.833599090576172"
"AJR","ESNX","Arvidsjaur Airport","Arvidsjaur","65.59030151367188","19.28190040588379"
"ORB","ESOE","Örebro Airport","Orebro","59.22370147705078","15.038000106811523"
"VST","ESOW","Stockholm Västerås Airport","Vasteras","59.58940124511719","16.63360023498535"
"LLA","ESPA","Luleå Airport","Lulea","65.543800354004","22.121999740601"
"\N","","Vidsel Air Base","Vidsel","65.87529754638672","20.149900436401367"
"\N","","Arboga Airport","Arboga","59.386600494384766","15.924099922180176"
"ARN","ESSA","Stockholm-Arlanda Airport","Stockholm","59.651901245117","17.918600082397"
"BMA","ESSB","Stockholm-Bromma Airport","Stockholm","59.354400634765625","17.941699981689453"
"BLE","ESSD","Borlange Airport","Borlange","60.422000885009766","15.515199661254883"
"HLF","ESSF","Hultsfred Airport","Hultsfred","57.525799","15.8233"
"GVX","ESSK","Gävle Sandviken Airport","Gavle","60.593299865722656","16.951400756835938"
"LPI","ESSL","Linköping City Airport","Linkoeping","58.4062004089","15.680500030500001"
"NRK","ESSP","Norrköping Airport","Norrkoeping","58.586299896240234","16.250600814819336"
"EKT","ESSU","Eskilstuna Airport","Eskilstuna","59.35110092163086","16.70840072631836"
"VBY","ESSV","Visby Airport","Visby","57.662799835205","18.346200942993"
"\N","","Kalixfors Airport","Kalixfors","67.76480102539062","20.257200241088867"
"SPM","ETAD","Spangdahlem Air Base","Spangdahlem","49.9726982117","6.69250011444"
"RMS","ETAR","Ramstein Air Base","Ramstein","49.4369010925293","7.600279808044434"
"GHF","EDQG","[Duplicate] Giebelstadt Army Air Field","Giebelstadt","49.648101806599996","9.966489791870002"
"\N","","Bückeburg Air Base","Brueckeburg","52.2785","9.08217"
"ZCN","","Celle Airport","Celle","52.59120178222656","10.022100448608398"
"\N","","Rheine Bentlage Air Base","Rheine-brentlange","52.291199","7.387"
"FRZ","ETHF","Fritzlar Airport","Fritzlar","51.1146","9.286"
"\N","","Laupheim Air Base","Laupheim","48.220299","9.91002"
"\N","","Mendig Airfield","Mendig","50.366001","7.31533"
"\N","","Niederstetten Army Air Base","Niederstetten","49.391945","9.958889"
"\N","","Roth Airport","Roth","49.217498779296875","11.100199699401855"
"\N","","Fassberg Air Base","Fassberg","52.919399","10.185827"
"\N","","Grafenwohr Army Air Field","Grafenwoehr","49.698699951171875","11.940199851989746"
"ZNF","","Hanau Army Air Field","Hanau","50.169201","8.96159"
"\N","","Hohenfels Army Air Field","Hohenfels","49.218101501464844","11.836099624633789"
"KZG","","Flugplatz Kitzingen","Kitzingen","49.743099","10.2006"
"FCN","ETMN","Nordholz Naval Airbase","Nordholz","53.7677001953","8.658499717709999"
"\N","","Diepholz Air Base","Diepholz","52.585556","8.342222"
"GKE","ETNG","Geilenkirchen Air Base","Geilenkirchen","50.9608","6.04242"
"\N","","Hohn Air Base","Hohn","54.312199","9.53817"
"\N","","Jever Air Base","Jever","53.533501","7.88867"
"RLG","ETNL","Rostock-Laage Airport","Laage","53.9182014465","12.278300285299999"
"\N","","Nörvenich Air Base","Noervenich","50.8312","6.65817"
"WBG","ETNS","Schleswig Air Base","Schleswig","54.459301","9.51633"
"\N","","Wittmundhafen Airport","Wittmundhafen","53.54779815673828","7.667329788208008"
"\N","","Wunstorf Air Base","Wunstorf","52.457298","9.42717"
"\N","","Vilseck Army Air Field","Vilseck","49.63359832763672","11.767200469970703"
"\N","","Coleman Army Air Field","Coleman","49.5635986328125","8.463390350341797"
"WIE","ETOU","Wiesbaden Army Airfield","Wiesbaden","50.049800872802734","8.325400352478027"
"\N","","Landsberg Lech Air Base","Landsberg","48.070599","10.906"
"\N","","Büchel Air Base","Buechel","50.1738014221","7.06333017349"
"\N","","Erding Airport","Erding","48.32229995727539","11.948699951171875"
"FEL","","Fürstenfeldbruck Air Base","Fuerstenfeldbruck","48.205555","11.266944"
"\N","","Holzdorf Air Base","Holzdorf","51.767799","13.1677"
"IGS","ETSI","Ingolstadt Manching Airport","Ingolstadt","48.7156982421875","11.534000396728516"
"\N","","Lechfeld Air Base","Lechfeld","48.185504","10.8612"
"\N","","Neuburg AFB","Neuburg","48.710999","11.2115"
"GUT","","Gütersloh Air Base","Guetersloh","51.922798","8.30633"
"ALJ","FAAB","Alexander Bay Airport","Alexander Bay","-28.575001","16.5333"
"AGZ","FAAG","Aggeneys Airport","Aggeneys","-29.28179931640625","18.813899993896484"
"\N","","Brakpan Airport","Brakpan","-26.23859977722168","28.301799774169922"
"BIY","FABE","Bisho Airport","Bisho","-32.8970985413","27.279100418099997"
"BFN","FABL","Bram Fischer International Airport","Bloemfontein","-29.092699050900002","26.302400589"
"\N","","Bethlehem Airport","Bethlehem","-28.2483997345","28.3360996246"
"\N","","Hendrik Potgieter Airport","Bothaville","-27.36680030822754","26.629199981689453"
"CPT","FACT","Cape Town International Airport","Cape Town","-33.9648017883","18.6016998291"
"\N","","Calvinia Airport","Calvinia","-31.50029945373535","19.725900650024414"
"DUR","FALE","King Shaka International Airport","Durban","-29.6144444444","31.1197222222"
"ELS","FAEL","Ben Schoeman Airport","East London","-33.0355987549","27.825899124099998"
"\N","","Ermelo Airport","Ermelo","-26.4955997467041","29.979799270629883"
"FCB","FAFB","Ficksburg Sentraoes Airport","Ficksburg","-28.82309913635254","27.908899307250977"
"GCJ","FAGC","Grand Central Airport","Johannesburg","-25.986299514799995","28.1401004791"
"GRJ","FAGG","George Airport","George","-34.0056","22.378902"
"\N","","Graaff Reinet Airport","Graaff Reinet","-32.193599700927734","24.541400909423828"
"\N","","Grahamstown Airport","Grahamstown","-33.284698486328125","26.49810028076172"
"\N","","Greytown Airport","Greytown","-29.1219997406","30.586700439499996"
"\N","","Harmony Airport","Harmony","-28.078699111938477","26.8612003326416"
"HRS","FAHR","Harrismith Airport","Harrismith","-28.23509979248047","29.106199264526367"
"HDS","FAHS","Hoedspruit Air Force Base Airport","Hoedspruit","-24.368600845299998","31.0487003326"
"\N","","Gariep Dam Airport","Hendrik Verwoerddam","-30.56220054626465","25.52829933166504"
"JNB","FAOR","OR Tambo International Airport","Johannesburg","-26.1392","28.246"
"KXE","FAKD","P C Pelser Airport","Klerksdorp","-26.8710994720459","26.718000411987305"
"KIM","FAKM","Kimberley Airport","Kimberley","-28.802799224900003","24.7651996613"
"\N","","Krugersdorp Airport","Krugersdorp","-26.0808259199","27.7259149551"
"\N","","Kroonstad Airport","Kroonstad","-27.660600662231445","27.315799713134766"
"KMH","FAKU","Johan Pienaar Airport","Kuruman","-27.45669937133789","23.411399841308594"
"KLZ","FAKZ","Kleinsee Airport","Kleinsee","-29.6884002686","17.093999862700002"
"HLA","FALA","Lanseria Airport","Johannesburg","-25.938499450699997","27.9260997772"
"\N","","Lichtenburg Airport","Lichtenburg","-26.17569923400879","26.184600830078125"
"\N","","Makhado Air Force Base Airport","Lambertsbaai","-23.159900665283203","29.696500778198242"
"SDB","FALW","Langebaanweg Airport","Langebaanweg","-32.968898773199996","18.1602993011"
"LAY","FALY","Ladysmith Airport","Ladysmith","-28.5816993713","29.749700546299998"
"\N","","Middelburg Airport","Middelburg","-25.684799194335938","29.440200805664062"
"MGH","FAMG","Margate Airport","Margate","-30.8574008942","30.343000412"
"\N","","Marble Hall Airport","Marble Hall","-24.989099502563477","29.283100128173828"
"\N","","Majuba Power Station Airport","Majuba Power Station","-27.079299926799997","29.7784996033"
"LLE","FAMN","Riverside Airport","Malalane","-25.4300003052","31.5767002106"
"\N","","Morningside Farm Airport","Musina","-25.7045001984","26.9090003967"
"MZQ","FAMU","Mkuze Airport","Mkuze","-27.626100540161133","32.0443000793457"
"NCS","FANC","Newcastle Airport","Newcastle","-27.7705993652","29.976900100699996"
"\N","","Nylstroom Airfield","Nylstroom","-24.686100006103516","28.434900283813477"
"OVG","FAOB","Overberg Airport","Overberg","-34.554901123","20.250699996900003"
"OUH","FAOH","Oudtshoorn Airport","Oudtshoorn","-33.6069984436","22.188999176"
"PLZ","FAPE","Port Elizabeth Airport","Port Elizabeth","-33.9849014282","25.6173000336"
"PBZ","FAPG","Plettenberg Bay Airport","Plettenberg Bay","-34.0881601675","23.3287234306"
"PHW","FAPH","Hendrik Van Eck Airport","Phalaborwa","-23.937200546299998","31.1553993225"
"\N","","Pietersburg Municipal Airport","Polokwane","-23.9260997772","29.4843997955"
"JOH","FAPJ","Port St Johns Airport","Port Saint Johns","-31.605899810791016","29.519800186157227"
"PZB","FAPM","Pietermaritzburg Airport","Pietermaritzburg","-29.649000167799997","30.3987007141"
"NTY","FAPN","Pilanesberg International Airport","Pilanesberg","-25.333799362199997","27.173400878900004"
"PTG","FAPP","Polokwane International Airport","Potgietersrus","-23.845269","29.458615"
"PCF","FAPS","Potchefstroom Airport","Potchefstroom","-26.670999527","27.0818996429"
"\N","","Parys Airport","Parys","-26.889299392700195","27.503400802612305"
"UTW","FAQT","Queenstown Airport","Queenstown","-31.92020034790039","26.882200241088867"
"RCB","FARB","Richards Bay Airport","Richard's Bay","-28.740999221800003","32.0920982361"
"\N","","Rustenburg Airport","Rustenburg","-25.6443004608","27.271099090599996"
"ROD","FARS","Robertson Airport","Robertson","-33.812198638916016","19.902799606323242"
"SBU","FASB","Springbok Airport","Springbok","-29.689300537109375","17.939599990844727"
"ZEC","FASC","Secunda Airport","Secunda","-26.52409935","29.170099258399997"
"\N","","Saldanha /Vredenburg Airport","Saldanha","-32.964099884","17.9692993164"
"\N","","Springs Airfield","Springs","-26.2494004736","28.3982715607"
"\N","","Swartkop Air Force Base","Swartkop","-25.8097000122","28.164600372299997"
"SIS","FASS","Sishen Airport","Sishen","-27.6485996246","22.9993000031"
"\N","","Hendrik Swellengrebel Airport","Swellendam","-34.04819869995117","20.474599838256836"
"SZK","FASZ","Skukuza Airport","Skukuza","-24.960899353","31.5886993408"
"\N","","Tommys Field Airport","Tommy's Field","-28.260000228881836","22.993200302124023"
"\N","","New Tempe Airport","Bloemfontein","-29.032899856567383","26.15760040283203"
"\N","","Tutuka Power Station Airport","Tutuka","-26.776599884","29.3388004303"
"LTA","FATZ","Tzaneen Airport","Tzaneen","-23.8243999481","30.329299926799997"
"ULD","FAUL","Prince Mangosuthu Buthelezi Airport","Ulundi","-28.3206005096","31.4165000916"
"UTN","FAUP","Pierre Van Ryneveld Airport","Upington","-28.39909935","21.260200500499998"
"UTT","FAUT","K. D. Matanzima Airport","Umtata","-31.546363184900002","28.6733551025"
"VRU","FAVB","Vryburg Airport","Vryburg","-26.9824008942","24.7287998199"
"VIR","FAVG","Virginia Airport","Durban","-29.770599365234375","31.058399200439453"
"VRE","FAVR","Vredendal Airport","Vredendal","-31.641000747680664","18.5447998046875"
"\N","","Vereeniging Airport","Vereeniging","-26.566400528","27.9608001709"
"PRY","FAWB","Wonderboom Airport","Pretoria","-25.6539","28.224199"
"\N","","Witbank Airport","Witbank","-25.832300186199998","29.1919994354"
"WKF","FAWK","Waterkloof Air Force Base","Waterkloof","-25.829999923699997","28.222499847399998"
"\N","","Welkom Airport","Welkom","-27.996824511099998","26.663333892799997"
"\N","","Ysterplaat Air Force Base","Ysterplaat","-33.90019989013672","18.498300552368164"
"\N","","Zeerust Airport","Zeerust","-25.599000930786133","26.042299270629883"
"FRW","FBPM","Francistown Airport","Francistown","-21.15959930419922","27.47450065612793"
"JWA","FBJW","Jwaneng Airport","Jwaneng","-24.6023006439209","24.69099998474121"
"BBK","FBKE","Kasane Airport","Kasane","-17.83289909362793","25.162399291992188"
"MUB","FBMN","Maun Airport","Maun","-19.97260093688965","23.431100845336914"
"GBE","FBSK","Sir Seretse Khama International Airport","Gaberone","-24.555201","25.9182"
"PKW","FBSP","Selebi Phikwe Airport","Selebi-phikwe","-22.0583","27.8288"
"BZV","FCBB","Maya-Maya Airport","Brazzaville","-4.251699924468994","15.253000259399414"
"FTX","FCOO","Owando Airport","Owando","-0.5313500165939331","15.95009994506836"
"OUE","FCOU","Ouesso Airport","Ouesso","1.6159900426899998","16.0379009247"
"PNR","FCPP","Pointe Noire Airport","Pointe-noire","-4.816030025482178","11.88659954071045"
"MTS","FDMS","Matsapha Airport","Manzini","-26.52899932861328","31.3075008392334"
"BGF","FEFF","Bangui M'Poko International Airport","Bangui","4.39847993850708","18.518800735473633"
"BBT","FEFT","Berbérati Airport","Berberati","4.2215800285339355","15.786399841308594"
"BSG","FGBT","Bata Airport","Bata","1.9054700136184692","9.805680274963379"
"SSG","FGSL","Malabo Airport","Malabo","3.755270004272461","8.708720207214355"
"ASI","FHAW","RAF Ascension Island","Wide Awake","-7.9696","-14.3937"
"MRU","FIMP","Sir Seewoosagur Ramgoolam International Airport","Plaisance","-20.430201","57.683601"
"RRG","FIMR","Sir Charles Gaetan Duval Airport","Rodriguez Island","-19.7577","63.361"
"NKW","","Diego Garcia Naval Support Facility","Diego Garcia Island","-7.31327","72.411102"
"TKC","FKKC","Tiko Airport","Tiko","4.08919000626","9.360529899600001"
"DLA","FKKD","Douala International Airport","Douala","4.0060801506","9.719479560849999"
"MVR","FKKL","Salak Airport","Maroua","10.451399803161621","14.257399559020996"
"FOM","FKKM","Foumban Nkounja Airport","Foumban","5.636919975280762","10.750800132751465"
"NGE","FKKN","N'Gaoundéré Airport","N'gaoundere","7.3570098876953125","13.559200286865234"
"GOU","FKKR","Garoua International Airport","Garoua","9.33588981628418","13.370100021362305"
"BFX","FKKU","Bafoussam Airport","Bafoussam","5.536920070650001","10.354599952700001"
"BPC","FKKV","Bamenda Airport","Bamenda","6.039239883422852","10.122599601745605"
"YAO","FKKY","Yaoundé Airport","Yaounde","3.8360400199890137","11.523500442504883"
"CGJ","FLKE","Kasompe Airport","Kasompe","-12.572799682617","27.893899917603"
"LVI","FLHN","Livingstone Airport","Livingstone","-17.821800231933594","25.82270050048828"
"LUN","FLKK","Kenneth Kaunda International Airport Lusaka","Lusaka","-15.3308000565","28.4526004791"
"MFU","FLMF","Mfuwe Airport","Mfuwe","-13.258899688720703","31.936599731445312"
"MNR","FLMG","Mongu Airport","Mongu","-15.254500389099121","23.16230010986328"
"NLA","FLSK","Simon Mwansa Kapwepwe International Airport","Ndola","-12.998100280762","28.66489982605"
"KIW","FLSO","Southdowns Airport","Southdowns","-12.900500297546387","28.149900436401367"
"HAH","FMCH","Prince Said Ibrahim International Airport","Moroni","-11.5337","43.2719"
"NWA","FMCI","Mohéli Bandar Es Eslam Airport","Moheli","-12.298100471496582","43.76639938354492"
"AJN","FMCV","Ouani Airport","Anjouan","-12.131699562072754","44.430301666259766"
"DZA","FMCZ","Dzaoudzi Pamandzi International Airport","Dzaoudzi","-12.804699897766113","45.28110122680664"
"RUN","FMEE","Roland Garros Airport","St.-denis","-20.887100219726562","55.51029968261719"
"ZSE","FMEP","Pierrefonds Airport","St.-pierre","-21.320899963378906","55.42499923706055"
"TNR","FMMI","Ivato Airport","Antananarivo","-18.7969","47.478802"
"ZVA","FMMN","Miandrivazo Airport","Miandrivazo","-19.56279945373535","45.450801849365234"
"SMS","FMMS","Sainte Marie Airport","Sainte Marie","-17.093900680541992","49.815799713134766"
"TMM","FMMT","Toamasina Airport","Toamasina","-18.109500885009766","49.39250183105469"
"MOQ","FMMV","Morondava Airport","Morondava","-20.284700393676758","44.31760025024414"
"DIE","FMNA","Arrachart Airport","Antsiranana","-12.34939956665039","49.29169845581055"
"WMR","FMNC","Mananara Nord Airport","Mananara","-16.16390037536621","49.773799896240234"
"ZWA","FMND","Andapa Airport","Andapa","-14.651700019836426","49.620601654052734"
"AMB","FMNE","Ambilobe Airport","Ambilobe","-13.188400268554688","48.987998962402344"
"ANM","FMNH","Antsirabato Airport","Antalaha","-14.99940013885498","50.3202018737793"
"HVA","FMNL","Analalava Airport","Analalava","-14.62969970703125","47.76380157470703"
"MJN","FMNM","Amborovy Airport","Mahajanga","-15.6668417421","46.351232528699995"
"NOS","FMNN","Fascene Airport","Nosy-be","-13.3121004105","48.3148002625"
"BPY","FMNQ","Besalampy Airport","Besalampy","-16.744530296500002","44.4824838638"
"WMN","FMNR","Maroantsetra Airport","Maroantsetra","-15.436699867248535","49.68830108642578"
"SVB","FMNS","Sambava Airport","Sambava","-14.278599739074707","50.17470169067383"
"VOH","FMNV","Vohimarina Airport","Vohemar","-13.375800132751465","50.00279998779297"
"WAI","FMNW","Ambalabe Airport","Antsohihy","-14.898799896240234","47.993900299072266"
"IVA","","Ampampamena Airport","Ampampamena","-13.484816","48.632702"
"FTU","FMSD","Tôlanaro Airport","Tolagnaro","-25.03809928894043","46.95610046386719"
"WFI","FMSF","Fianarantsoa Airport","Fianarantsoa","-21.441600799560547","47.111698150634766"
"RVA","FMSG","Farafangana Airport","Farafangana","-22.805299758911133","47.82059860229492"
"WVK","FMSK","Manakara Airport","Manakara","-22.119699478149414","48.02170181274414"
"MNJ","FMSM","Mananjary Airport","Mananjary","-21.201799392700195","48.358299255371094"
"MXM","FMSR","Morombe Airport","Morombe","-21.7539005279541","43.3754997253418"
"TLE","FMST","Toliara Airport","Toliara","-23.383399963378906","43.72850036621094"
"SSY","FNBC","Mbanza Congo Airport","M'banza-congo","-6.269899845123291","14.246999740600586"
"BUG","FNBG","Benguela Airport","Benguela","-12.609000206","13.4036998749"
"CAB","FNCA","Cabinda Airport","Cabinda","-5.59699010848999","12.188400268554688"
"NOV","FNHU","Nova Lisboa Airport","Huambo","-12.808899879455566","15.760499954223633"
"SVP","FNKU","Kuito Airport","Kuito","-12.404600143433","16.947399139404"
"\N","","Lobito Airport","Lobito","-12.371199607849121","13.536600112915039"
"LAD","FNLU","Quatro de Fevereiro Airport","Luanda","-8.85837","13.2312"
"MEG","FNMA","Malanje Airport","Malanje","-9.525090217590332","16.312400817871094"
"SPP","FNME","Menongue Airport","Menongue","-14.657600402832031","17.71980094909668"
"GXG","FNNG","Negage Airport","Negage","-7.754509925842285","15.287699699401855"
"PBN","FNPA","Porto Amboim Airport","Porto Amboim","-10.722000122070312","13.76550006866455"
"VHC","FNSA","Saurimo Airport","Saurimo","-9.689069747924805","20.431900024414062"
"SZA","FNSO","Soyo Airport","Soyo","-6.141089916229248","12.371800422668457"
"SDD","FNUB","Lubango Airport","Lubango","-14.924699783325195","13.574999809265137"
"LUO","FNUE","Luena Airport","Luena","-11.768099784851074","19.8976993560791"
"UGO","FNUG","Uige Airport","Uige","-7.60306978225708","15.027799606323242"
"XGN","FNXA","Xangongo Airport","Xangongo","-16.755399703979492","14.965299606323242"
"OYE","FOGO","Oyem Airport","Oyem","1.5431100130081177","11.581399917602539"
"OKN","FOGQ","Okondja Airport","Okondja","-0.6652140021324158","13.673100471496582"
"LBQ","FOGR","Lambarene Airport","Lambarene","-0.7043889760971069","10.245699882507324"
"BMM","FOOB","Bitam Airport","Bitam","2.0756399631500244","11.493200302124023"
"POG","FOOG","Port Gentil Airport","Port Gentil","-0.7117390036582947","8.754380226135254"
"OMB","FOOH","Omboue Hopital Airport","Omboue Hospial","-1.5747300386428833","9.262689590454102"
"MKU","FOOK","Makokou Airport","Makokou","0.5792109966278076","12.890899658203125"
"LBV","FOOL","Libreville Leon M'ba International Airport","Libreville","0.458600014448","9.412280082699999"
"MVB","FOON","M'Vengue El Hadj Omar Bongo Ondimba International Airport","Franceville","-1.6561599969863892","13.437999725341797"
"PCP","FPPR","Principe Airport","Principe","1.6629400253295898","7.411739826202393"
"TMS","FPST","São Tomé International Airport","Sao Tome","0.3781749904155731","6.7121500968933105"
"BEW","FQBR","Beira Airport","Beira","-19.79640007019043","34.90760040283203"
"INH","FQIN","Inhambane Airport","Inhambane","-23.876399993896484","35.40850067138672"
"VXC","FQLC","Lichinga Airport","Lichinga","-13.274","35.2663"
"LFB","FQLU","Lumbo Airport","Lumbo","-15.0331001282","40.671699523899996"
"MPM","FQMA","Maputo Airport","Maputo","-25.920799","32.572601"
"MUD","FQMD","Mueda Airport","Mueda","-11.672900199890137","39.5630989074707"
"MZB","FQMP","Mocímboa da Praia Airport","Mocimboa Da Praia","-11.361800193786621","40.35490036010742"
"\N","","Marrupa Airport","Marrupa","-13.225099563598633","37.552101135253906"
"MNC","FQNC","Nacala Airport","Nacala","-14.488200187683105","40.71220016479492"
"APL","FQNP","Nampula Airport","Nampula","-15.105600357055664","39.28179931640625"
"POL","FQPB","Pemba Airport","Pemba","-12.991762161254883","40.52401351928711"
"UEL","FQQL","Quelimane Airport","Quelimane","-17.855499267578125","36.86909866333008"
"\N","","Songo Airport","Songo","-15.602700233459473","32.77320098876953"
"TET","FQTT","Chingozi Airport","Tete","-16.104799270629883","33.640201568603516"
"\N","","Ulongwe Airport","Ulongwe","-14.70460033416748","34.35240173339844"
"VNX","FQVL","Vilankulo Airport","Vilankulu","-22.018400192260742","35.31330108642578"
"\N","","Alphonse Airport","Alphonse","-7.00478","52.7262"
"DES","FSDR","Desroches Airport","Desroches","-5.6967","53.6558"
"\N","","Farquhar Airport","Farquhar","-10.1096","51.176102"
"SEZ","FSIA","Seychelles International Airport","Mahe","-4.67434","55.521801"
"PRI","FSPP","Praslin Airport","Praslin","-4.3192901611328125","55.69139862060547"
"\N","","Coetivy Airport","Coetivy","-7.13457","56.278198"
"AEH","FTTC","Abeche Airport","Abeche","13.847000122070312","20.84429931640625"
"MQQ","FTTD","Moundou Airport","Moundou","8.624409675598145","16.071399688720703"
"NDJ","FTTJ","N'Djamena International Airport","N'djamena","12.1337","15.034"
"FYT","FTTY","Faya Largeau Airport","Faya-largeau","17.91710090637207","19.111099243164062"
"BUQ","FVJN","Joshua Mqabuko Nkomo International Airport","Bulawayo","-20.017401","28.617901"
"\N","","Charles Prince Airport","Harare","-17.75160026550293","30.924699783325195"
"BFO","FVCZ","Buffalo Range Airport","Chiredzi","-21.008101","31.5786"
"VFA","FVFA","Victoria Falls International Airport","Victoria Falls","-18.09589958190918","25.839000701904297"
"HRE","","Robert Gabriel Mugabe International Airport","Harare","-17.931801","31.0928"
"KAB","FVKB","Kariba International Airport","Kariba","-16.519800186157227","28.885000228881836"
"\N","","Mutoko Airport","Mutoko","-17.431900024414062","32.18450164794922"
"UTA","FVMU","Mutare Airport","Mutare","-18.997499465942","32.627201080322"
"MVZ","FVMV","Masvingo International Airport","Masvingo","-20.055299758911133","30.859100341796875"
"\N","","Zvishavane Airport","Zvishavane","-20.289499282836914","30.088199615478516"
"GWE","FVTL","Thornhill Air Base","Gwert","-19.436399459838867","29.861900329589844"
"HWN","FVWN","Hwange National Park Airport","Hwange National Park","-18.629899978637695","27.020999908447266"
"BLZ","FWCL","Chileka International Airport","Blantyre","-15.679100036621094","34.9739990234375"
"KGJ","FWKA","Karonga Airport","Karonga","-9.953570365905762","33.893001556396484"
"KBQ","FWKG","Kasungu Airport","Kasungu","-13.014599800109863","33.46860122680664"
"LLW","FWKI","Lilongwe International Airport","Lilongwe","-13.7894001007","33.78099823"
"ZZU","FWUU","Mzuzu Airport","Mzuzu","-11.444700241088867","34.01179885864258"
"MSU","FXMM","Moshoeshoe I International Airport","Maseru","-29.462299346923828","27.552499771118164"
"\N","","Mejametalana Airbase","Maseru","-29.304100036621094","27.50349998474121"
"FIH","FZAA","Ndjili International Airport","Kinshasa","-4.38575","15.4446"
"NLO","FZAB","Ndolo Airport","Kinshasa","-4.32666015625","15.327500343323"
"MNB","FZAG","Muanda Airport","Muanda","-5.9308600425720215","12.351799964904785"
"\N","","Kitona Base Airport","Kitona Base","-5.918059825897217","12.447699546813965"
"FDU","FZBO","Bandundu Airport","Bandoundu","-3.3113200664520264","17.38170051574707"
"KKW","FZCA","Kikwit Airport","Kikwit","-5.035769939422607","18.785600662231445"
"MDK","FZEA","Mbandaka Airport","Mbandaka","0.0226000007242","18.2887001038"
"BDT","FZFD","Gbadolite Airport","Gbadolite","4.253210067749023","20.975299835205078"
"GMA","FZFK","Gemena Airport","Gemena","3.2353699207299997","19.771299362199997"
"KLI","FZFP","Kotakoli Airport","Kotakoli","4.157639980316162","21.65089988708496"
"LIQ","FZGA","Lisala Airport","Lisala","2.17066","21.496901"
"FKI","FZIC","Bangoka International Airport","Kisangani","0.481638997793","25.3379993439"
"IRP","FZJH","Matari Airport","Isiro","2.8276100158691406","27.588300704956055"
"BUX","FZKA","Bunia Airport","Bunia","1.5657199621200562","30.220800399780273"
"BZU","FZKJ","Buta Zega Airport","Buta Zega","2.818350076675415","24.793699264526367"
"BKY","FZMA","Bukavu Kavumu Airport","Bukavu/kavumu","-2.3089799880981445","28.808799743652344"
"GOM","FZNA","Goma International Airport","Goma","-1.6708099842071533","29.238500595092773"
"KND","FZOA","Kindu Airport","Kindu","-2.91917991638","25.915399551399997"
"FBM","FZQA","Lubumbashi International Airport","Lubumashi","-11.5913000107","27.5308990479"
"KWZ","FZQM","Kolwezi Airport","Kolwezi","-10.765899658203125","25.505699157714844"
"FMI","FZRF","Kalemie Airport","Kalemie","-5.8755598068237305","29.25"
"KMN","FZSB","Kamina Base Airport","Kamina Base","-8.642020225524902","25.252899169921875"
"KGA","FZUA","Kananga Airport","Kananga","-5.90005016327","22.4692001343"
"MJM","FZWA","Mbuji Mayi Airport","Mbuji-mayi","-6.121240139010001","23.569000244099996"
"BKO","GABS","Modibo Keita International Airport","Bamako","12.5335","-7.94994"
"GAQ","GAGO","Gao Airport","Gao","16.24839973449707","-0.005456000100821257"
"KYS","GAKD","Kayes Dag Dag Airport","Kayes","14.481200218200684","-11.404399871826172"
"MZI","GAMB","Mopti Airport","Mopti","14.5128002167","-4.0795598030099995"
"TOM","GATB","Timbuktu Airport","Tombouctou","16.730499267578125","-3.007580041885376"
"\N","","Tessalit Airport","Tessalit","20.243000030517578","0.9773079752922058"
"BJL","GBYD","Banjul International Airport","Banjul","13.338000297546387","-16.65220069885254"
"FUE","GCFV","Fuerteventura Airport","Fuerteventura","28.452699661254883","-13.863800048828125"
"VDE","GCHI","Hierro Airport","Hierro","27.814800262451172","-17.887100219726562"
"SPC","GCLA","La Palma Airport","Santa Cruz De La Palma","28.626499","-17.7556"
"LPA","GCLP","Gran Canaria Airport","Gran Canaria","27.931900024414062","-15.38659954071045"
"ACE","GCRR","Lanzarote Airport","Arrecife","28.945499","-13.6052"
"TFS","GCTS","Tenerife South Airport","Tenerife","28.044500351","-16.5725002289"
"TFN","GCXO","Tenerife Norte Airport","Tenerife","28.4827003479","-16.3414993286"
"MLN","GEML","Melilla Airport","Melilla","35.279800415","-2.9562599659"
"FNA","GFLL","Lungi International Airport","Freetown","8.61644","-13.1955"
"\N","","Cufar Airport","Cufar","11.2878999710083","-15.180500030517578"
"MLW","GLMR","Spriggs Payne Airport","Monrovia","6.289060115814209","-10.758700370788574"
"ROB","GLRB","Roberts International Airport","Monrovia","6.23379","-10.3623"
"AGA","GMAD","Al Massira Airport","Agadir","30.325000762939453","-9.413069725036621"
"TTA","GMAT","Tan Tan Airport","Tan Tan","28.448200225830078","-11.161299705505371"
"FEZ","GMFF","Saïss Airport","Fes","33.9272994995","-4.977960109709999"
"\N","","Ifrane Airport","Ifrane","33.50529861450195","-5.152900218963623"
"ERH","GMFK","Moulay Ali Cherif Airport","Er-rachidia","31.9475002289","-4.39833021164"
"MEK","GMFM","Bassatine Airport","Meknes","33.87910079956055","-5.515120029449463"
"OUD","GMFO","Angads Airport","Oujda","34.787200927734375","-1.92399001121521"
"GMD","GMMB","Ben Slimane Airport","Ben Slimane","33.655399","-7.22145"
"RBA","GMME","Rabat-Salé Airport","Rabat","34.051498","-6.75152"
"CMN","GMMN","Mohammed V International Airport","Casablanca","33.36750030517578","-7.589970111846924"
"RAK","GMMX","Menara Airport","Marrakech","31.606899261499997","-8.03629970551"
"NNA","","Kenitra Airport","Kentira","34.29890060424805","-6.595880031585693"
"OZZ","GMMZ","Ouarzazate Airport","Ouarzazate","30.9391002655","-6.909430027010001"
"AHU","GMTA","Cherif Al Idrissi Airport","Al Hociema","35.177101135253906","-3.83951997756958"
"TTU","GMTN","Saniat R'mel Airport","Tetouan","35.594299316406","-5.320020198822"
"TNG","GMTT","Ibn Batouta Airport","Tanger","35.726898193400004","-5.91689014435"
"ZIG","GOGG","Ziguinchor Airport","Ziguinchor","12.5556","-16.281799"
"CSK","GOGS","Cap Skirring Airport","Cap Skiring","12.39533","-16.748"
"KLC","GOOK","Kaolack Airport","Kaolack","14.146900177001953","-16.051300048828125"
"DKR","GOOY","Léopold Sédar Senghor International Airport","Dakar","14.739700317382812","-17.49020004272461"
"XLS","GOSS","Saint Louis Airport","St. Louis","16.050800323486328","-16.463199615478516"
"BXE","GOTB","Bakel Airport","Bakel","14.847299575805664","-12.468299865722656"
"KGG","GOTK","Kédougou Airport","Kedougou","12.57229995727539","-12.22029972076416"
"TUD","GOTT","Tambacounda Airport","Tambacounda","13.736800193786621","-13.65310001373291"
"AEO","GQNA","Aioun el Atrouss Airport","Aioun El Atrouss","16.711299896240234","-9.637880325317383"
"TIY","GQND","Tidjikja Airport","Tidjikja","18.570100784301758","-11.423500061035156"
"KFA","GQNF","Kiffa Airport","Kiffa","16.59000015258789","-11.406200408935547"
"EMN","GQNI","Néma Airport","Nema","16.621999740600586","-7.3165998458862305"
"KED","GQNK","Kaédi Airport","Kaedi","16.159500122070312","-13.507599830627441"
"NKC","GQNO","Nouakchott–Oumtounsy International Airport","Nouakschott","18.31","-15.9697222"
"SEY","GQNS","Sélibaby Airport","Selibabi","15.179699897766113","-12.207300186157227"
"ATR","GQPA","Atar International Airport","Atar","20.506799697875977","-13.04319953918457"
"NDB","GQPP","Nouadhibou International Airport","Nouadhibou","20.9330997467041","-17.030000686645508"
"\N","","Bir Moghrein Airport","Bir Moghrein","25.2367000579834","-11.588700294494629"
"FIG","GUFA","Fria Airport","Fira","10.350600242615","-13.569199562073"
"FAA","GUFH","Faranah Airport","Faranah","10.0354995728","-10.7698001862"
"LEK","GULB","Tata Airport","Labe","11.326100349426","-12.286800384521"
"SID","GVAC","Amílcar Cabral International Airport","Amilcar Cabral","16.7414","-22.9494"
"BVC","GVBA","Rabil Airport","Boa Vista","16.136499404907227","-22.888900756835938"
"MMO","GVMA","Maio Airport","Maio","15.155900001525879","-23.213699340820312"
"SNE","GVSN","Preguiça Airport","Sao Nocolau Island","16.58839988708496","-24.284700393676758"
"VXE","GVSV","São Pedro Airport","Sao Vicente Island","16.833200454711914","-25.055299758911133"
"ADD","HAAB","Addis Ababa Bole International Airport","Addis Ababa","8.97789001465","38.799301147499996"
"\N","","Lideta Army Airport","Addis Ababa","9.003685","38.725498"
"AMH","HAAM","Arba Minch Airport","Arba Minch","6.0393900871276855","37.59049987792969"
"AXU","HAAX","Axum Airport","Axum","14.14680004119873","38.77280044555664"
"BJR","HABD","Bahir Dar Airport","Bahar Dar","11.608099937438965","37.32160186767578"
"DIR","HADR","Aba Tenna Dejazmach Yilma International Airport","Dire Dawa","9.624699592590332","41.85419845581055"
"GMB","HAGM","Gambella Airport","Gambella","8.12876033782959","34.5630989074707"
"GDQ","HAGN","Gonder Airport","Gondar","12.51990032196045","37.433998107910156"
"JIM","HAJM","Jimma Airport","Jimma","7.66609001159668","36.81660079956055"
"LLI","HALL","Lalibella Airport","Lalibella","11.975000381469727","38.97999954223633"
"MQX","HAMK","Mekele Airport","Makale","13.467399597167969","39.53350067138672"
"ASO","HASO","Asosa Airport","Asosa","10.018500328063965","34.586299896240234"
"BJM","HBBA","Bujumbura International Airport","Bujumbura","-3.3240199089050293","29.318500518798828"
"HGA","HCMH","Egal International Airport","Hargeisa","9.518170356750488","44.08879852294922"
"BBO","HCMI","Berbera Airport","Berbera","10.389200210571289","44.94110107421875"
"KMU","HCMK","Kisimayu Airport","Kismayu","-0.3773530125617981","42.45920181274414"
"ALY","","El Nouzha Airport","Alexandria","31.183900833129883","29.94890022277832"
"ABS","HEBL","Abu Simbel Airport","Abu Simbel","22.375999450699997","31.611700058"
"CAI","HECA","Cairo International Airport","Cairo","30.12190055847168","31.40559959411621"
"CWE","","Cairo West Airport","Cairo","30.116399765","30.915399551399997"
"HRG","HEGN","Hurghada International Airport","Hurghada","27.178300857543945","33.799400329589844"
"EGH","HEGR","El Gora Airport","El Gorah","31.068559","34.129629"
"LXR","HELX","Luxor International Airport","Luxor","25.671","32.7066"
"MUH","HEMM","Mersa Matruh Airport","Mersa-matruh","31.3253993988","27.221700668300002"
"PSD","HEPS","Port Said Airport","Port Said","31.279399871826172","32.2400016784668"
"SKV","HESC","St Catherine International Airport","St. Catherine","28.685300827","34.0625"
"ASW","HESN","Aswan International Airport","Aswan","23.9643993378","32.8199996948"
"ELT","HETR","El Tor Airport","El-tor","28.208999633789062","33.64550018310547"
"EDL","HKEL","Eldoret International Airport","Eldoret","0.4044579863548279","35.23889923095703"
"GGM","HKKG","Kakamega Airport","Kakamega","0.271342009306","34.7873001099"
"KIS","HKKI","Kisumu Airport","Kisumu","-0.0861390009522438","34.72890090942383"
"KTL","HKKT","Kitale Airport","Kitale","0.9719889760017395","34.95859909057617"
"LOK","HKLO","Lodwar Airport","Lodwar","3.1219699382781982","35.608699798583984"
"LAU","HKLU","Manda Airstrip","Lamu","-2.252419948577881","40.91310119628906"
"MBA","HKMO","Mombasa Moi International Airport","Mombasa","-4.034830093383789","39.594200134277344"
"\N","","Naivasha Airport","Naivasha","-0.787953","36.433494"
"WIL","HKNW","Nairobi Wilson Airport","Nairobi","-1.321720004081726","36.81480026245117"
"\N","","Moi Air Base","Nairobi","-1.2772699594499999","36.8623008728"
"WJR","HKWJ","Wajir Airport","Wajir","1.73324","40.091599"
"\N","","Bu Attifel Airport","Buattifel","28.795400619506836","22.080900192260742"
"\N","","Warehouse 59e Airport","Giallo","28.638500213623047","21.437999725341797"
"GHT","HLGT","Ghat Airport","Ghat","25.1455993652","10.142600059500001"
"AKF","HLKF","Kufra Airport","Kufra","24.178699493408203","23.31399917602539"
"BEN","HLLB","Benina International Airport","Benghazi","32.096801757799994","20.2695007324"
"SEB","HLLS","Sabha Airport","Sebha","26.98699951171875","14.47249984741211"
"TIP","","Tripoli International Airport","Tripoli","32.6635017395","13.1590003967"
"LMQ","HLMB","Marsa Brega Airport","Marsa Brega","30.37809944152832","19.576400756835938"
"\N","","Ras Lanuf Oil Airport","Ras Lanouf V 40","30.5","18.52720069885254"
"HUQ","HLON","Hon Airport","Hon","29.11009979248047","15.96560001373291"
"\N","","Dahra Airport","Dahra","29.47260093688965","17.934900283813477"
"LTD","HLTD","Ghadames East Airport","Ghadames","30.15169906616211","9.715310096740723"
"\N","","Zella 74 Airport","Zella 74","28.58989906311035","17.293899536132812"
"GYI","HRYG","Gisenyi Airport","Gisenyi","-1.6771999597549438","29.258899688720703"
"KGL","HRYR","Kigali International Airport","Kigali","-1.96863","30.1395"
"KME","HRZA","Kamembe Airport","Kamembe","-2.462239980697632","28.907899856567383"
"DOG","HSDN","Dongola Airport","Dongola","19.153900146499996","30.430099487299998"
"RSS","HSDZ","Damazin Airport","Damazin","11.7859","34.3367"
"ELF","HSFS","El Fasher Airport","El Fasher","13.614899635314941","25.324600219726562"
"KSL","HSKA","Kassala Airport","Kassala","15.387499809265137","36.328800201416016"
"KDX","HSLI","Kadugli Airport","Kadugli","11.137999534600002","29.7010993958"
"EBD","HSOB","El Obeid Airport","El Obeid","13.153200149536133","30.23270034790039"
"JUB","HJJJ","Juba International Airport","Juba","4.87201023102","31.6011009216"
"MAK","HSSM","Malakal Airport","Malakal","9.55897045135498","31.65220069885254"
"KRT","HSSK","Khartoum International Airport","Khartoum","15.589500427246094","32.553199768066406"
"ARK","HTAR","Arusha Airport","Arusha","-3.3677899837493896","36.63330078125"
"DAR","HTDA","Julius Nyerere International Airport","Dar Es Salaam","-6.87811","39.202599"
"DOD","HTDO","Dodoma Airport","Dodoma","-6.170440196990967","35.752601623535156"
"IRI","HTIR","Iringa Airport","Iringa","-7.668630123138428","35.75210189819336"
"JRO","HTKJ","Kilimanjaro International Airport","Kilimanjaro","-3.42940998077","37.0745010376"
"LKY","HTLM","Lake Manyara Airport","Lake Manyara","-3.376310110092163","35.81829833984375"
"MYW","HTMT","Mtwara Airport","Mtwara","-10.339099884033203","40.181800842285156"
"MWZ","HTMW","Mwanza Airport","Mwanza","-2.4444899559020996","32.932701110839844"
"PMA","HTPE","Pemba Airport","Pemba","-5.257259845733643","39.8114013671875"
"TGT","HTTG","Tanga Airport","Tanga","-5.092360019683838","39.07120132446289"
"ZNZ","HTZA","Abeid Amani Karume International Airport","Zanzibar","-6.22202","39.224899"
"EBB","HUEN","Entebbe International Airport","Entebbe","0.042386","32.443501"
"SRT","HUSO","Soroti Airport","Soroti","1.7276899814605713","33.622798919677734"
"TIA","LATI","Tirana International Airport Mother Teresa","Tirana","41.4146995544","19.7206001282"
"BOJ","LBBG","Burgas Airport","Bourgas","42.56959915161133","27.515199661254883"
"GOZ","LBGO","Gorna Oryahovitsa Airport","Gorna Orechovica","43.15140151977539","25.712900161743164"
"PDV","LBPD","Plovdiv International Airport","Plovdiv","42.067799","24.8508"
"SOF","LBSF","Sofia Airport","Sofia","42.696693420410156","23.411436080932617"
"SZR","","Stara Zagora Airport","Stara Zagora","42.3766667","25.655"
"VAR","LBWN","Varna Airport","Varna","43.232101","27.8251"
"LCA","LCLK","Larnaca International Airport","Larnaca","34.875099182128906","33.624900817871094"
"PFO","LCPH","Paphos International Airport","Paphos","34.71799850463867","32.48569869995117"
"AKT","LCRA","RAF Akrotiri","Akrotiri","34.590401","32.9879"
"DBV","LDDU","Dubrovnik Airport","Dubrovnik","42.5614013671875","18.268199920654297"
"\N","","Osijek-Čepin Airfield","Cepin","45.5427778","18.6319444"
"OSI","LDOS","Osijek Airport","Osijek","45.46269989013672","18.810199737548828"
"PUY","LDPL","Pula Airport","Pula","44.89350128173828","13.922200202941895"
"\N","","Grobnicko Polje Airport","Grobnik","45.37950134277344","14.503800392150879"
"RJK","LDRI","Rijeka Airport","Rijeka","45.21689987182617","14.570300102233887"
"SPU","LDSP","Split Airport","Split","43.53889846801758","16.29800033569336"
"\N","","Varaždin Airport","Varazdin","46.294647216796875","16.382932662963867"
"ZAG","LDZA","Zagreb Airport","Zagreb","45.7429008484","16.0687999725"
"ZAD","LDZD","Zadar Airport","Zadar","44.108299","15.3467"
"\N","","Udbina Air Base","Udbina","44.55759811401367","15.774399757385254"
"ABC","LEAB","Albacete-Los Llanos Airport","Albacete","38.9485015869","-1.8635200262099998"
"ALC","LEAL","Alicante International Airport","Alicante","38.28219985961914","-0.5581560134887695"
"LEI","LEAM","Almería International Airport","Almeria","36.84389877319336","-2.3701000213623047"
"OVD","LEAS","Asturias Airport","Aviles","43.5635986328125","-6.0346198081970215"
"ODB","LEBA","Córdoba Airport","Cordoba","37.84199905395508","-4.848879814147949"
"BIO","LEBB","Bilbao Airport","Bilbao","43.30110168457031","-2.9106099605560303"
"BCN","LEBL","Barcelona International Airport","Barcelona","41.2971","2.07846"
"BJZ","LEBZ","Badajoz Airport","Badajoz","38.891300201416016","-6.8213300704956055"
"LCG","LECO","A Coruña Airport","La Coruna","43.302101","-8.37726"
"\N","","Armilla Air Base","Granada","37.1332016","-3.63568997"
"GRO","LEGE","Girona Airport","Gerona","41.901000977","2.7605500221"
"GRX","LEGR","Federico Garcia Lorca Airport","Granada","37.18870162963867","-3.777359962463379"
"\N","","Getafe Air Base","Madrid","40.29410171508789","-3.723829984664917"
"IBZ","LEIB","Ibiza Airport","Ibiza","38.872898101800004","1.3731199502899998"
"XRY","LEJR","Jerez Airport","Jerez","36.744598388671875","-6.060110092163086"
"MJV","","San Javier Airport","Murcia","37.775001525878906","-0.8123890161514282"
"MAD","LEMD","Adolfo Suárez Madrid–Barajas Airport","Madrid","40.471926","-3.56264"
"AGP","LEMG","Málaga Airport","Malaga","36.67490005493164","-4.499110221862793"
"MAH","LEMH","Menorca Airport","Menorca","39.86259841918945","4.218649864196777"
"OZP","LEMO","Moron Air Base","Sevilla","37.17490005493164","-5.615940093994141"
"\N","","Ocaña Airport","Ocana","39.9375","-3.5033299922943115"
"PNA","LEPP","Pamplona Airport","Pamplona","42.77000045776367","-1.6463299989700317"
"\N","","Alcantarilla Air Base","Murcia","37.951099","-1.23032"
"REU","LERS","Reus Air Base","Reus","41.14739990234375","1.1671700477600098"
"ROZ","LERT","Rota Naval Station Airport","Rota","36.645198822","-6.34946012497"
"SLM","LESA","Salamanca Airport","Salamanca","40.95209884643555","-5.501989841461182"
"\N","","Son Bonet Airport","Son Bonet","39.598899841308594","2.70278000831604"
"\N","","San Luis Airport","San Luis","39.86220169067383","4.25832986831665"
"EAS","LESO","San Sebastian Airport","San Sebastian","43.35649871826172","-1.7906099557876587"
"SCQ","LEST","Santiago de Compostela Airport","Santiago","42.89630126953125","-8.415140151977539"
"LEU","LESU","Pirineus - la Seu d'Urgel Airport","Seo De Urgel","42.3386","1.40917"
"TOJ","LETO","Torrejón Airport","Madrid","40.496700286865234","-3.4458699226379395"
"VLC","LEVC","Valencia Airport","Valencia","39.4893","-0.481625"
"VLL","LEVD","Valladolid Airport","Valladolid","41.7061004639","-4.85194015503"
"VIT","LEVT","Vitoria/Foronda Airport","Vitoria","42.8828010559082","-2.7244699001312256"
"VGO","LEVX","Vigo Airport","Vigo","42.2318000793457","-8.62677001953125"
"SDR","LEXJ","Santander Airport","Santander","43.427101135253906","-3.82000994682312"
"ZAZ","LEZG","Zaragoza Air Base","Zaragoza","41.66619873046875","-1.0415500402450562"
"SVQ","LEZL","Sevilla Airport","Sevilla","37.417999267578125","-5.8931097984313965"
"CQF","LFAC","Calais-Dunkerque Airport","Calais","50.962100982666016","1.954759955406189"
"\N","","Péronne-Saint-Quentin Airport","Peronne","49.8685","3.02958"
"\N","","Nangis-Les Loges Airport","Nangis","48.59619903564453","3.0067899227142334"
"\N","","Bagnoles-de-l'Orne-Couterne Airport","Bagnole-de-l'orne","48.545799255371094","-0.38744398951530457"
"BYF","LFAQ","Albert-Bray Airport","Albert","49.9715003967","2.69765996933"
"LTQ","LFAT","Le Touquet-Côte d'Opale Airport","Le Tourquet","50.517398834228516","1.6205899715423584"
"XVS","","Valenciennes-Denain Airport","Valenciennes","50.325801849365234","3.4612600803375244"
"\N","","Amiens-Glisy Airport","Amiens","49.873004","2.387074"
"AGF","LFBA","Agen-La Garenne Airport","Agen","44.17470169067383","0.5905560255050659"
"\N","","Cazaux (BA 120) Air Base","Cazaux","44.53329849243164","-1.125"
"BOD","LFBD","Bordeaux-Mérignac Airport","Bordeaux","44.828300476100004","-0.715556025505"
"EGC","LFBE","Bergerac-Roumanière Airport","Bergerac","44.82529830932617","0.5186110138893127"
"\N","","Toulouse-Francazal (BA 101) Air Base","Toulouse","43.54560089111328","1.3674999475479126"
"CNG","LFBG","Cognac-Châteaubernard (BA 709) Air Base","Cognac","45.65829849243164","-0.3174999952316284"
"PIS","LFBI","Poitiers-Biard Airport","Poitiers","46.58769989013672","0.30666598677635193"
"MCU","LFBK","Montluçon-Guéret Airport","Montlucon-gueret","46.222599029541016","2.363960027694702"
"LIG","LFBL","Limoges Airport","Limoges","45.86280059814453","1.1794400215148926"
"\N","","Mont-de-Marsan (BA 118) Air Base","Mont-de-marsan","43.911701","-0.5075"
"NIT","LFBN","Niort-Souché Airport","Niort","46.313477","-0.394529"
"TLS","LFBO","Toulouse-Blagnac Airport","Toulouse","43.629101","1.36382"
"PUF","LFBP","Pau Pyrénées Airport","Pau","43.380001068115234","-0.41861099004745483"
"\N","","Muret-Lherm Airport","La Rochelle","43.44889831542969","1.2633299827575684"
"LDE","LFBT","Tarbes-Lourdes-Pyrénées Airport","Tarbes","43.1786994934082","-0.006438999902456999"
"ANG","LFBU","Angoulême-Brie-Champniers Airport","Angouleme","45.72919845581055","0.22145600616931915"
"BVE","LFSL","Brive Souillac Airport","Brive","45.039722","1.485556"
"PGX","LFBX","Périgueux-Bassillac Airport","Perigueux","45.19810104370117","0.815555989742279"
"BIQ","LFBZ","Biarritz-Anglet-Bayonne Airport","Biarritz-bayonne","43.4683333","-1.5311111"
"ZAO","LFCC","Cahors-Lalbenque Airport","Cahors","44.35139846801758","1.4752800464630127"
"\N","","Saint-Girons-Antichan Airport","St.-girons","43.0078010559082","1.1031500101089478"
"\N","","Arcachon-La Teste-de-Buch Airport","Arcachon","44.596401","-1.11083"
"LBI","LFCI","Albi-Le Séquestre Airport","Albi","43.91389846801758","2.1130599975585938"
"DCM","LFCK","Castres-Mazamet Airport","Castres","43.55630111694336","2.289180040359497"
"\N","","Toulouse-Lasbordes Airport","Toulouse","43.58610153198242","1.499169945716858"
"\N","","Millau-Larzac Airfield","Millau","43.9893","3.183"
"\N","","Graulhet-Montdragon Airport","Graulhet","43.77109909057617","2.0108299255371094"
"RDZ","LFCR","Rodez-Marcillac Airport","Rodez","44.407901763916016","2.4826700687408447"
"\N","","Ussel-Thalamy Airport","Ussel","45.534698486328125","2.4238901138305664"
"\N","","Villeneuve-sur-Lot Airport","Villeneuve-sur-lot","44.39690017700195","0.7588890194892883"
"RYN","LFCY","Royan-Médis Airport","Royan","45.62810134887695","-0.9725000262260437"
"\N","","Mimizan Airport","Mimizan","44.145928","-1.16432"
"\N","","Aire-sur-l'Adour Airport","Aire-sur-l'adour","43.70940017700195","-0.245278000831604"
"XMW","","Montauban Airport","Montauban","44.025699615478516","1.3780399560928345"
"\N","","Auch-Lamothe Airport","Auch","43.687801","0.601667"
"\N","","Libourne-Artigues-de-Lussac Airport","Libourne","44.982498","-0.134722"
"\N","","Pamiers-Les Pujols Airport","Pamiers","43.090599060058594","1.69582998752594"
"\N","","Marmande-Virazeil Airport","Marmande","44.4989013671875","0.20051400363445282"
"RCO","LFDN","Rochefort-Saint-Agnant (BA 721) Airport","Rochefort","45.88779830932617","-0.9830560088157654"
"\N","","Pontivy Airport","Pontivy","48.05849838256836","-2.92182993888855"
"\N","","Aubigny-sur-Nère Airport","Aubigny-sur-nere","47.480556","2.394167"
"\N","","Guiscriff Scaer Airport","Guiscriff-scaer","48.0525016784668","-3.664720058441162"
"\N","","Ancenis Airport","Ancenis","47.40810012817383","-1.1775000095367432"
"\N","","Brienne-le-Château Airport","Brienne-le Chateau","48.4297981262207","4.48222017288208"
"CMR","LFGA","Colmar-Houssen Airport","Colmar","48.109901428222656","7.359010219573975"
"\N","","Beaune-Challanges Airport","Beaune","47.005901","4.89342"
"DLE","LFGJ","Dole-Tavaux Airport","Dole","47.042686","5.435063"
"\N","","Joigny Airport","Joigny","47.9921989440918","3.3922200202941895"
"\N","","Verdun-Le Rozelier Airfield","Verdun","49.122398","5.46905"
"OBS","LFHO","Aubenas-Ardèche Méridional Airport","Aubenas-vals-lanas","44.544203","4.372192"
"LPY","LFHP","Le Puy-Loudes Airport","Le Puy","45.0806999206543","3.762890100479126"
"\N","","Saint-Flour-Coltines Airport","St.-flour","45.07640075683594","2.99360990524292"
"\N","","Bourg-Ceyzériat Airport","Bourg","46.20090103149414","5.292029857635498"
"\N","","Villefranche-Tarare Airport","Vilefrance","45.919983","4.634931"
"\N","","Moulins-Montbeugny Airport","Moulins","46.53459930419922","3.423719882965088"
"\N","","Saint-Affrique-Belmont Airport","St.-afrique-belmont","43.823299407958984","2.7452800273895264"
"\N","","Cassagnes-Bégonhès Airport","Cassagnes-beghones","44.177799224853516","2.515000104904175"
"ETZ","LFJL","Metz-Nancy-Lorraine Airport","Metz","48.9821014404","6.25131988525"
"BIA","LFKB","Bastia-Poretta Airport","Bastia","42.55270004272461","9.48373031616211"
"CLY","LFKC","Calvi-Sainte-Catherine Airport","Calvi","42.5244444","8.7930556"
"FSC","LFKF","Figari Sud-Corse Airport","Figari","41.5005989074707","9.097780227661133"
"AJA","LFKJ","Ajaccio-Napoléon Bonaparte Airport","Ajaccio","41.92359924316406","8.8029203414917"
"PRP","LFKO","Propriano Airport","Propriano","41.66059875488281","8.889749526977539"
"SOZ","LFKS","Solenzara (BA 126) Air Base","Solenzara","41.924400329589844","9.406000137329102"
"\N","","Corte Airport","Corte","42.29359817504883","9.193059921264648"
"AUF","LFLA","Auxerre-Branches Airport","Auxerre","47.85020065307617","3.497109889984131"
"CMF","LFLB","Chambéry-Savoie Airport","Chambery","45.638099670410156","5.880229949951172"
"CFE","LFLC","Clermont-Ferrand Auvergne Airport","Clermont-Ferrand","45.7867012024","3.1691699028"
"BOU","LFLD","Bourges Airport","Bourges","47.058101654052734","2.3702800273895264"
"\N","","Chambéry-Challes-les-Eaux Airport","Chambery","45.5611000061","5.975759983060001"
"\N","","Chalon-Champforgeuil Airport","Chalon","46.82609939575195","4.817629814147949"
"QNJ","","Annemasse Airport","Annemasse","46.1920013428","6.268390178680001"
"LYS","LFLL","Lyon Saint-Exupéry Airport","Lyon","45.725556","5.081111"
"\N","","Mâcon-Charnay Airport","Macon","46.295101","4.79577"
"SYT","LFLN","Saint-Yan Airport","St.-yan","46.412498474121094","4.0132598876953125"
"RNE","LFLO","Roanne-Renaison Airport","Roanne","46.05830001831055","4.001389980316162"
"NCY","LFLP","Annecy-Haute-Savoie-Mont Blanc Airport","Annecy","45.9308333","6.1063889"
"GNB","LFLS","Grenoble-Isère Airport","Grenoble","45.36289978027344","5.329370021820068"
"\N","","Montluçon-Domérat Airport","Montlucon","46.352501","2.57049"
"VAF","LFLU","Valence-Chabeuil Airport","Valence","44.9216","4.9699"
"VHY","LFLV","Vichy-Charmeil Airport","Vichy","46.169700622558594","3.4037399291992188"
"AUR","LFLW","Aurillac Airport","Aurillac","44.89139938354492","2.4219400882720947"
"CHR","LFLX","Châteauroux-Déols ""Marcel Dassault"" Airport","Chateauroux","46.860278","1.721111"
"LYN","LFLY","Lyon-Bron Airport","Lyon","45.72719955444336","4.944270133972168"
"\N","","Aix-en-Provence (BA 114) Airport","Aix-les-milles","43.5056","5.36778"
"\N","","Le Luc-Le Cannet Airport","Le Luc","43.384700775146484","6.387139797210693"
"CEQ","LFMD","Cannes-Mandelieu Airport","Cannes","43.542","6.95348"
"EBU","LFMH","Saint-Étienne-Bouthéon Airport","St-Etienne","45.54059982299805","4.296390056610107"
"\N","","Istres Le Tubé/Istres Air Base (BA 125) Airport","Istres","43.522701","4.92384"
"CCF","LFMK","Carcassonne Airport","Carcassonne","43.215999603271484","2.3063199520111084"
"MRS","LFML","Marseille Provence Airport","Marseille","43.439271922","5.22142410278"
"NCE","LFMN","Nice-Côte d'Azur Airport","Nice","43.6584014893","7.215869903560001"
"XOG","","Orange-Caritat (BA 115) Air Base","Orange","44.140499114990234","4.866720199584961"
"PGF","LFMP","Perpignan-Rivesaltes (Llabanère) Airport","Perpignan","42.74039840698242","2.8706700801849365"
"CTT","LFMQ","Le Castellet Airport","Le Castellet","43.252498626708984","5.785190105438232"
"\N","","Alès-Deaux Airport","Ales","44.069698","4.14212"
"MPL","LFMT","Montpellier-Méditerranée Airport","Montpellier","43.57619857788086","3.96301007270813"
"BZR","LFMU","Béziers-Vias Airport","Beziers","43.32350158691406","3.3538999557495117"
"AVN","LFMV","Avignon-Caumont Airport","Avignon","43.90729904174805","4.901830196380615"
"\N","","Salon-de-Provence (BA 701) Air Base","Salon","43.60639953613281","5.109250068664551"
"\N","","Lézignan-Corbières Airfield","Lezignan-corbieres","43.1758","2.73417"
"MEN","LFNB","Mende-Brenoux Airfield","Mende","44.502102","3.53282"
"\N","","Carpentras Airport","Carpentras","44.02980041503906","5.078060150146484"
"\N","","Avord (BA 702) Air Base","Avord","47.053299","2.6325"
"BVA","LFOB","Paris Beauvais Tillé Airport","Beauvais","49.45439910888672","2.1127800941467285"
"\N","","Châteaudun (BA 279) Air Base","Chateaudun","48.058102","1.37662"
"\N","","Saumur-Saint-Florent Airport","Saumur","47.256802","-0.115142"
"EVX","LFOE","Évreux-Fauville (BA 105) Air Base","Evreux","49.02870178222656","1.2198599576950073"
"LEH","LFOH","Le Havre Octeville Airport","Le Havre","49.53390121459961","0.08805599808692932"
"XAB","","Abbeville","Abbeville","50.143501","1.831891"
"ORE","LFOZ","Orléans-Bricy (BA 123) Air Base","Orleans","47.9878005981","1.7605600357100002"
"XCR","LFOK","Châlons-Vatry Airport","Chalons","48.7733333333","4.206111111"
"URO","LFOP","Rouen Airport","Rouen","49.38420104980469","1.1748000383377075"
"TUF","LFOT","Tours-Val-de-Loire Airport","Tours","47.4322013855","0.727605998516"
"CET","LFOU","Cholet Le Pontreau Airport","Cholet","47.08209991455078","-0.8770639896392822"
"LVA","LFOV","Laval-Entrammes Airport","Laval","48.03139877319336","-0.7429860234260559"
"\N","","Orléans-Saint-Denis-de-l'Hôtel Airport","Orleans","47.8969","2.16333"
"LBG","LFPB","Paris-Le Bourget Airport","Paris","48.969398498535156","2.441390037536621"
"CSF","LFPC","Creil Air Base","Creil","49.253501892089844","2.5191400051116943"
"CDG","LFPG","Charles de Gaulle International Airport","Paris","49.012798","2.55"
"\N","","Coulommiers-Voisins Airport","Coulommiers","48.83769989013672","3.016119956970215"
"\N","","Melun-Villaroche Air Base","Melun","48.604698181152344","2.6711199283599854"
"TNF","LFPN","Toussus-le-Noble Airport","Toussous-le-noble","48.75189971923828","2.1061899662017822"
"ORY","LFPO","Paris-Orly Airport","Paris","48.7233333","2.3794444"
"POX","LFPT","Pontoise - Cormeilles-en-Vexin Airport","Pontoise","49.096667","2.040833"
"VIY","","Villacoublay-Vélizy (BA 107) Air Base","Villacoublay","48.7741667","2.1916667"
"\N","","Reims-Prunay Airport","Reims","49.20869827270508","4.156579971313477"
"\N","","Troyes-Barberey Airport","Troyes","48.322102","4.0167"
"\N","","Lunéville-Croismare Airport","Luneville","48.593299865722656","6.543459892272949"
"\N","","Étain-Rouvres Air Base","Etain","49.226898193359375","5.672220230102539"
"\N","","Autun-Bellevue Airport","Autun","46.96730041503906","4.260570049285889"
"NVS","LFQG","Nevers-Fourchambault Airport","Nevers","47.002601623535156","3.1133298873901367"
"\N","","Cambrai-Épinoy (BA 103) Air Base","Cambrai","50.221802","3.15424"
"XME","","Maubeuge-Élesmes Airport","Maubeuge","50.31050109863281","4.033120155334473"
"\N","","Besançon-La Vèze Airport","Besancon-la-veze","47.2066","6.083681"
"\N","","Phalsbourg-Bourscheid Air Base","Phalsbourg","48.7680556","7.205"
"LIL","LFQQ","Lille-Lesquin Airport","Lille","50.563332","3.086886"
"HZB","LFQT","Merville-Calonne Airport","Merville","50.61840057373047","2.642240047454834"
"XCZ","","Charleville-Mézières Airport","Charleville","49.78390121459961","4.647079944610596"
"\N","","Vesoul-Frotey Airport","Vesoul-frotey","47.6376","6.20392"
"BES","LFRB","Brest Bretagne Airport","Brest","48.447898864746094","-4.418540000915527"
"CER","LFRC","Cherbourg-Maupertus Airport","Cherbourg","49.65010070800781","-1.4702800512313843"
"DNR","LFRD","Dinard-Pleurtuit-Saint-Malo Airport","Dinard","48.58769989013672","-2.0799601078033447"
"LBY","LFRE","La Baule-Escoublac Airport","La Baule","47.289398193359375","-2.3463900089263916"
"GFR","LFRF","Granville Airport","Granville","48.88309860229492","-1.564170002937317"
"DOL","LFRG","Deauville-Saint-Gatien Airport","Deauville","49.3652992249","0.154305994511"
"LRT","LFRH","Lorient South Brittany (Bretagne Sud) Airport","Lorient","47.76060104370117","-3.440000057220459"
"EDM","LFRI","La Roche-sur-Yon Airport","La Roche-sur-yon","46.701900482177734","-1.3786300420761108"
"LDV","LFRJ","Landivisiau Air Base","Landivisiau","48.53030014038086","-4.151639938354492"
"CFR","LFRK","Caen-Carpiquet Airport","Caen","49.173301696777344","-0.44999998807907104"
"\N","","Lanvéoc-Poulmic Air Base","Lanvedoc","48.281700134277344","-4.4450201988220215"
"LME","LFRM","Le Mans-Arnage Airport","Le Mans","47.94860076904297","0.20166699588298798"
"RNS","LFRN","Rennes-Saint-Jacques Airport","Rennes","48.069499969499994","-1.73478996754"
"LAI","LFRO","Lannion-Côte de Granit Airport","Lannion","48.754398","-3.47166"
"UIP","LFRQ","Quimper-Cornouaille Airport","Quimper","47.974998474121094","-4.167789936065674"
"NTE","LFRS","Nantes Atlantique Airport","Nantes","47.153198242200006","-1.61073005199"
"SBK","LFRT","Saint-Brieuc-Armor Airport","St.-brieuc Armor","48.5378","-2.85444"
"MXN","LFRU","Morlaix-Ploujean Airport","Morlaix","48.6031990051","-3.81577992439"
"VNE","LFRV","Vannes-Meucon Airport","Vannes","47.72330093383789","-2.718559980392456"
"SNR","LFRZ","Saint-Nazaire-Montoir Airport","St.-nazaire","47.3105556","-2.1566667"
"BSL","LFSB","EuroAirport Basel-Mulhouse-Freiburg Airport","Mulhouse","47.59","7.5291667"
"\N","","Colmar-Meyenheim Air Base","Colmar","47.922000885","7.39967012405"
"DIJ","LFSD","Dijon-Bourgogne Airport","Dijon","47.268902","5.09"
"MZM","","Metz-Frescaty (BA 128) Air Base","Metz","49.07170104980469","6.131669998168945"
"EPL","LFSG","Épinal-Mirecourt Airport","Epinal","48.325001","6.06998"
"\N","","Haguenau Airport","Haguenau","48.7943000793","7.81760978699"
"\N","","Saint-Dizier-Robinson (BA 113) Air Base","St.-dizier","48.63600158691406","4.899419784545898"
"\N","","Montbéliard-Courcelles Airfield","Montbeliard","47.487","6.79054"
"ENC","LFSN","Nancy-Essey Airport","Nancy","48.692100524902344","6.230460166931152"
"\N","","Nancy-Ochey (BA 133) Air Base","Nancy","48.583099365234375","5.954999923706055"
"\N","","Pontarlier Airport","Pontarlier","46.90399932861328","6.3273701667785645"
"RHE","","Reims-Champagne (BA 112) Air Base","Reims","49.310001","4.05"
"SXB","LFST","Strasbourg Airport","Strasbourg","48.538299560546875","7.628230094909668"
"\N","","Luxeuil-Saint-Sauveur (BA 116) Air Base","Luxeuil","47.7830556","6.36416667"
"\N","","Cuers-Pierrefeu Airport","Cuers","43.247798919677734","6.126699924468994"
"TLN","LFTH","Toulon-Hyères Airport","Hyeres","43.0973014832","6.14602994919"
"FNI","LFTW","Nîmes-Arles-Camargue Airport","Nimes","43.75740051269531","4.4163498878479"
"MQC","LFVM","Miquelon Airport","Miquelon","47.095500946","-56.3802986145"
"FSP","LFVP","St Pierre Airport","St.-pierre","46.762901306152344","-56.173099517822266"
"\N","","Ambérieu Air Base (BA 278)","Amberieu","45.987301","5.32844"
"\N","","Damblain Airport","Damblain","48.086299896240234","5.664060115814209"
"PYR","LGAD","Andravida Air Base","Andravida","37.9207","21.292601"
"AGQ","","Agrinion Air Base","Agrinion","38.602001","21.3512001"
"AXD","LGAL","Dimokritos Airport","Alexandroupolis","40.855899810791016","25.956300735473633"
"\N","","Alexandria Airport","Alexandria","40.651100158691406","22.48870086669922"
"VOL","LGBL","Nea Anchialos Airport","Nea Anghialos","39.219600677490234","22.794300079345703"
"\N","","Elefsis Airport","Elefsis","38.06380081176758","23.555999755859375"
"JKH","LGHI","Chios Island National Airport","Chios","38.34320068359375","26.140600204467773"
"IOA","LGIO","Ioannina Airport","Ioannina","39.6963996887207","20.822500228881836"
"HER","LGIR","Heraklion International Nikos Kazantzakis Airport","Heraklion","35.3396987915","25.180299758900002"
"KSO","LGKA","Kastoria National Airport","Kastoria","40.4463005066","21.2821998596"
"KIT","LGKC","Kithira Airport","Kithira","36.2742996216","23.0170001984"
"EFL","LGKF","Kefallinia Airport","Keffallinia","38.12009811401367","20.500499725341797"
"KLX","LGKL","Kalamata Airport","Kalamata","37.06829833984375","22.02549934387207"
"\N","","Amigdhaleon Airport","Kavala","40.972801208496094","24.341400146484375"
"KGS","LGKO","Kos Airport","Kos","36.79330062866211","27.091699600219727"
"AOK","LGKP","Karpathos Airport","Karpathos","35.4213981628418","27.145999908447266"
"CFU","LGKR","Ioannis Kapodistrias International Airport","Kerkyra/corfu","39.601898193359375","19.911699295043945"
"KSJ","LGKS","Kasos Airport","Kasos","35.4213981628","26.909999847399998"
"KVA","LGKV","Alexander the Great International Airport","Kavala","40.913299560546875","24.619199752807617"
"KZI","LGKZ","Filippos Airport","Kozani","40.28609848022461","21.84079933166504"
"LRS","LGLE","Leros Airport","Leros","37.184898","26.800301"
"LXS","LGLM","Limnos Airport","Limnos","39.917098999","25.236299514799995"
"LRA","LGLR","Larisa Airport","Larissa","39.650253","22.4655"
"\N","","Megara Airport","Megara","37.98109817504883","23.365400314331055"
"JMK","LGMK","Mikonos Airport","Mykonos","37.43510055541992","25.348100662231445"
"MJT","LGMT","Mytilene International Airport","Mytilini","39.0567016602","26.5983009338"
"PVK","LGPZ","Aktion National Airport","Preveza","38.925498962402344","20.765300750732422"
"\N","","Maritsa Airport","Rhodos","36.38309860229492","28.10890007019043"
"RHO","LGRP","Diagoras Airport","Rhodos","36.405399322509766","28.086200714111328"
"GPA","LGRX","Araxos Airport","Patras","38.1511","21.4256"
"CHQ","LGSA","Chania International Airport","Chania","35.531700134277344","24.149700164794922"
"JSI","LGSK","Skiathos Island National Airport","Skiathos","39.177101135253906","23.503700256347656"
"SMI","LGSM","Samos Airport","Samos","37.689998626708984","26.911699295043945"
"SPJ","","Sparti Airport","Sparti","36.973899841308594","22.52630043029785"
"JTR","LGSR","Santorini Airport","Thira","36.399200439453125","25.479299545288086"
"JSH","LGST","Sitia Airport","Sitia","35.21609878540039","26.101299285888672"
"\N","","Stefanovikion Air Base","Stefanovikion","39.48","22.7672"
"SKU","LGSY","Skiros Airport","Skiros","38.9676017761","24.4871997833"
"\N","","Tanagra Air Base","Tanagra","38.339802","23.565001"
"\N","","Kasteli Airport","Kasteli","35.192001","25.327"
"\N","","Tripolis Airport","Tripolis","37.530601501464844","22.403600692749023"
"SKG","LGTS","Thessaloniki Macedonia International Airport","Thessaloniki","40.51969909667969","22.97089958190918"
"\N","","Tatoi Airport","Dekelia","38.1088981628418","23.78380012512207"
"ZTH","LGZA","Zakynthos International Airport ""Dionysios Solomos""","Zakynthos","37.7509","20.8843"
"BUD","LHBP","Budapest Liszt Ferenc International Airport","Budapest","47.42976","19.261093"
"DEB","LHDC","Debrecen International Airport","Debrecen","47.48889923095703","21.615299224853516"
"\N","","Kecskemét Airport","Kecskemet","46.91749954223633","19.74920082092285"
"\N","","Nyíregyháza Airport","Nyirregyhaza","47.9838981628418","21.69230079650879"
"\N","","Őcsény Airport","Ocseny","46.30390167236328","18.76919937133789"
"\N","","Szentkirályszabadja Airport","Azentkilyszabadja","47.07789993286133","17.968399047851562"
"\N","","Szolnok Air Base","Szolnok","47.122897","20.2355"
"\N","","Amendola Air Base","Amendola","41.541401","15.7181"
"CRV","LIBC","Crotone Airport","Crotone","38.9972","17.0802"
"BRI","LIBD","Bari Karol Wojtyła Airport","Bari","41.138901","16.760599"
"FOG","LIBF","Foggia ""Gino Lisa"" Airport","Foggia","41.432899","15.535"
"TAR","LIBG","Taranto-Grottaglie ""Marcello Arlotta"" Airport","Grottaglie","40.517502","17.4032"
"LCC","LIBN","Lecce Galatina Air Base","Lecce","40.239201","18.133301"
"PSR","LIBP","Pescara International Airport","Pescara","42.431702","14.1811"
"BDS","LIBR","Brindisi – Salento Airport","Brindisi","40.6576","17.947001"
"\N","","Gioia Del Colle Air Base","Gioia Del Colle","40.767799","16.9333"
"SUF","LICA","Lamezia Terme Airport","Lamezia","38.905399","16.2423"
"CTA","LICC","Catania-Fontanarossa Airport","Catania","37.466801","15.0664"
"LMP","LICD","Lampedusa Airport","Lampedusa","35.497898","12.6181"
"PNL","LICG","Pantelleria Airport","Pantelleria","36.816502","11.9689"
"PMO","LICJ","Falcone–Borsellino Airport","Palermo","38.175999","13.091"
"\N","","Palermo-Boccadifalco Airport","Palermo","38.110802","13.3133"
"REG","LICR","Reggio Calabria Airport","Reggio Calabria","38.071201","15.6516"
"TPS","LICT","Vincenzo Florio Airport Trapani-Birgi","Trapani","37.9114","12.488"
"NSY","","Sigonella Navy Air Base","Sigonella","37.401699","14.9224"
"AHO","LIEA","Alghero-Fertilia Airport","Alghero","40.632099","8.29077"
"DCI","LIED","Decimomannu Air Base","Decimomannu","39.354198","8.97248"
"CAG","LIEE","Cagliari Elmas Airport","Cagliari","39.251499","9.05428"
"OLB","LIEO","Olbia Costa Smeralda Airport","Olbia","40.898701","9.51763"
"TTB","","Tortolì Airport","Tortoli","39.9188","9.68298"
"\N","","Torino-Aeritalia Airport","Turin","45.086399","7.60337"
"\N","","Milano-Bresso Airfield","Milano","45.542198","9.20333"
"MXP","LIMC","Malpensa International Airport","Milano","45.6306","8.72811"
"BGY","LIME","Il Caravaggio International Airport","Bergamo","45.673901","9.70417"
"TRN","LIMF","Turin Airport","Torino","45.200802","7.64963"
"ALL","","Villanova D'Albenga International Airport","Albenga","44.050598","8.12743"
"GOA","LIMJ","Genoa Cristoforo Colombo Airport","Genoa","44.4133","8.8375"
"LIN","LIML","Milano Linate Airport","Milan","45.445099","9.27674"
"\N","","Cameri Air Base [MIL]","Cameri","45.529598","8.66922"
"PMF","LIMP","Parma Airport","Parma","44.824501","10.2964"
"\N","","Piacenza San Damiano Air Base","Piacenza","44.913102","9.723322"
"CUF","LIMZ","Cuneo International Airport","Cuneo","44.547001","7.62322"
"AVB","LIPA","Aviano Air Base","Aviano","46.031898","12.596503"
"BZO","LIPB","Bolzano Airport","Bolzano","46.460201","11.3264"
"\N","","Cervia Air Base","Cervia","44.224201","12.3072"
"BLQ","LIPE","Bologna Guglielmo Marconi Airport","Bologna","44.5354","11.2887"
"TSF","LIPH","Treviso-Sant'Angelo Airport","Treviso","45.648399","12.1944"
"\N","","Rivolto Air Base","Rivolto","45.978699","13.0493"
"FRL","LIPK","Forlì Airport","Forli","44.194801","12.0701"
"\N","","Ghedi Air Base","Ghedi","45.432201","10.2677"
"\N","","Verona-Boscomantico Airport","Verona","45.472","10.9279"
"VBS","LIPO","Brescia Airport","Brescia","45.428902","10.3306"
"TRS","LIPQ","Trieste–Friuli Venezia Giulia Airport","Ronchi De Legionari","45.827499","13.4722"
"RMI","LIPR","Federico Fellini International Airport","Rimini","44.020302","12.6117"
"\N","","Istrana Air Base","Treviso","45.684898","12.0829"
"VIC","","Vicenza Airport","Vicenza","45.573399","11.5295"
"QPA","","Padova Airport","Padova","45.395802","11.8479"
"VRN","LIPX","Verona Villafranca Airport","Villafranca","45.395699","10.8885"
"VCE","LIPZ","Venice Marco Polo Airport","Venice","45.505299","12.3519"
"SAY","","Siena-Ampugnano Airport","Siena","43.256302","11.255"
"CIA","LIRA","Ciampino–G. B. Pastine International Airport","Rome","41.7994","12.5949"
"\N","","Pratica Di Mare Air Base","Pratica Di Mare","41.654499","12.4452"
"FCO","LIRF","Leonardo da Vinci–Fiumicino Airport","Rome","41.8002778","12.2388889"
"\N","","Guidonia Air Base","Guidonia","41.990299","12.7408"
"EBA","LIRJ","Marina Di Campo Airport","Marina Di Campo","42.7603","10.2394"
"QLT","","Latina Air Base","Latina","41.5424","12.909"
"\N","","Grazzanise Air Base","Grazzanise","41.060799","14.0819"
"NAP","LIRN","Naples International Airport","Naples","40.886002","14.2908"
"PSA","LIRP","Pisa International Airport","Pisa","43.683899","10.3927"
"FLR","LIRQ","Peretola Airport","Florence","43.810001","11.2051"
"GRS","LIRS","Grosseto Air Base","Grosseto","42.759701","11.0719"
"\N","","Urbe Airport","Rome","41.9519","12.4989"
"\N","","Viterbo Airport","Viterbo","42.430199","12.0642"
"PEG","LIRZ","Perugia San Francesco d'Assisi – Umbria International Airport","Perugia","43.095901","12.5132"
"\N","","Cerklje Airport","Cerklje","45.900001525879","15.530200004578"
"LJU","LJLJ","Ljubljana Jože Pučnik Airport","Ljubljana","46.223701","14.4576"
"MBX","LJMB","Maribor Airport","Maribor","46.47990036010742","15.686100006103516"
"POW","LJPZ","Portoroz Airport","Portoroz","45.4734001159668","13.614999771118164"
"\N","","Slovenj Gradec Airport","Slovenj Gradec","46.47200012207031","15.116999626159668"
"\N","","České Budějovice Airport","Ceske Budejovice","48.9463996887207","14.427499771118164"
"\N","","Čáslav Air Base","Caslav","49.939701080322266","15.381799697875977"
"\N","","Hradec Králové Airport","Hradec Kralove","50.253201","15.8452"
"\N","","Hořovice Airport","Horovice","49.84809875488281","13.893500328063965"
"\N","","Kbely Air Base","Praha","50.12139892578125","14.543600082397461"
"UHE","LKKU","Kunovice Airport","Kunovice","49.02939987182617","17.439699172973633"
"KLV","LKKV","Karlovy Vary International Airport","Karlovy Vary","50.202999114990234","12.914999961853027"
"\N","","Plzeň-Líně Airport","Line","49.675201416016","13.274600028992"
"\N","","Mnichovo Hradiště Airport","Mnichovo Hradiste","50.540199279785156","15.006600379943848"
"OSR","LKMT","Ostrava Leos Janáček Airport","Ostrava","49.6963005065918","18.111099243164062"
"\N","","Náměšť Air Base","Namest","49.16579818725586","16.124900817871094"
"PED","LKPD","Pardubice Airport","Pardubice","50.01340103149414","15.73859977722168"
"\N","","Pribram Airport","Pribram","49.7201","14.1006"
"PRV","LKPO","Přerov Air Base","Prerov","49.42580032348633","17.404699325561523"
"PRG","LKPR","Václav Havel Airport Prague","Prague","50.1008","14.26"
"BRQ","LKTB","Brno-Tuřany Airport","Brno","49.15129852294922","16.694400787353516"
"VOD","LKVO","Vodochody Airport","Vodochody","50.216599","14.3958"
"TLV","LLBG","Ben Gurion International Airport","Tel-aviv","32.01139831542969","34.88669967651367"
"BEV","LLBS","Beersheba (Teyman) Airport","Beer-sheba","31.287000656128","34.722999572754"
"\N","","Tel Nof Air Base","Tel-nof","31.8395004272","34.8218002319"
"\N","","Ein Shemer Airfield","Eyn-shemer","32.440799713134766","35.0077018737793"
"ETH","","Eilat Airport","Elat","29.56130027770996","34.96009826660156"
"EIY","LLEY","Ein Yahav Airfield","Eyn-yahav","30.621700286865234","35.20330047607422"
"HFA","LLHA","Haifa International Airport","Haifa","32.80939865112305","35.04309844970703"
"\N","","Hatzor Air Base","Haztor","31.7625007629","34.727199554399995"
"RPN","LLIB","Ben Ya'akov Airport","Rosh Pina","32.98099899291992","35.5718994140625"
"\N","","Megiddo Airport","Megido Airstrip","32.5973014831543","35.22880172729492"
"MTZ","LLMZ","Bar Yehuda Airfield","Metzada","31.32819938659668","35.38859939575195"
"VTM","LLNV","Nevatim Air Base","Nevatim","31.208299636799996","35.012298584"
"VDA","LLOV","Ovda International Airport","Ovda","29.94029998779297","34.93579864501953"
"\N","","Ramat David Air Base","Ramat David","32.66510009765625","35.179500579833984"
"MIP","LLMR","Ramon Air Base","Ramon","30.776100158691406","34.66669845581055"
"SDV","","Sde Dov Airport","Tel-aviv","32.11470031738281","34.78219985961914"
"MLA","LMML","Malta International Airport","Malta","35.857498","14.4775"
"\N","","Wiener Neustadt East Airport","Wiener Neustadt Ost","47.843299865722656","16.260099411010742"
"\N","","Wels Airport","Wels","48.18330001831055","14.040900230407715"
"GRZ","LOWG","Graz Airport","Graz","46.9911003112793","15.439599990844727"
"INN","LOWI","Innsbruck Airport","Innsbruck","47.260201","11.344"
"LNZ","LOWL","Linz Hörsching Airport","Linz","48.2332","14.1875"
"SZG","LOWS","Salzburg Airport","Salzburg","47.793300628699996","13.0043001175"
"VIE","LOWW","Vienna International Airport","Vienna","48.110298156738","16.569700241089"
"\N","","Hinterstoisser Air Base","Zeltweg","47.202801","14.7442"
"AVR","","Alverca Air Base","Alverca","38.883301","-9.0301"
"SMA","LPAZ","Santa Maria Airport","Santa Maria (island)","36.97140121459961","-25.17060089111328"
"BGC","LPBG","Bragança Airport","Braganca","41.8578","-6.70713"
"BYJ","LPBJ","Beja Airport / Airbase","Beja (madeira)","38.078899","-7.9324"
"BGZ","","Braga Municipal Aerodrome","Braga","41.5871009827","-8.445139884949999"
"\N","","Aerodromo Municipal de Coimbra","Coimba","40.158758","-8.470815"
"CAT","LPCS","Cascais Airport","Cascais","38.724998","-9.35523"
"\N","","Coimbra Hospital Covões Heliport","Covilha","40.194812","-8.460207"
"\N","","Évora Airport","Evora","38.533501","-7.88964"
"FLW","LPFL","Flores Airport","Flores","39.455299377441406","-31.131399154663086"
"FAO","LPFR","Faro Airport","Faro","37.0144004822","-7.96590995789"
"GRW","LPGR","Graciosa Airport","Graciosa Island","39.092201232910156","-28.029800415039062"
"HOR","LPHR","Horta Airport","Horta","38.519901275634766","-28.715900421142578"
"TER","LPLA","Lajes Airport","Lajes (terceira Island)","38.761799","-27.090799"
"QLR","","Monte Real Air Base","Monte Real","39.828335","-8.8875"
"\N","","Montijo Air Base","Montijo","38.703899","-9.03592"
"\N","","Ovar Air Base","Ovar","40.915901","-8.64592"
"PDL","LPPD","João Paulo II Airport","Ponta Delgada","37.7411994934","-25.6979007721"
"PIX","LPPI","Pico Airport","Pico","38.554298","-28.441299"
"PRM","LPPM","Portimão Airport","Portimao","37.1493","-8.58396"
"OPO","LPPR","Francisco de Sá Carneiro Airport","Porto","41.2481002808","-8.68138980865"
"PXO","LPPS","Porto Santo Airport","Porto Santo","33.0733985901","-16.3500003815"
"LIS","LPPT","Humberto Delgado Airport (Lisbon Portela Airport)","Lisbon","38.7813","-9.13592"
"SJZ","LPSJ","São Jorge Airport","Sao Jorge Island","38.66550064086914","-28.175800323486328"
"\N","","Sintra Air Base","Sintra","38.8311","-9.33955"
"\N","","Tancos Airbase","Tancos","39.475101","-8.36458"
"VRL","LPVR","Vila Real Airport","Vila Real","41.2743","-7.72047"
"VSE","LPVZ","Aerodromo Goncalves Lobato (Viseu Airport)","Viseu","40.725498","-7.88899"
"OMO","LQMO","Mostar International Airport","Mostar","43.282901763916016","17.84589958190918"
"SJJ","LQSA","Sarajevo International Airport","Sarajevo","43.82460021972656","18.331499099731445"
"ARW","LRAR","Arad International Airport","Arad","46.17660140991211","21.261999130249023"
"BCM","LRBC","Bacău Airport","Bacau","46.52190017700195","26.91029930114746"
"BAY","LRBM","Tautii Magheraus Airport","Baia Mare","47.65840148925781","23.469999313354492"
"BBU","LRBS","Băneasa International Airport","Bucharest","44.50320053100586","26.102100372314453"
"CND","LRCK","Mihail Kogălniceanu International Airport","Constanta","44.36220169067383","28.488300323486328"
"CLJ","LRCL","Cluj-Napoca International Airport","Cluj-napoca","46.78519821166992","23.686199188232422"
"CSB","LRCS","Caransebeş Airport","Caransebes","45.41999816894531","22.253299713134766"
"CRA","LRCV","Craiova Airport","Craiova","44.31809997558594","23.888599395751953"
"IAS","LRIA","Iaşi Airport","Iasi","47.17850112915039","27.6205997467041"
"OMR","LROD","Oradea International Airport","Oradea","47.025299072265625","21.90250015258789"
"OTP","LROP","Henri Coandă International Airport","Bucharest","44.5711111","26.085"
"SBZ","LRSB","Sibiu International Airport","Sibiu","45.78559875488281","24.091299057006836"
"SUJ","LRSM","Satu Mare Airport","Satu Mare","47.70330047607422","22.885700225830078"
"SCV","LRSV","Suceava Stefan cel Mare Airport","Suceava","47.6875","26.35409927368164"
"TCE","LRTC","Tulcea Airport","Tulcea","45.0625","28.71430015563965"
"TGM","LRTM","Transilvania Târgu Mureş International Airport","Tirgu Mures","46.46770095825195","24.412500381469727"
"TSR","LRTR","Timişoara Traian Vuia Airport","Timisoara","45.809898376464844","21.337900161743164"
"\N","","Les Eplatures Airport","Les Eplatures","47.083900451699996","6.792840003970001"
"GVA","LSGG","Geneva Cointrin International Airport","Geneva","46.23809814453125","6.108950138092041"
"\N","","Saanen Airport","Saanen","46.4874992371","7.25083017349"
"SIR","LSGS","Sion Airport","Sion","46.219600677500004","7.326759815220001"
"\N","","Alpnach Air Base","Alpnach","46.943901","8.28417"
"\N","","Dübendorf Air Base","Dubendorf","47.398601532","8.648229599"
"EML","LSME","Emmen Air Base","Emmen","47.092444","8.305184"
"\N","","Mollis Airport","Mollis","47.07889938354492","9.06482982635498"
"\N","","Meiringen Airport","Meiringen","46.74330139160156","8.109999656677246"
"\N","","Payerne Air Base","Payerne","46.8432","6.91506004333"
"LUG","LSZA","Lugano Airport","Lugano","46.00429916379999","8.9105796814"
"BRN","LSZB","Bern Belp Airport","Bern","46.914100647","7.497149944309999"
"ZHI","","Grenchen Airport","Grenchen","47.181599","7.41719"
"ZRH","LSZH","Zürich Airport","Zurich","47.464699","8.54917"
"ACH","LSZR","St Gallen Altenrhein Airport","Altenrhein","47.4850006104","9.560770034789998"
"SMV","LSZS","Samedan Airport","Samedan","46.53409957885742","9.884110450744629"
"\N","","Güvercinlik Airport","Ankara","39.9350013733","32.7407989502"
"ESB","LTAC","Esenboğa International Airport","Ankara","40.128101348899996","32.995098114"
"ANK","LTAD","Etimesgut Air Base","Ankara","39.949798584","32.6885986328"
"\N","","Akıncı Air Base","Ankara","40.078899383499994","32.5656013489"
"ADA","LTAF","Adana Airport","Adana","36.9822006226","35.280399322499996"
"UAB","LTAG","İncirlik Air Base","Adana","37.002101898199996","35.4258995056"
"AFY","LTAH","Afyon Airport","Afyon","38.726398468","30.6011009216"
"AYT","LTAI","Antalya International Airport","Antalya","36.898701","30.800501"
"GZT","LTAJ","Gaziantep International Airport","Gaziantep","36.9472007751","37.4786987305"
"\N","","İskenderun Airport","Iskenderun","36.5744552612","36.1534194946"
"KYA","LTAN","Konya Airport","Konya","37.979","32.561901"
"\N","","Malatya Tulga Airport","Malatya","38.353699","38.253899"
"MZH","LTAP","Amasya Merzifon Airport","Merzifon","40.829399","35.521999"
"VAS","LTAR","Sivas Nuri Demirağ Airport","Sivas","39.813801","36.9035"
"MLX","LTAT","Malatya Erhaç Airport","Malatya","38.435298919699996","38.0909996033"
"ASR","LTAU","Kayseri Erkilet Airport","Kayseri","38.770401001","35.4953994751"
"\N","","Sivrihisar Airport","Sivrihisar","39.451499938964844","31.365299224853516"
"TJK","LTAW","Tokat Airport","Tokat","40.307430267333984","36.367408752441406"
"DNZ","LTAY","Çardak Airport","Denizli","37.7855987549","29.7012996674"
"ISL","LTBA","Atatürk International Airport","Istanbul","40.976898","28.8146"
"BZI","LTBF","Balıkesir Merkez Airport","Balikesir","39.619300842285156","27.926000595092773"
"BDM","LTBG","Bandırma Airport","Bandirma","40.31800079345703","27.977699279785156"
"ESK","LTBI","Eskişehir Air Base","Eskisehir","39.7840995789","30.582099914599997"
"ADB","LTBJ","Adnan Menderes International Airport","Izmir","38.2924003601","27.156999588"
"\N","","Gaziemir Airport","Izmir","38.31909942626953","27.159400939941406"
"IGL","","Çiğli Airport","Izmir","38.513000488299994","27.010099411"
"\N","","Isparta Airport","Isparta","37.78512191772461","30.59001922607422"
"\N","","Kütahya Airport","Kutahya","39.426700592041016","30.01689910888672"
"\N","","Yalova Airport","Yalova","40.68439865112305","29.375699996948242"
"KCO","LTBQ","Cengiz Topel Airport","Topel","40.73500061035156","30.08329963684082"
"DLM","LTBS","Dalaman International Airport","Dalaman","36.7131004333","28.7924995422"
"\N","","Akhisar Airport","Akhisar","38.80889892578125","27.833900451660156"
"BXN","LTBV","Imsık Airport","Bodrum","37.140098571777344","27.669700622558594"
"\N","","Samandıra Air Base","Istanbul","40.99300003051758","29.21649932861328"
"EZS","LTCA","Elazığ Airport","Elazig","38.6068992615","39.2914009094"
"DIY","LTCC","Diyarbakir Airport","Diyabakir","37.893901825","40.201000213600004"
"ERC","LTCD","Erzincan Airport","Erzincan","39.7102012634","39.527000427199994"
"ERZ","LTCE","Erzurum International Airport","Erzurum","39.9565010071","41.17020034789999"
"TZX","LTCG","Trabzon International Airport","Trabzon","40.99509811401367","39.78969955444336"
"VAN","LTCI","Van Ferit Melen Airport","Van","38.46820068359375","43.332298278808594"
"BAL","LTCJ","Batman Airport","Batman","37.929000854499996","41.1166000366"
"SXZ","LTCL","Siirt Airport","Siirt","37.97890090942383","41.84040069580078"
"\N","","Kaklıç Airport","Izmir","38.517601013183594","26.977399826049805"
"\N","","Selçuk Efes Airport","Izmir","37.95069885253906","27.32900047302246"
"BZY","LUBL","Bălți International Airport","Saltsy","47.843056","27.777222"
"KIV","","Chişinău International Airport","Chisinau","46.92770004272461","28.930999755859375"
"OHD","LWOH","Ohrid St. Paul the Apostle Airport","Ohrid","41.18","20.7423"
"SKP","LWSK","Skopje Alexander the Great Airport","Skopje","41.961601","21.621401"
"GIB","LXGB","Gibraltar Airport","Gibraltar","36.1511993408","-5.3496599197400005"
"BEG","LYBE","Belgrade Nikola Tesla Airport","Belgrade","44.8184013367","20.3090991974"
"INI","LYNI","Nis Airport","Nis","43.337299","21.853701"
"TGD","LYPG","Podgorica Airport","Podgorica","42.359402","19.2519"
"PRN","BKPR","Priština International Airport","Pristina","42.5728","21.035801"
"TIV","LYTV","Tivat Airport","Tivat","42.404701232910156","18.72330093383789"
"\N","","Vršac International Airport","Vrsac","45.1469","21.3099"
"BTS","LZIB","M. R. Štefánik Airport","Bratislava","48.17020034790039","17.21269989013672"
"KSC","LZKZ","Košice Airport","Kosice","48.66310119628906","21.241100311279297"
"\N","","Kuchyňa Air Base","Malacky","48.402000427246094","17.11840057373047"
"PZY","LZPP","Piešťany Airport","Piestany","48.62519836425781","17.828399658203125"
"SLD","LZSL","Sliač Airport","Sliac","48.63779830932617","19.13409996032715"
"\N","","Trenčín Airport","Trencin","48.8650016785","17.9923000336"
"TAT","LZTT","Poprad-Tatry Airport","Poprad","49.073600769","20.2411003113"
"NCA","MBNC","North Caicos Airport","North Caicos","21.9175","-71.939598"
"PLS","MBPV","Providenciales Airport","Providenciales","21.77359962463379","-72.26589965820312"
"XSC","MBSC","South Caicos Airport","South Caicos","21.515699386599998","-71.528503418"
"\N","","Arroyo Barril Airport","Samana","19.198600769","-69.42980194089999"
"BRX","MDBH","Maria Montez International Airport","Barahona","18.25149917602539","-71.12039947509766"
"CBJ","MDCR","Cabo Rojo Airport","Cabo Rojo","17.929000854492188","-71.6447982788086"
"LRM","MDLR","Casa De Campo International Airport","La Romana","18.450700759887695","-68.91179656982422"
"PUJ","MDPC","Punta Cana International Airport","Punta Cana","18.567399978599997","-68.36340332030001"
"POP","MDPP","Gregorio Luperon International Airport","Puerto Plata","19.75790023803711","-70.56999969482422"
"SDQ","MDSD","Las Américas International Airport","Santo Domingo","18.42970085144","-69.668899536133"
"\N","","San Isidro Air Base","San Isidoro","18.503700256347656","-69.76170349121094"
"STI","MDST","Cibao International Airport","Santiago","19.406099319458008","-70.60469818115234"
"\N","","Bananera Airport","Bananera","15.47350025177002","-88.83719635009766"
"CBV","MGCB","Coban Airport","Coban","15.468999862670898","-90.40670013427734"
"GUA","MGGT","La Aurora Airport","Guatemala City","14.5833","-90.527496"
"RER","MGRT","Retalhuleu Airport","Retalhuleu","14.520999908447266","-91.69730377197266"
"GSJ","MGSJ","San José Airport","San Jose","13.936200141899999","-90.83580017090001"
"LCE","MHLC","Goloson International Airport","La Ceiba","15.7425","-86.852997"
"SAP","MHLM","Ramón Villeda Morales International Airport","San Pedro Sula","15.4526","-87.923599"
"GJA","MHNJ","La Laguna Airport","Guanaja","16.4454","-85.906601"
"RTB","MHRO","Juan Manuel Galvez International Airport","Roatan","16.316799","-86.523003"
"TEA","MHTE","Tela Airport","Tela","15.7759","-87.4758"
"TGU","MHTG","Toncontín International Airport","Tegucigalpa","14.06089973449707","-87.21720123291016"
"TJI","MHTJ","Trujillo Airport","Trujillo","15.9268","-85.938202"
"OCJ","MKBS","Boscobel Aerodrome","Ocho Rios","18.404199600219727","-76.96900177001953"
"KIN","MKJP","Norman Manley International Airport","Kingston","17.935699462890625","-76.7874984741211"
"MBJ","MKJS","Sangster International Airport","Montego Bay","18.503700256347656","-77.91339874267578"
"POT","MKKJ","Ken Jones Airport","Port Antonio","18.1987991333","-76.53450012210001"
"KTP","MKTP","Tinson Pen Airport","Kingston","17.98859977722168","-76.82379913330078"
"ACA","MMAA","General Juan N Alvarez International Airport","Acapulco","16.757099151611328","-99.75399780273438"
"NTR","MMAN","Del Norte International Airport","Monterrey","25.865601","-100.237"
"AGU","MMAS","Jesús Terán Paredo International Airport","Aguascalientes","21.705601","-102.318001"
"HUX","MMBT","Bahías de Huatulco International Airport","Huatulco","15.7753","-96.262604"
"CVJ","MMCB","General Mariano Matamoros Airport","Cuernavaca","18.834800720214844","-99.26129913330078"
"ACN","MMCC","Ciudad Acuña New International Airport","Ciudad Acuna","29.332899","-101.098998"
"CME","MMCE","Ciudad del Carmen International Airport","Ciudad Del Carmen","18.65369987487793","-91.79900360107422"
"NCG","MMCG","Nuevo Casas Grandes Airport","Nuevo Casas Grandes","30.3974","-107.875"
"\N","","Chilpancingo Airport","Chilpancingo","17.574239","-99.515424"
"CUL","MMCL","Bachigualato Federal International Airport","Culiacan","24.7644996643","-107.474998474"
"CTM","MMCM","Chetumal International Airport","Chetumal","18.50469970703125","-88.32679748535156"
"CEN","MMCN","Ciudad Obregón International Airport","Ciudad Obregon","27.39259910583496","-109.83300018310547"
"CPE","MMCP","Ingeniero Alberto Acuña Ongay International Airport","Campeche","19.816799163800003","-90.5002975464"
"CJS","MMCS","Abraham González International Airport","Ciudad Juarez","31.63610076904297","-106.42900085449219"
"CUU","MMCU","General Roberto Fierro Villalobos International Airport","Chihuahua","28.702899932900003","-105.964996338"
"CVM","MMCV","General Pedro Jose Mendez International Airport","Ciudad Victoria","23.7033004761","-98.9564971924"
"CZM","MMCZ","Cozumel International Airport","Cozumel","20.52239990234375","-86.92559814453125"
"DGO","MMDO","General Guadalupe Victoria International Airport","Durango","24.1242008209","-104.527999878"
"TPQ","MMEP","Amado Nervo National Airport","Tepic","21.4195","-104.843002"
"ESE","MMES","Ensenada International Airport","Ensenada","31.7953","-116.602997"
"GDL","MMGL","Don Miguel Hidalgo Y Costilla International Airport","Guadalajara","20.521799087524414","-103.31099700927734"
"GYM","MMGM","General José María Yáñez International Airport","Guaymas","27.9689998626709","-110.92500305175781"
"TCN","MMHC","Tehuacan Airport","Tehuacan","18.49720001220703","-97.4198989868164"
"HMO","MMHO","General Ignacio P. Garcia International Airport","Hermosillo","29.095899581900003","-111.047996521"
"CLQ","MMIA","Licenciado Miguel de la Madrid Airport","Colima","19.277","-103.577002"
"ISJ","MMIM","Isla Mujeres Airport","Isla Mujeres","21.2450008392334","-86.73999786376953"
"SLW","MMIO","Plan De Guadalupe International Airport","Saltillo","25.54949951171875","-100.92900085449219"
"IZT","MMIT","Ixtepec Airport","Iztepec","16.449301","-95.093697"
"LZC","MMLC","Lázaro Cárdenas Airport","Lazard Cardenas","18.0016994476","-102.221000671"
"LMM","MMLM","Valle del Fuerte International Airport","Los Mochis","25.6851997375","-109.081001282"
"BJX","MMLO","Del Bajío International Airport","Del Bajio","20.9935","-101.481003"
"LAP","MMLP","Manuel Márquez de León International Airport","La Paz","24.072700500499998","-110.361999512"
"LTO","MMLT","Loreto International Airport","Loreto","25.989200592041016","-111.3479995727539"
"MAM","MMMA","General Servando Canales International Airport","Matamoros","25.7698993683","-97.5252990723"
"MID","MMMD","Licenciado Manuel Crescencio Rejon Int Airport","Merida","20.937000274699997","-89.657699585"
"MXL","MMML","General Rodolfo Sánchez Taboada International Airport","Mexicali","32.6306","-115.241997"
"MLM","MMMM","General Francisco J. Mujica International Airport","Morelia","19.849899292","-101.025001526"
"MTT","MMMT","Minatitlán/Coatzacoalcos National Airport","Minatitlan","18.1033992767","-94.58070373540001"
"LOV","MMMV","Monclova International Airport","Monclova","26.9557","-101.470001"
"MEX","MMMX","Licenciado Benito Juarez International Airport","Mexico City","19.4363","-99.072098"
"MTY","MMMY","General Mariano Escobedo International Airport","Monterrey","25.7784996033","-100.107002258"
"MZT","MMMZ","General Rafael Buelna International Airport","Mazatlan","23.1613998413","-106.26599884"
"NOG","MMNG","Nogales International Airport","Nogales","31.22610092163086","-110.97599792480469"
"NLD","MMNL","Quetzalcóatl International Airport","Nuevo Laredo","27.4438991547","-99.5705032349"
"OAX","MMOX","Xoxocotlán International Airport","Oaxaca","16.9999008179","-96.726600647"
"PAZ","MMPA","El Tajín National Airport","Poza Rico","20.6026992798","-97.46080017090001"
"PBC","MMPB","Hermanos Serdán International Airport","Puebla","19.1581001282","-98.3713989258"
"\N","","Ingeniero Juan Guillermo Villasana Airport","Pachuca","20.0774","-98.782501"
"PPE","MMPE","Mar de Cortés International Airport","Punta Penasco","31.351987","-113.305177"
"PDS","MMPG","Piedras Negras International Airport","Piedras Negras","28.627399","-100.535004"
"UPN","MMPN","Licenciado y General Ignacio Lopez Rayon Airport","Uruapan","19.396699905395508","-102.03900146484375"
"PVR","MMPR","Licenciado Gustavo Díaz Ordaz International Airport","Puerto Vallarta","20.680099487304688","-105.25399780273438"
"PXM","MMPS","Puerto Escondido International Airport","Puerto Escondido","15.8769","-97.089103"
"QRO","MMQT","Querétaro Intercontinental Airport","Queretaro","20.6173","-100.185997"
"REX","MMRX","General Lucio Blanco International Airport","Reynosa","26.0089","-98.2285"
"SJD","MMSD","Los Cabos International Airport","San Jose Del Cabo","23.15180015563965","-109.72100067138672"
"SFH","MMSF","San Felipe International Airport","San Filipe","30.930200576782","-114.80899810791"
"SLP","MMSP","Ponciano Arriaga International Airport","San Luis Potosi","22.254299163800003","-100.930999756"
"\N","","Tlaxcala Airport","Tlaxcala","19.537992","-98.173492"
"\N","","Terán Air Base","Tuxtla Gutierrez","16.739901","-93.173301"
"TRC","MMTC","Francisco Sarabia International Airport","Torreon","25.568300247199996","-103.411003113"
"TGZ","MMTG","Angel Albino Corzo International Airport","Tuxtla Gutierrez","16.5636005402","-93.02249908450001"
"TIJ","MMTJ","General Abelardo L. Rodríguez International Airport","Tijuana","32.541099548339844","-116.97000122070312"
"TAM","MMTM","General Francisco Javier Mina International Airport","Tampico","22.2964000702","-97.8658981323"
"TSL","MMTN","Tamuin Airport","Tamuin","22.0383","-98.806502"
"TLC","MMTO","Licenciado Adolfo Lopez Mateos International Airport","Toluca","19.3370990753","-99.56600189210002"
"TAP","MMTP","Tapachula International Airport","Tapachula","14.7943000793","-92.3700027466"
"CUN","MMUN","Cancún International Airport","Cancun","21.036500930800003","-86.8770980835"
"VSA","MMVA","Carlos Rovirosa Pérez International Airport","Villahermosa","17.996999740600586","-92.81739807128906"
"VER","MMVR","General Heriberto Jara International Airport","Vera Cruz","19.1459007263","-96.1873016357"
"ZCL","MMZC","General Leobardo C. Ruiz International Airport","Zacatecas","22.8971004486","-102.68699646"
"ZIH","MMZH","Ixtapa Zihuatanejo International Airport","Zihuatanejo","17.601600647","-101.460998535"
"ZMM","MMZM","Zamora Airport","Zamora","20.045","-102.276001"
"ZLO","MMZO","Playa De Oro International Airport","Manzanillo","19.144800186199998","-104.558998108"
"\N","","Zapopan Airport","Zapopan","20.747922","-103.461709"
"BEF","MNBL","Bluefields Airport","Bluefields","11.991000175476074","-83.77410125732422"
"\N","","Los Brasiles Airport","Los Brasiles","12.1899995803833","-86.35389709472656"
"\N","","Leon (Fanor Urroz) Airport","Leon","12.429200172424316","-86.90280151367188"
"MGA","MNMG","Augusto C. Sandino (Managua) International Airport","Managua","12.141500473022461","-86.16819763183594"
"PUZ","MNPC","Puerto Cabezas Airport","Puerto Cabezas","14.047200202941895","-83.38670349121094"
"BOC","MPBO","Bocas Del Toro International Airport","Bocas Del Toro","9.340849876403809","-82.25080108642578"
"CHX","MPCH","Cap Manuel Niño International Airport","Changuinola","9.458962","-82.515062"
"DAV","MPDA","Enrique Malek International Airport","David","8.390999794006348","-82.43499755859375"
"BLB","","Panama Pacific International Airport","Howard","8.91479","-79.599602"
"PAC","MPMG","Marcos A. Gelabert International Airport","Panama","8.973340034484863","-79.55560302734375"
"SYP","MPSA","Ruben Cantu Airport","Santiago","8.085599899291992","-80.94529724121094"
"PTY","MPTO","Tocumen International Airport","Panama City","9.0713596344","-79.3834991455"
"BAI","MRBA","Buenos Aires Airport","Buenos Aires","9.163949","-83.330171"
"OTR","MRCC","Coto 47 Airport","Coto 47","8.60155963897705","-82.96859741210938"
"JAP","MRCH","Chacarita Airport","Chacarita","9.98141002655","-84.7726974487"
"\N","","El Carmen de Siquirres Airport","El Carmen","10.20199966430664","-83.47219848632812"
"\N","","Finca 10 / Nuevo Palmar Sur Airport","Finca 10","8.916350364685059","-83.5073013305664"
"GLF","MRGF","Golfito Airport","Golfito","8.654009819030762","-83.18219757080078"
"GPL","MRGP","Guapiles Airport","Guapiles","10.2172002792","-83.79699707030001"
"LIR","MRLB","Daniel Oduber Quiros International Airport","Liberia","10.5933","-85.544403"
"LSL","MRLC","Los Chiles Airport","Los Chiles","11.035300254821777","-84.70610046386719"
"LIO","MRLM","Limon International Airport","Limon","9.95796012878418","-83.02200317382812"
"NOB","MRNS","Nosara Airport","Nosara Beach","9.976490020750001","-85.65299987790002"
"SJO","MROC","Juan Santamaria International Airport","San Jose","9.993860244750977","-84.20880126953125"
"\N","","Pandora Airport","Pandora","9.732170104980469","-82.98320007324219"
"PMZ","MRPM","Palmar Sur Airport","Palmar Sur","8.951029777526855","-83.46859741210938"
"XQP","MRQP","Quepos Managua Airport","Quepos","9.443160057067871","-84.12979888916016"
"\N","","Santa Clara De Guapiles Airport","Santa Clara","10.288299560546875","-83.7135009765625"
"TOO","MRSV","San Vito De Java Airport","San Vito De Jaba","8.826109886169434","-82.95890045166016"
"SAL","MSLP","Monseñor Óscar Arnulfo Romero International Airport","San Salvador","13.4409","-89.055702"
"\N","","Ilopango International Airport","San Salvador","13.69950008392334","-89.11990356445312"
"CYA","MTCA","Les Cayes Airport","Cayes","18.271099090576172","-73.78829956054688"
"CAP","MTCH","Cap Haitien International Airport","Cap Haitien","19.733","-72.194702"
"JAK","MTJA","Jacmel Airport","Jacmel","18.241100311279297","-72.51850128173828"
"PAP","MTPP","Toussaint Louverture International Airport","Port-au-prince","18.579999923706055","-72.2925033569336"
"BCA","MUBA","Gustavo Rizo Airport","Baracoa Playa","20.365299224853516","-74.5062026977539"
"BYM","MUBY","Carlos Manuel de Cespedes Airport","Bayamo","20.396400451660156","-76.62139892578125"
"AVI","MUCA","Maximo Gomez Airport","Ciego De Avila","22.027099609375","-78.78959655761719"
"CCC","MUCC","Jardines Del Rey Airport","Cunagua","22.461000442499998","-78.32839965820001"
"CFG","MUCF","Jaime Gonzalez Airport","Cienfuegos","22.149999618530273","-80.41419982910156"
"CYO","MUCL","Vilo Acuña International Airport","Cayo Largo del Sur","21.6165008545","-81.5459976196"
"CMW","MUCM","Ignacio Agramonte International Airport","Camaguey","21.420299530029297","-77.84750366210938"
"SCU","MUCU","Antonio Maceo International Airport","Santiago De Cuba","19.96980094909668","-75.83540344238281"
"\N","","Florida Airport","Florida","21.49970054626465","-78.20279693603516"
"NBW","MUGM","Leeward Point Field","Guantanamo","19.906499862671","-75.207099914551"
"GAO","MUGT","Mariana Grajales Airport","Guantanamo","20.08530044555664","-75.1583023071289"
"HAV","MUHA","José Martí International Airport","Havana","22.989200592041016","-82.40910339355469"
"HOG","MUHG","Frank Pais International Airport","Holguin","20.785600662231445","-76.31510162353516"
"LCL","","La Coloma Airport","La Coloma","22.33609962463379","-83.64189910888672"
"MOA","MUMO","Orestes Acosta Airport","Moa","20.653900146484375","-74.92220306396484"
"MZO","MUMZ","Sierra Maestra Airport","Manzanillo","20.28809928894043","-77.08920288085938"
"GER","MUNG","Rafael Cabrera Airport","Nueva Gerona","21.834699630737305","-82.78379821777344"
"UPB","MUPB","Playa Baracoa Airport","Baracoa Playa","23.032800674399997","-82.5793991089"
"QPD","","Pinar Del Rio Airport","Pinar Del Rio Norte","22.42140007019043","-83.67839813232422"
"\N","","San Antonio De Los Banos Airport","San Antonio De Banos","22.87150001525879","-82.5093002319336"
"SNU","MUSC","Abel Santamaria Airport","Santa Clara","22.49220085144043","-79.943603515625"
"\N","","Joaquín de Agüero Airport","Santa Lucia","21.509455906699998","-77.02059745790001"
"SZJ","MUSN","Siguanea Airport","Siguanea","21.642499923706055","-82.9551010131836"
"USS","MUSS","Sancti Spiritus Airport","Sancti Spiritus","21.9704","-79.442703"
"VRA","MUVR","Juan Gualberto Gomez International Airport","Varadero","23.034400939941406","-81.435302734375"
"VTU","MUVT","Hermanos Ameijeiras Airport","Las Tunas","20.987600326538086","-76.93579864501953"
"CYB","MWCB","Gerrard Smith International Airport","Cayman Brac","19.687000274658203","-79.88279724121094"
"GCM","MWCR","Owen Roberts International Airport","Georgetown","19.292800903299998","-81.3576965332"
"MAY","MYAB","Clarence A. Bain Airport","Clarence Bain","24.287700653076172","-77.68460083007812"
"ASD","MYAF","Andros Town Airport","Andros Town","24.697900772094727","-77.79560089111328"
"MHH","MYAM","Leonard M Thompson International Airport","Marsh Harbor","26.5114","-77.083503"
"SAQ","MYAN","San Andros Airport","San Andros","25.053800582885742","-78.04900360107422"
"AXP","MYAP","Spring Point Airport","Spring Point","22.441799163800003","-73.97090148930002"
"\N","","Sandy Point Airport","Sandy Point","26.004600524902344","-77.39550018310547"
"TCB","MYAT","Treasure Cay Airport","Treasure Cay","26.745300293","-77.3912963867"
"CCZ","MYBC","Chub Cay Airport","Chub Cay","25.41710090637207","-77.88089752197266"
"GHC","MYBG","Great Harbour Cay Airport","Bullocks Harbour","25.7383","-77.840103"
"BIM","MYBS","South Bimini Airport","Alice Town","25.6998996735","-79.2647018433"
"GGT","MYEF","Exuma International Airport","Great Exuma","23.5625991821","-75.8779983521"
"\N","","George Town Airport","George Town","23.4666996002","-75.78170013430001"
"ELH","MYEH","North Eleuthera Airport","North Eleuthera","25.474899292","-76.6835021973"
"GHB","MYEM","Governor's Harbour Airport","Governor's Harbor","25.2847003937","-76.3310012817"
"NMC","MYEN","Normans Cay Airport","Norman's Cay","24.59429931640625","-76.82019805908203"
"RSD","MYER","Rock Sound Airport","Rock Sound","24.8950787333","-76.1768817902"
"TYM","MYES","Staniel Cay Airport","Staniel Cay","24.169099807739258","-76.43910217285156"
"FPO","MYGF","Grand Bahama International Airport","Freeport","26.5587005615","-78.695602417"
"IGA","MYIG","Inagua Airport","Matthew Town","20.975000381469727","-73.66690063476562"
"LGI","MYLD","Deadman's Cay Airport","Dead Man's Cay","23.1790008545","-75.09359741210001"
"SML","MYLS","Stella Maris Airport","Stella Maris","23.582317","-75.268621"
"MYG","MYMM","Mayaguana Airport","Mayaguana","22.379499","-73.013494"
"NAS","MYNN","Lynden Pindling International Airport","Nassau","25.0389995575","-77.46620178219999"
"DCT","MYRD","Duncan Town Airport","Duncan Town","22.181800842285156","-75.72949981689453"
"RCY","MYRP","Rum Cay Airport","Port Nelson","23.68440055847168","-74.83619689941406"
"ZSA","MYSM","San Salvador Airport","Cockburn Town","24.06329917907715","-74.52400207519531"
"BZE","MZBZ","Philip S. W. Goldson International Airport","Belize City","17.539100646972656","-88.30819702148438"
"AIT","NCAI","Aitutaki Airport","Aitutaki","-18.830900192260742","-159.76400756835938"
"RAR","NCRG","Rarotonga International Airport","Avarua","-21.2026996613","-159.805999756"
"NAN","NFFN","Nadi International Airport","Nandi","-17.755399703979492","177.4429931640625"
"SUV","NFNA","Nausori International Airport","Nausori","-18.04330062866211","178.5590057373047"
"TBU","NFTF","Fua'amotu International Airport","Tongatapu","-21.241199493408203","-175.14999389648438"
"VAV","NFTV","Vava'u International Airport","Vava'u","-18.58530044555664","-173.96200561523438"
"TRW","NGTA","Bonriki International Airport","Tarawa","1.3816399574279785","173.14700317382812"
"TBF","NGTE","Tabiteuea North Airport","Tabiteuea North","-1.2244700193405151","174.7760009765625"
"WLS","NLWW","Hihifo Airport","Wallis","-13.2383003235","-176.199005127"
"APW","NSFA","Faleolo International Airport","Faleolo","-13.829999923706055","-172.00799560546875"
"PPG","NSTU","Pago Pago International Airport","Pago Pago","-14.3310003281","-170.710006714"
"RUR","NTAR","Rurutu Airport","Rurutu","-22.434099197387695","-151.36099243164062"
"TUB","NTAT","Tubuai Airport","Tubuai","-23.365400314331055","-149.5240020751953"
"AAA","NTGA","Anaa Airport","Anaa","-17.35260009765625","-145.50999450683594"
"FGU","NTGB","Fangatau Airport","Fangatau","-15.819899559020996","-140.88699340820312"
"TIH","NTGC","Tikehau Airport","Tikehau","-15.119600296020508","-148.2310028076172"
"REA","NTGE","Reao Airport","Reao","-18.465900421142578","-136.44000244140625"
"FAV","NTGF","Fakarava Airport","Fakarava","-16.054100036621094","-145.65699768066406"
"XMH","NTGI","Manihi Airport","Manihi","-14.436800003051758","-146.07000732421875"
"GMR","NTGJ","Totegegie Airport","Totegegie","-23.07990074157715","-134.88999938964844"
"KKR","NTGK","Kaukura Airport","Kaukura Atoll","-15.663299560546875","-146.88499450683594"
"MKP","NTGM","Makemo Airport","Makemo","-16.583900451660156","-143.6580047607422"
"PKP","NTGP","Puka Puka Airport","Puka Puka","-14.809499740600586","-138.81300354003906"
"TKP","NTGT","Takapoto Airport","Takapoto","-14.709500312805176","-145.24600219726562"
"AXR","NTGU","Arutua Airport","Arutua","-15.248299598693848","-146.61700439453125"
"MVT","NTGV","Mataiva Airport","Mataiva","-14.8681001663208","-148.7169952392578"
"TKX","NTKR","Takaroa Airport","Takaroa","-14.45580005645752","-145.02499389648438"
"NHV","NTMD","Nuku Hiva Airport","Nuku Hiva","-8.795599937438965","-140.22900390625"
"BOB","NTTB","Bora Bora Airport","Bora Bora","-16.444400787353516","-151.75100708007812"
"RGI","NTTG","Rangiroa Airport","Rangiroa","-14.954299926757812","-147.66099548339844"
"HUH","NTTH","Huahine-Fare Airport","Huahine Island","-16.68720054626465","-151.02200317382812"
"MOZ","NTTM","Moorea Airport","Moorea","-17.49","-149.761993"
"HOI","NTTO","Hao Airport","Hao Island","-18.074800491333008","-140.9459991455078"
"MAU","NTTP","Maupiti Airport","Maupiti","-16.42650032043457","-152.24400329589844"
"RFP","NTTR","Raiatea Airport","Raiatea Island","-16.7229","-151.466003"
"VLI","NVVV","Bauerfield International Airport","Port-vila","-17.699300765991","168.32000732422"
"KNQ","NWWD","Koné Airport","Kone","-21.05430030822754","164.83700561523438"
"KOC","NWWK","Koumac Airport","Koumac","-20.546300888061523","164.25599670410156"
"LIF","NWWL","Lifou Airport","Lifou","-20.774799346923828","167.24000549316406"
"GEA","NWWM","Nouméa Magenta Airport","Noumea","-22.25830078125","166.47300720214844"
"MEE","NWWR","Maré Airport","Mare","-21.481700897216797","168.03799438476562"
"TOU","NWWU","Touho Airport","Touho","-20.790000915527344","165.25900268554688"
"UVE","NWWV","Ouvéa Airport","Ouvea","-20.640600204467773","166.572998046875"
"NOU","NWWW","La Tontouta International Airport","Noumea","-22.01460075378418","166.21299743652344"
"AKL","NZAA","Auckland International Airport","Auckland","-37.008098602299995","174.792007446"
"TUO","NZAP","Taupo Airport","Taupo","-38.73970031738281","176.08399963378906"
"AMZ","NZAR","Ardmore Airport","Ardmore","-37.029701232910156","174.97300720214844"
"CHC","NZCH","Christchurch International Airport","Christchurch","-43.48939895629883","172.53199768066406"
"CHT","NZCI","Chatham Islands-Tuuta Airport","Chatham Island","-43.810001373291016","-176.45700073242188"
"DUD","NZDN","Dunedin Airport","Dunedin","-45.9281005859375","170.197998046875"
"GIS","NZGS","Gisborne Airport","Gisborne","-38.663299560546875","177.97799682617188"
"GTN","NZGT","Glentanner Airport","Glentanner","-43.906700134277344","170.1280059814453"
"HKK","NZHK","Hokitika Airfield","Hokitika","-42.713600158691406","170.98500061035156"
"HLZ","NZHN","Hamilton International Airport","Hamilton","-37.8666992188","175.332000732"
"\N","","Hastings Aerodrome","Hastings","-39.646702","176.766998"
"KKE","NZKK","Kerikeri Airport","Kerikeri","-35.26279830932617","173.91200256347656"
"KAT","NZKT","Kaitaia Airport","Kaitaia","-35.06999969482422","173.28500366210938"
"ALR","NZLX","Alexandra Airport","Alexandra","-45.211700439453125","169.3730010986328"
"MON","NZMC","Mount Cook Airport","Mount Cook","-43.76499938964844","170.13299560546875"
"TEU","NZMO","Manapouri Airport","Manapouri","-45.53310012817383","167.64999389648438"
"MRO","NZMS","Hood Airport","Masterton","-40.97330093383789","175.63400268554688"
"NPL","NZNP","New Plymouth Airport","New Plymouth","-39.00859832763672","174.1790008544922"
"NSN","NZNS","Nelson Airport","Nelson","-41.298301696777344","173.2209930419922"
"IVC","NZNV","Invercargill Airport","Invercargill","-46.41239929199219","168.31300354003906"
"OHA","NZOH","RNZAF Base Ohakea","Ohakea","-40.20600128173828","175.38800048828125"
"OAM","NZOU","Oamaru Airport","Oamaru","-44.970001220703125","171.08200073242188"
"PMR","NZPM","Palmerston North Airport","Palmerston North","-40.32059860229492","175.61700439453125"
"PPQ","NZPP","Paraparaumu Airport","Paraparaumu","-40.904701232910156","174.98899841308594"
"ZQN","NZQN","Queenstown International Airport","Queenstown International","-45.0210990906","168.738998413"
"ROT","NZRO","Rotorua Regional Airport","Rotorua","-38.10919952392578","176.31700134277344"
"\N","","Waiouru Airport","Waiouru","-39.4463996887207","175.6580047607422"
"\N","","South Pole Station Airport","Stephen's Island","-90","0"
"TRG","NZTG","Tauranga Airport","Tauranga","-37.67190170288086","176.1959991455078"
"TIU","NZTU","Timaru Airport","Timaru","-44.302799224853516","171.22500610351562"
"TWZ","NZUK","Pukaki Airport","Pukaki","-44.2350006104","170.117996216"
"BHE","NZWB","Woodbourne Airport","Woodbourne","-41.5182991027832","173.8699951171875"
"\N","","Williams Field","Weydon","-77.86740112304688","167.0570068359375"
"WKA","NZWF","Wanaka Airport","Wanaka","-44.722198486328","169.24600219727"
"\N","","Wigram Airport","Wigram","-43.5511016846","172.552993774"
"WHK","NZWK","Whakatane Airport","Whakatane","-37.92060089111328","176.91400146484375"
"WLG","NZWN","Wellington International Airport","Wellington","-41.3272018433","174.804992676"
"WIR","NZWO","Wairoa Airport","Wairoa","-39.006900787353516","177.40699768066406"
"\N","","RNZAF Base Auckland-Whenuapai","Whenuapai","-36.78779983520508","174.6300048828125"
"WRE","NZWR","Whangarei Airport","Whangarei","-35.7682991027832","174.36500549316406"
"WSZ","NZWS","Westport Airport","Westport","-41.73809814453125","171.58099365234375"
"WAG","NZWU","Wanganui Airport","Wanganui","-39.96220016479492","175.02499389648438"
"HEA","OAHR","Herat Airport","Herat","34.209999084472656","62.22829818725586"
"JAA","OAJL","Jalalabad Airport","Jalalabad","34.39979934692383","70.49859619140625"
"KBL","OAKB","Hamid Karzai International Airport","Kabul","34.565899","69.212303"
"KDH","OAKN","Kandahar Airport","Kandahar","31.505800247192383","65.8478012084961"
"MMZ","OAMN","Maimana Airport","Maimama","35.93080139160156","64.76090240478516"
"MZR","OAMS","Mazar I Sharif Airport","Mazar-i-sharif","36.70690155029297","67.20970153808594"
"OAH","OASD","Shindand Airport","Shindand","33.3913002014","62.2610015869"
"\N","","Sheberghan Airport","Sheberghan","36.75080108642578","65.91320037841797"
"UND","OAUZ","Konduz Airport","Kunduz","36.66510009765625","68.91079711914062"
"BAH","OBBI","Bahrain International Airport","Bahrain","26.27079963684082","50.63359832763672"
"\N","","Sheik Isa Air Base","Bahrain","25.918399810791016","50.590599060058594"
"AHB","OEAB","Abha Regional Airport","Abha","18.240400314299997","42.65660095210001"
"HOF","OEAH","Al Ahsa Airport","Al-ahsa","25.28529930114746","49.485198974609375"
"ABT","OEBA","Al Baha Airport","El-baha","20.2961006165","41.6343002319"
"BHH","OEBH","Bisha Airport","Bisha","19.984399795532227","42.62089920043945"
"\N","","Abqaiq Airport","Abqaiq","25.911300659179688","49.59120178222656"
"DMM","OEDF","King Fahd International Airport","Dammam","26.471200942993164","49.79790115356445"
"DHA","OEDR","King Abdulaziz Air Base","Dhahran","26.265399932900003","50.152000427199994"
"GIZ","OEGN","Jizan Regional Airport","Gizan","16.901100158691406","42.58580017089844"
"ELQ","OEGS","Gassim Airport","Gassim","26.302799224853516","43.77439880371094"
"URY","OEGT","Gurayat Domestic Airport","Guriat","31.412413","37.278898"
"HAS","OEHL","Ha'il Airport","Hail","27.437901","41.686298"
"QJB","","Jubail Airport","Jubail","27.038999557495117","49.40510177612305"
"\N","","King Faisal Naval Base","Jeddah","21.348100662231445","39.17300033569336"
"JED","OEJN","King Abdulaziz International Airport","Jeddah","21.6796","39.156502"
"KMC","OEKK","King Khaled Military City Airport","King Khalid Mil.city","27.9009","45.528198"
"MED","OEMA","Prince Mohammad Bin Abdulaziz Airport","Madinah","24.5534","39.705101"
"EAM","OENG","Nejran Airport","Nejran","17.611400604248047","44.4192008972168"
"AQI","OEPA","Al Qaisumah/Hafr Al Batin Airport","Hafr Al-batin","28.335199","46.125099"
"\N","","Pump Station 3 Airport","Petroline 3","25.17449951171875","47.488399505615234"
"\N","","Pump Station 6 Airport","Petroline 6","24.71030044555664","44.964500427246094"
"\N","","Pump Station 10 Airport","Petroline 10","24.1072998046875","41.0359992980957"
"\N","","Rabigh Airport","Rabigh","22.702600479125977","39.069801330566406"
"RAH","OERF","Rafha Domestic Airport","Rafha","29.626399993896484","43.4906005859375"
"RUH","OERK","King Khaled International Airport","Riyadh","24.957599639892578","46.69879913330078"
"\N","","Ras Mishab Airport","Rash Mishab","28.079599380493164","48.611000061035156"
"RAE","OERR","Arar Domestic Airport","Arar","30.906600952148438","41.13819885253906"
"\N","","Ras Tanura Airport","Ras Tanura","26.723100662231445","50.030799865722656"
"SHW","OESH","Sharurah Airport","Sharurah","17.466899871826172","47.12139892578125"
"SLF","OESL","Sulayel Airport","Sulayel","20.46470069885254","45.619598388671875"
"TUU","OETB","Tabuk Airport","Tabuk","28.3654","36.6189"
"TIF","OETF","Ta’if Regional Airport","Taif","21.483001","40.543442"
"\N","","Thumamah Airport","Thumamah","25.21299934387207","46.64099884033203"
"\N","","Ras Tanajib Airport","Ras Tanajib","27.867799758911133","48.769100189208984"
"TUI","OETR","Turaif Domestic Airport","Turaif","31.692188","38.731544"
"EJH","OEWJ","Al Wajh Domestic Airport","Wejh","26.19860076904297","36.47639846801758"
"YNB","OEYN","Prince Abdulmohsin Bin Abdulaziz Airport","Yenbo","24.144199","38.0634"
"ABD","OIAA","Abadan Airport","Abadan","30.371099472","48.2282981873"
"DEF","OIAD","Dezful Airport","Dezful","32.434399","48.397598"
"AKW","OIAG","Aghajari Airport","Aghajari","30.7444","49.6772"
"GCH","OIAH","Gachsaran Airport","Gachsaran","30.337600708","50.827999115"
"\N","","Shahid Asyaee Airport","Masjed Soleiman","32.00239944458008","49.27040100097656"
"OMI","OIAJ","Omidiyeh Airport","Omidyeh","30.8351993560791","49.5349006652832"
"MRX","OIAM","Mahshahr Airport","Bandar Mahshahr","30.55620002746582","49.15190124511719"
"AWZ","OIAW","Ahwaz Airport","Ahwaz","31.337400436399996","48.7620010376"
"AEU","OIBA","Abu Musa Island Airport","Abumusa I.","25.8757","55.033001"
"BUZ","OIBB","Bushehr Airport","Bushehr","28.9447994232","50.8345985413"
"\N","","Bastak Airport","Bastak","27.21269989013672","54.318599700927734"
"\N","","Asaloyeh Airport","Golbandi","27.4814","52.615501"
"KIH","OIBK","Kish International Airport","Kish Island","26.5261993408","53.980201721200004"
"BDH","OIBL","Bandar Lengeh Airport","Bandar Lengeh","26.531999588","54.824798584"
"KHK","OIBQ","Khark Island Airport","Khark Island","29.260299682617188","50.32389831542969"
"SXI","OIBS","Sirri Island Airport","Siri Island","25.908899307250977","54.539398193359375"
"LVP","OIBV","Lavan Island Airport","Lavan Island","26.810300827026367","53.356300354003906"
"KSH","OICC","Shahid Ashrafi Esfahani Airport","Bakhtaran","34.3459014893","47.1581001282"
"SDG","OICS","Sanandaj Airport","Sanandaj","35.24589920043945","47.00920104980469"
"IFH","OIFE","Hesa Airport","Daran","32.92890167236328","51.561100006103516"
"\N","","Shahid Vatan Pour Air Base","Esfahan","32.56700134277344","51.69160079956055"
"KKS","OIFK","Kashan Airport","Kashan","33.895302","51.577"
"IFN","OIFM","Esfahan Shahid Beheshti International Airport","Esfahan","32.75080108642578","51.86130142211914"
"\N","","Badr Air Base","Sepah","32.62110137939453","51.696998596191406"
"RAS","OIGG","Sardar-e-Jangal Airport","Rasht","37.323333","49.617778"
"AJK","OIHR","Arak Airport","Arak","34.138099670410156","49.8473014831543"
"\N","","Ghazvin Azadi Airport","Abe-ali","35.95209884643555","50.450801849365234"
"\N","","Kushke Nosrat Airport","Kushke Nosrat","34.98400115966797","50.80619812011719"
"\N","","Doshan Tappeh Air Base","Teheran","35.702999114990234","51.475101470947266"
"\N","","Ghale Morghi Airport","Teheran","35.644798278808594","51.380699157714844"
"THR","OIII","Mehrabad International Airport","Teheran","35.68920135498047","51.31340026855469"
"GZW","OIIK","Qazvin Airport","Ghazvin","36.240101","50.0471"
"\N","","Naja Airport","Khoram Dareh","35.77629852294922","50.88100051879883"
"BND","OIKB","Bandar Abbas International Airport","Bandar Abbas","27.218299865722656","56.37779998779297"
"JYR","OIKJ","Jiroft Airport","Jiroft","28.726900100699996","57.67029953"
"KER","OIKK","Kerman Airport","Kerman","30.274400711099997","56.9510993958"
"HDR","OIKP","Havadarya Airport","Bandar Abbas","27.158300399780273","56.17250061035156"
"\N","","Dayrestan Airport","Gheshm I.","26.754600524902344","55.902400970458984"
"SYJ","OIKY","Sirjan Airport","Sirjan","29.550899505615234","55.672698974609375"
"XBJ","OIMB","Birjand Airport","Birjand","32.898101806640625","59.2661018371582"
"CKT","OIMC","Sarakhs Airport","Sarakhs","36.50120162963867","61.06489944458008"
"RUD","OIMJ","Shahroud Airport","Emam Shahr","36.4253005981","55.104198455799995"
"TCX","OIMT","Tabas Airport","Tabas","33.6678009033","56.8927001953"
"KLM","OINE","Kalaleh Airport","Kalaleh","37.3833007812","55.4519996643"
"RZR","OINR","Ramsar Airport","Ramsar","36.9099006652832","50.67959976196289"
"FAZ","OISF","Fasa Airport","Fasa","28.891799926757812","53.72330093383789"
"JAR","OISJ","Jahrom Airport","Jahrom","28.586700439499996","53.5791015625"
"LFM","OISR","Lamerd Airport","Lamerd","27.3726997375","53.18880081179999"
"SYZ","OISS","Shiraz Shahid Dastghaib International Airport","Shiraz","29.539199829101562","52.58980178833008"
"KHY","OITK","Khoy Airport","Khoy","38.4275016784668","44.97359848022461"
"TBZ","OITT","Tabriz International Airport","Tabriz","38.1338996887207","46.23500061035156"
"JWN","OITZ","Zanjan Airport","Zanjan","36.7737007141","48.3594017029"
"AZD","OIYY","Shahid Sadooghi Airport","Yazd","31.9048995972","54.2765007019"
"ACZ","OIZB","Zabol Airport","Zabol","31.09830093383789","61.54389953613281"
"ZBR","OIZC","Konarak Airport","Chah Bahar","25.443300247199996","60.3820991516"
"ZAH","OIZH","Zahedan International Airport","Zahedan","29.47570037841797","60.90620040893555"
"IHR","OIZI","Iran Shahr Airport","Iran Shahr","27.2360992432","60.7200012207"
"\N","","Saravan Airport","Saravan","27.419300079345703","62.315799713134766"
"AMM","OJAI","Queen Alia International Airport","Amman","31.7226009369","35.9931983948"
"ADJ","OJAM","Amman-Marka International Airport","Amman","31.972700119018555","35.991600036621094"
"AQJ","OJAQ","Aqaba King Hussein International Airport","Aqaba","29.611600875854492","35.01810073852539"
"\N","","Prince Hassan Air Base","Hotel Four","32.160702","37.149399"
"\N","","Jerusalem Airport","Jerusalem","31.864700317383","35.219200134277"
"OMF","OJMF","King Hussein Air College","Mafraq","32.3564","36.259201"
"KWI","OKKK","Kuwait International Airport","Kuwait","29.226600646972656","47.96889877319336"
"BEY","OLBA","Beirut Rafic Hariri International Airport","Beirut","33.820899963378906","35.488399505615234"
"KYE","OLKA","Rene Mouawad Air Base","Kleiat","34.589298248291016","36.01129913330078"
"AUH","OMAA","Abu Dhabi International Airport","Abu Dhabi","24.433000564575195","54.651100158691406"
"AZI","OMAD","Bateen Airport","Abu Dhabi","24.428300857543945","54.458099365234375"
"\N","","Al Hamra Aux Airport","Al Hamra","24.073999404907227","52.463600158691406"
"\N","","Jebel Dhana Airport","Jebel Dhana","24.187400817871094","52.61399841308594"
"DHF","OMAM","Al Dhafra Air Base","Abu Dhabi","24.248199462900004","54.547698974599996"
"\N","","Arzanah Airport","Arzana","24.780500411987305","52.559898376464844"
"\N","","Das Island Airport","Das Island","25.14620018005371","52.87369918823242"
"\N","","Zirku Airport","Zirku","24.862491607666016","53.07714080810547"
"DXB","OMDB","Dubai International Airport","Dubai","25.2527999878","55.3643989563"
"FJR","OMFJ","Fujairah International Airport","Fujeirah","25.112199783325195","56.32400131225586"
"RKT","OMRK","Ras Al Khaimah International Airport","Ras Al Khaimah","25.613500595092773","55.93880081176758"
"SHJ","OMSJ","Sharjah International Airport","Sharjah","25.32859992980957","55.5172004699707"
"KHS","OOKB","Khasab Air Base","Khasab","26.17099952697754","56.2406005859375"
"MSH","OOMA","Masirah Air Base","Masirah","20.675399780273438","58.890499114990234"
"MCT","OOMS","Muscat International Airport","Muscat","23.593299865722656","58.284400939941406"
"SLL","OOSA","Salalah Airport","Salalah","17.038700103759766","54.09130096435547"
"TTH","OOTH","Thumrait Air Base","Thumrait","17.666000366210938","54.024600982666016"
"BHW","","Bhagatanwala Airport","Bhagtanwala","32.056098938","72.94840240479999"
"LYP","OPFA","Faisalabad International Airport","Faisalabad","31.364999771118164","72.99479675292969"
"GWD","OPGW","Gwadar International Airport","Gwadar","25.233299255371094","62.329498291015625"
"GIL","OPGT","Gilgit Airport","Gilgit","35.918800354003906","74.33360290527344"
"JAG","OPJA","Shahbaz Air Base","Jacobsbad","28.28420066833496","68.44969940185547"
"KHI","OPKC","Jinnah International Airport","Karachi","24.9065","67.160797"
"LHE","OPLA","Alama Iqbal International Airport","Lahore","31.5216007232666","74.40360260009766"
"\N","","Walton Airport","Lahore","31.494800567626953","74.34619903564453"
"XJM","OPMA","Mangla Airport","Mangla","33.05009841918945","73.63839721679688"
"MFG","OPMF","Muzaffarabad Airport","Muzaffarabad","34.3390007019043","73.50859832763672"
"MWD","OPMI","Mianwali Air Base","Mianwali","32.5630989074707","71.5707015991211"
"MJD","OPMJ","Moenjodaro Airport","Moenjodaro","27.3351993560791","68.14309692382812"
"\N","","Masroor Air Base","Karachi","24.893600463867188","66.93879699707031"
"MUX","OPMT","Multan International Airport","Multan","30.20319938659668","71.41909790039062"
"WNS","OPNH","Shaheed Benazirabad Airport","Nawabshah","26.2194","68.390099"
"\N","","Okara Cantonment Airstrip","Okara","30.740999221800003","73.3576965332"
"PJG","OPPG","Panjgur Airport","Panjgur","26.954500198364258","64.13249969482422"
"PSI","OPPI","Pasni Airport","Pasni","25.29050064086914","63.34510040283203"
"PEW","OPPS","Peshawar International Airport","Peshawar","33.993900299072266","71.51460266113281"
"\N","","Qasim Airport","Qasim","33.56019973754883","73.033203125"
"UET","OPQT","Quetta International Airport","Quetta","30.251399993896484","66.93779754638672"
"RYK","OPRK","Shaikh Zaid Airport","Rahim Yar Khan","28.383899688720703","70.27960205078125"
"\N","","Benazir Bhutto International Airport","Islamabad","33.616699","73.099197"
"\N","","Risalpur Air Base","Risalpur","34.08110046386719","71.97260284423828"
"RAZ","OPRT","Rawalakot Airport","Rawala Kot","33.849700927734375","73.79810333251953"
"SKZ","OPSK","Sukkur Airport","Sukkur","27.722000122070312","68.79170227050781"
"SDT","OPSS","Saidu Sharif Airport","Saidu Sharif","34.8135986328125","72.35279846191406"
"SUL","OPSU","Sui Airport","Sui","28.645099639892578","69.1769027709961"
"BDN","OPTH","Talhar Airport","Talhar","24.84149932861328","68.8384017944336"
"WAF","OPWN","Wana Airport","Wana","32.3046989440918","69.57039642333984"
"PZH","OPZB","Zhob Airport","Zhob","31.358400344848633","69.4636001586914"
"BSR","ORMM","Basrah International Airport","Basrah","30.549100875854492","47.66210174560547"
"ALP","OSAP","Aleppo International Airport","Aleppo","36.18069839477539","37.22439956665039"
"DAM","OSDI","Damascus International Airport","Damascus","33.4114990234375","36.51559829711914"
"DEZ","OSDZ","Deir ez-Zor Air Base","Deire Zor","35.2854","40.175999"
"LTK","OSLK","Bassel Al-Assad International Airport","Latakia","35.401100158691406","35.948699951171875"
"PMS","OSPR","Palmyra Airport","Palmyra","34.5574","38.316898"
"DIA","OTBD","Doha International Airport","Doha","25.261101","51.565102"
"CIS","PCIS","Canton Island Airport","Canton Island","-2.7681200504300003","-171.710006714"
"ROP","PGRO","Rota International Airport","Rota","14.174300193786621","145.2429962158203"
"SPN","PGSN","Saipan International Airport","Saipan","15.119","145.729004"
"UAM","PGUA","Andersen Air Force Base","Andersen","13.584","144.929998"
"GUM","PGUM","Antonio B. Won Pat International Airport","Agana","13.4834003448","144.796005249"
"TIQ","PGWT","Tinian International Airport","West Tinian","14.999199867248535","145.61900329589844"
"MAJ","PKMJ","Marshall Islands International Airport","Majuro","7.064760208129883","171.27200317382812"
"\N","","Dyess Army Air Field","Kwajalein","9.396889686580002","167.470993042"
"KWA","PKWA","Bucholz Army Air Field","Kwajalein","8.720120429992676","167.73199462890625"
"CXI","PLCH","Cassidy International Airport","Kiritimati","1.9861600399017334","-157.35000610351562"
"MDY","PMDY","Henderson Field","Midway","28.20170021057129","-177.38099670410156"
"TKK","PTKK","Chuuk International Airport","Chuuk","7.461870193481445","151.84300231933594"
"PNI","PTPN","Pohnpei International Airport","Pohnpei","6.985099792480469","158.20899963378906"
"ROR","PTRO","Babelthuap Airport","Babelthuap","7.36731","134.544236"
"KSA","PTSA","Kosrae International Airport","Kosrae","5.35698","162.957993"
"YAP","PTYA","Yap International Airport","Yap","9.49891","138.082993"
"KNH","RCBS","Kinmen Airport","Kinmen","24.4279","118.359001"
"\N","","Pingtung South Airport","Pingtung","22.672399520874023","120.46199798583984"
"\N","","Longtan Air Base","Longtang","24.855100631713867","121.23799896240234"
"TTT","RCFN","Taitung Airport","Fengnin","22.7549991607666","121.10199737548828"
"GNI","RCGI","Lyudao Airport","Green Island","22.673900604248047","121.46600341796875"
"KHH","RCKH","Kaohsiung International Airport","Kaohsiung","22.57710075378418","120.3499984741211"
"CYI","RCKU","Chiayi Airport","Chiayi","23.46179962158203","120.39299774169922"
"KYD","RCLY","Lanyu Airport","Lanyu","22.027000427246094","121.53500366210938"
"RMQ","RCMQ","Taichung Ching Chuang Kang Airport","Taichung","24.264699935913086","120.62100219726562"
"TNN","RCNN","Tainan Airport","Tainan","22.95039939880371","120.20600128173828"
"HSZ","RCPO","Hsinchu Air Base","Hsinchu","24.8180007935","120.939002991"
"MZG","RCQC","Makung Airport","Makung","23.568700790405273","119.62799835205078"
"\N","","Chihhang Air Base","Taitung","22.793100357055664","121.18199920654297"
"PIF","","Pingtung North Airport","Pingtung","22.700199127197266","120.48200225830078"
"TSA","RCSS","Taipei Songshan Airport","Taipei","25.069400787353516","121.552001953125"
"TPE","RCTP","Taiwan Taoyuan International Airport","Taipei","25.0777","121.233002"
"WOT","RCWA","Wang-an Airport","Wang An","23.367372512817383","119.50277709960938"
"HUN","RCYU","Hualien Airport","Hualien","24.023099899291992","121.61799621582031"
"NRT","RJAA","Narita International Airport","Tokyo","35.7647018433","140.386001587"
"MMJ","RJAF","Matsumoto Airport","Matsumoto","36.16680145263672","137.92300415039062"
"IBR","RJAH","Hyakuri Airport","Ibaraki","36.181098938","140.414993286"
"MUS","RJAM","Minami Torishima Airport","Minami Tori Shima","24.2896995544","153.979003906"
"IWO","RJAW","Iwo Jima Airport","Iwojima","24.784000396728516","141.322998046875"
"SHM","RJBD","Nanki Shirahama Airport","Nanki-shirahama","33.6622009277","135.363998413"
"\N","","Kohnan Airport","Kohnan","34.59080123901367","133.93299865722656"
"OBO","RJCB","Tokachi-Obihiro Airport","Obihiro","42.7332992554","143.216995239"
"CTS","RJCC","New Chitose Airport","Sapporo","42.77519989013672","141.69200134277344"
"HKD","RJCH","Hakodate Airport","Hakodate","41.7700004578","140.822006226"
"\N","","Chitose Air Base","Chitose","42.79449844359999","141.666000366"
"MMB","RJCM","Memanbetsu Airport","Memanbetsu","43.8805999756","144.164001465"
"SHB","RJCN","Nakashibetsu Airport","Nakashibetsu","43.5774993896","144.960006714"
"\N","","Tokachi Airport","Tokachi","42.890499114990234","143.1580047607422"
"WKJ","RJCW","Wakkanai Airport","Wakkanai","45.4042015076","141.800994873"
"IKI","RJDB","Iki Airport","Iki","33.7490005493","129.785003662"
"UBJ","RJDC","Yamaguchi Ube Airport","Yamaguchi","33.930000305200004","131.279006958"
"TSJ","RJDT","Tsushima Airport","Tsushima","34.2849006653","129.330993652"
"MBE","RJEB","Monbetsu Airport","Monbetsu","44.303901672399995","143.404006958"
"AKJ","RJEC","Asahikawa Airport","Asahikawa","43.670799255371094","142.44700622558594"
"OIR","RJEO","Okushiri Airport","Okushiri","42.0717010498","139.432998657"
"RIS","RJER","Rishiri Airport","Rishiri Island","45.2420005798","141.186004639"
"\N","","Ashiya Airport","Ashiya","33.88309860229492","130.6529998779297"
"KUM","RJFC","Yakushima Airport","Yakushima","30.3855991364","130.658996582"
"FUJ","RJFE","Fukue Airport","Fukue","32.66630172729492","128.83299255371094"
"FUK","RJFF","Fukuoka Airport","Fukuoka","33.585899353027344","130.4510040283203"
"TNE","RJFG","New Tanegashima Airport","Tanegashima","30.605100631699997","130.990997314"
"KOJ","RJFK","Kagoshima Airport","Kagoshima","31.80340003967285","130.718994140625"
"KMI","RJFM","Miyazaki Airport","Miyazaki","31.877199173","131.449005127"
"\N","","Nyutabaru Airport","Nyutabaru","32.08359909057617","131.4510040283203"
"OIT","RJFO","Oita Airport","Oita","33.479400634799994","131.736999512"
"KKJ","RJFR","Kitakyūshū Airport","Kitakyushu","33.8459014893","131.035003662"
"KMJ","RJFT","Kumamoto Airport","Kumamoto","32.83729934692383","130.85499572753906"
"NGS","RJFU","Nagasaki Airport","Nagasaki","32.916900634799994","129.914001465"
"\N","","Kanoya Airport","Kanoya","31.367599487304688","130.84500122070312"
"\N","","Tsuiki Air Field","Tsuiki","33.6850013733","131.039993286"
"ASJ","RJKA","Amami Airport","Amami","28.430599212646484","129.71299743652344"
"OKE","RJKB","Okierabu Airport","Okierabu","27.4255008698","128.701004028"
"TKN","RJKN","Tokunoshima Airport","Tokunoshima","27.83639907836914","128.88099670410156"
"FKJ","RJNF","Fukui Airport","Fukui","36.1427993774","136.223999023"
"QGU","","Gifu Airport","Gifu","35.394100189208984","136.8699951171875"
"\N","","Hamamatsu Airport","Hamamatsu","34.75019836425781","137.7030029296875"
"KMQ","RJNK","Komatsu Airport","Kanazawa","36.39459991455078","136.40699768066406"
"OKI","RJNO","Oki Airport","Oki Island","36.18109893798828","133.3249969482422"
"TOY","RJNT","Toyama Airport","Toyama","36.64830017089844","137.18800354003906"
"\N","","Shizuhama Airport","Yaizu","34.812801361083984","138.29800415039062"
"HIJ","RJOA","Hiroshima Airport","Hiroshima","34.4361000061","132.919006348"
"OKJ","RJOB","Okayama Airport","Okayama","34.7569007874","133.854995728"
"IZO","RJOC","Izumo Airport","Izumo","35.4136009216","132.88999939"
"\N","","Hofu Airport","Hofu","34.034698486328125","131.5489959716797"
"YGJ","RJOH","Miho Yonago Airport","Miho","35.4921989440918","133.23599243164062"
"KCZ","RJOK","Kōchi Ryōma Airport","Kochi","33.546101","133.669006"
"MYJ","RJOM","Matsuyama Airport","Matsuyama","33.82720184326172","132.6999969482422"
"ITM","RJOO","Osaka International Airport","Osaka","34.785499572753906","135.43800354003906"
"TTJ","RJOR","Tottori Airport","Tottori","35.5301017761","134.167007446"
"TKS","RJOS","Tokushima Airport/JMSDF Air Base","Tokushima","34.132801","134.606995"
"TAK","RJOT","Takamatsu Airport","Takamatsu","34.214199066199996","134.01600647"
"\N","","Yao Airport","Osaka","34.59629821777344","135.60299682617188"
"\N","","Ozuki Airport","Ozuki","34.0452995300293","131.052001953125"
"AOJ","RJSA","Aomori Airport","Aomori","40.73469924926758","140.6909942626953"
"GAJ","RJSC","Yamagata Airport","Yamagata","38.411899566699994","140.371002197"
"SDS","RJSD","Sado Airport","Sado","38.0601997375","138.414001465"
"HHE","RJSH","Hachinohe Airport","Hachinoe","40.556400299072266","141.46600341796875"
"HNA","RJSI","Hanamaki Airport","Hanamaki","39.4286003112793","141.13499450683594"
"AXT","RJSK","Akita Airport","Akita","39.6156005859375","140.218994140625"
"MSJ","RJSM","Misawa Air Base","Misawa","40.703201293899994","141.367996216"
"SDJ","RJSS","Sendai Airport","Sendai","38.1397018433","140.917007446"
"\N","","Matsushima Air Base","Matsushima","38.4048995972","141.220001221"
"NJA","RJTA","Atsugi Naval Air Facility","Atsugi","35.4546012878418","139.4499969482422"
"\N","","Tateyama Airport","Tateyama","34.987099","139.828995"
"HAC","RJTH","Hachijojima Airport","Hachijojima","33.1150016785","139.785995483"
"\N","","Iruma Air Base","Iruma","35.84189987182617","139.41099548339844"
"\N","","Kisarazu Airport","Kisarazu","35.39830017089844","139.91000366210938"
"\N","","Shimofusa Airport","Shimofusa","35.79890060424805","140.01100158691406"
"OIM","RJTO","Oshima Airport","Oshima","34.782001495399996","139.36000061"
"\N","","Kastner Army Heliport","Zama","35.5138015747","139.393997192"
"HND","RJTT","Tokyo Haneda International Airport","Tokyo","35.552299","139.779999"
"OKO","RJTY","Yokota Air Base","Yokota","35.74850082397461","139.34800720214844"
"KWJ","RKJJ","Gwangju Airport","Kwangju","35.123173","126.805444"
"CHN","RKJU","Jeon Ju Airport (G-703)","Jhunju","35.87808","127.119112"
"RSU","RKJY","Yeosu Airport","Yeosu","34.84230041503906","127.61699676513672"
"\N","","Sokcho Airport","Sokch'o","38.142601013183594","128.5989990234375"
"KAG","RKNN","Gangneung Airport (K-18)","Kangnung","37.753601","128.943915"
"CJU","RKPC","Jeju International Airport","Cheju","33.51129913330078","126.49299621582031"
"CHF","RKPE","Jinhae Airbase/Airport (G-813/K-10)","Chinhae","35.140248","128.696229"
"PUS","RKPK","Gimhae International Airport","Busan","35.1795005798","128.93800354"
"USN","RKPU","Ulsan Airport","Ulsan","35.59349823","129.352005005"
"\N","","A 511 Airport","Pyongtaek","36.96220016479492","127.03099822998047"
"SSN","","Seoul Air Base (K-16)","Seoul East","37.444744","127.112718"
"OSN","RKSO","Osan Air Base","Osan","37.090599","127.029999"
"GMP","RKSS","Gimpo International Airport","Seoul","37.5583","126.791"
"SWU","RKSW","Suwon Airport","Suwon","37.23939895629883","127.00700378417969"
"KPO","RKTH","Pohang Airport (G-815/K-3)","Pohang","35.987955","129.420383"
"TAE","RKTN","Daegu Airport","Taegu","35.896872","128.65531"
"YEC","RKTY","Yecheon Airbase","Yechon","36.630373","128.34971"
"OKA","ROAH","Naha Airport","Okinawa","26.1958007812","127.646003723"
"\N","","Ie Shima Auxiliary Air Base","Iejima","26.725757598876953","127.76490020751953"
"DNA","RODN","Kadena Air Base","Kadena","26.3556","127.767998"
"ISG","ROIG","New Ishigaki Airport","Ishigaki","24.396389","124.245"
"UEO","ROKJ","Kumejima Airport","Kumejima","26.363500595092773","126.71399688720703"
"MMD","ROMD","Minami-Daito Airport","Minami Daito","25.8465003967","131.263000488"
"MMY","ROMY","Miyako Airport","Miyako","24.782800674399997","125.294998169"
"KTD","RORK","Kitadaito Airport","Kitadaito","25.9447002411","131.32699585"
"SHI","RORS","Shimojishima Airport","Shimojishima","24.8267002106","125.144996643"
"TRA","RORT","Tarama Airport","Tarama","24.653900146499996","124.675003052"
"RNJ","RORY","Yoron Airport","Yoron","27.0440006256","128.401992798"
"\N","","Futenma Marine Corps Air Station","Futema","26.27429962158203","127.75599670410156"
"OGN","ROYN","Yonaguni Airport","Yonaguni Jima","24.466899871826172","122.97799682617188"
"MNL","RPLL","Ninoy Aquino International Airport","Manila","14.5086","121.019997"
"CBO","RPMC","Awang Airport","Cotabato","7.1652398109436035","124.20999908447266"
"\N","","Cagayan De Oro Airport","Ladag","8.41562","124.611"
"PAG","RPMP","Pagadian Airport","Pagadian","7.83073144787","123.461179733"
"GES","RPMR","General Santos International Airport","Romblon","6.05800008774","125.096000671"
"ZAM","RPMZ","Zamboanga International Airport","Zamboanga","6.922420024871826","122.05999755859375"
"BAG","RPUB","Loakan Airport","Baguio","16.375099182128906","120.62000274658203"
"DTE","RPUD","Daet Airport","Daet","14.129199981689453","122.9800033569336"
"\N","","Basa Air Base","Floridablanca","14.98724","120.492554"
"\N","","Lingayen Airport","Lingayen","16.034799575805664","120.24099731445312"
"SJI","RPUH","San Jose Airport","San Jose","12.361499786399998","121.04699707"
"\N","","Fernando Air Base","Lipa","13.954999923706055","121.125"
"MBO","RPUM","Mamburao Airport","Mamburao","13.208100318908691","120.6050033569336"
"\N","","Vigan Airport","Vigan","17.555299758911133","120.35600280761719"
"BQA","RPUR","Dr.Juan C. Angara Airport","Baler","15.729309","121.500034"
"\N","","Bagabag Airport","Bagabag","16.6192","121.251999"
"TAC","RPVA","Daniel Z. Romualdez Airport","Tacloban","11.228035","125.027761"
"BCD","RPVB","Bacolod-Silay Airport","Bacolod","10.7764","123.014999"
"DGT","RPVD","Sibulan Airport","Dumaguete","9.3337097168","123.300003052"
"MPH","RPVE","Godofredo P. Ramos Airport","Caticlan","11.9245","121.954002"
"\N","","Guiuan Airport","Guiuan","11.0354995728","125.741996765"
"ILO","RPVI","Iloilo International Airport","Iloilo","10.833017","122.493358"
"KLO","RPVK","Kalibo International Airport","Kalibo","11.679400444","122.375999451"
"PPS","RPVP","Puerto Princesa Airport","Puerto Princesa","9.742119789123535","118.75900268554688"
"EUQ","RPVS","Evelio Javier Airport","San Jose","10.765999794","121.932998657"
"COC","SAAC","Comodoro Pierrestegui Airport","Concordia","-31.2969","-57.9966"
"GHU","SAAG","Gualeguaychu Airport","Gualeguaychu","-33.0103","-58.6131"
"JNI","","Junin Airport","Junin","-34.5459","-60.9306"
"PRA","SAAP","General Urquiza Airport","Parana","-31.7948","-60.4804"
"ROS","SAAR","Islas Malvinas Airport","Rosario","-32.9036","-60.785"
"SFN","SAAV","Sauce Viejo Airport","Santa Fe","-31.7117","-60.8117"
"AEP","SABE","Jorge Newbery Airpark","Buenos Aires","-34.5592","-58.4156"
"COR","SACO","Ingeniero Ambrosio Taravella Airport","Cordoba","-31.323601","-64.208"
"\N","","Chamical Airport","Gobernador Gordillo","-30.34530067","-66.29360198"
"FDO","","San Fernando Airport","San Fernando","-34.4532","-58.5896"
"\N","","Mariano Moreno Airport","Jose C. Paz","-34.5606","-58.7896"
"LPG","SADL","La Plata Airport","La Plata","-34.9722","-57.8947"
"\N","","Moron Airport","Moron","-34.6763","-58.6428"
"EPA","SADP","El Palomar Airport","El Palomar","-34.6099","-58.6126"
"HOS","SAHC","Chos Malal Airport","Chosmadal","-37.444698333699996","-70.2225036621"
"GNR","SAHR","Dr. Arturo H. Illia Airport","Fuerte Gral Roca","-39.0007019043","-67.6204986572"
"MDZ","SAME","El Plumerillo Airport","Mendoza","-32.8316993713","-68.7929000854"
"LGS","SAMM","Comodoro D.R. Salomón Airport","Malargue","-35.493598938","-69.5743026733"
"AFA","SAMR","Suboficial Ay Santiago Germano Airport","San Rafael","-34.588299","-68.4039"
"CTC","SANC","Catamarca Airport","Catamarca","-28.5956001282","-65.751701355"
"SDE","SANE","Vicecomodoro Angel D. La Paz Aragonés Airport","Santiago Del Estero","-27.765556335399996","-64.3099975586"
"\N","","Tinogasta Airport","Tinogasta","-28.0377998352","-67.5802993774"
"IRJ","SANL","Capitan V A Almonacid Airport","La Rioja","-29.3815994263","-66.7957992554"
"\N","","Chilecito Airport","Chilecito","-29.2238998413","-67.4389038086"
"TUC","SANT","Teniente Benjamin Matienzo Airport","Tucuman","-26.8409","-65.104897"
"UAQ","SANU","Domingo Faustino Sarmiento Airport","San Juan","-31.571501","-68.418198"
"RCU","SAOC","Area De Material Airport","Rio Cuarto","-33.0850982666","-64.2612991333"
"VDR","SAOD","Villa Dolores Airport","Villa Dolores","-31.9451999664","-65.1463012695"
"\N","","La Quiaca Airport","Laboulaye","-22.1506004333","-65.57749938959999"
"\N","","Marcos Juarez Airport","Marcos Juarez","-32.6836","-62.157801"
"VME","SAOR","Villa Reynolds Airport","Villa Reynolds","-33.7299003601","-65.3873977661"
"LUQ","SAOU","Brigadier Mayor D Cesar Raul Ojeda Airport","San Luis","-33.2732009888","-66.3563995361"
"CNQ","SARC","Corrientes Airport","Corrientes","-27.4455","-58.7619"
"RES","SARE","Resistencia International Airport","Resistencia","-27.45","-59.0561"
"FMA","SARF","Formosa Airport","Formosa","-26.2127","-58.2281"
"IGR","SARI","Cataratas Del Iguazú International Airport","Iguazu Falls","-25.737301","-54.4734"
"AOL","SARL","Paso De Los Libres Airport","Paso De Los Libres","-29.6894","-57.1521"
"MCS","SARM","Monte Caseros Airport","Monte Caseros","-30.2719","-57.6402"
"PSS","SARP","Libertador Gral D Jose De San Martin Airport","Posadas","-27.3858","-55.9707"
"PRQ","SARS","Termal Airport","Presidencia R.s.pena","-26.753611","-60.492222"
"SLA","SASA","Martin Miguel De Guemes International Airport","Salta","-24.856000900299996","-65.4861984253"
"JUJ","SASJ","Gobernador Horacio Guzman International Airport","Jujuy","-24.392799","-65.097801"
"ORA","SASO","Orán Airport","Oran","-23.1527996063","-64.3292007446"
"\N","","Laboulaye Airport","La Quiaca","-34.1353988647","-63.36230087279999"
"ELO","SATD","El Dorado Airport","El Dorado","-26.3974990845","-54.5746994019"
"OYA","SATG","Goya Airport","Goya","-29.1058","-59.2189"
"\N","","Oberá Airport","Obera","-27.5181999207","-55.1241989136"
"RCQ","SATR","Reconquista Airport","Reconquista","-29.2103","-59.68"
"UZU","SATU","Curuzu Cuatia Airport","Curuzu Cuatia","-29.7706","-57.9789"
"EHL","SAVB","El Bolson Airport","El Bolson","-41.9431991577","-71.5323028564"
"CRD","SAVC","General E. Mosconi Airport","Comodoro Rivadavia","-45.7853","-67.4655"
"EQS","SAVE","Brigadier Antonio Parodi Airport","Esquel","-42.908000946","-71.139503479"
"REL","SAVT","Almirante Marco Andres Zar Airport","Trelew","-43.2105","-65.2703"
"VDM","SAVV","Gobernador Castello Airport","Viedma","-40.8692","-63.0004"
"PMY","SAVY","El Tehuelche Airport","Puerto Madryn","-42.7592","-65.1027"
"\N","","Marambio Base","Marambio Base","-64.2382965088","-56.6307983398"
"PUD","SAWD","Puerto Deseado Airport","Puerto Deseado","-47.7353","-65.9041"
"RGA","SAWE","Hermes Quijada International Airport","Rio Grande","-53.7777","-67.7494"
"RGL","SAWG","Piloto Civil N. Fernández Airport","Rio Gallegos","-51.6089","-69.3126"
"USH","SAWH","Malvinas Argentinas Airport","Ushuaia","-54.8433","-68.2958"
"ULA","SAWJ","Capitan D Daniel Vazquez Airport","San Julian","-49.3068","-67.8026"
"PMQ","SAWP","Perito Moreno Airport","Perito Moreno","-46.537899","-70.978699"
"RZA","SAWU","Santa Cruz Airport","Santa Cruz","-50.0165","-68.5792"
"BHI","SAZB","Comandante Espora Airport","Bahia Blanca","-38.725","-62.1693"
"CSZ","SAZC","Brigadier D.H.E. Ruiz Airport","Colonel Suarez","-37.446098","-61.889301"
"OVR","SAZF","Olavarria Airport","Olavarria","-36.8899993896","-60.216598510699995"
"GPO","SAZG","General Pico Airport","General Pico","-35.6962013245","-63.7583007812"
"OYO","SAZH","Tres Arroyos Airport","Tres Arroyos","-38.3869","-60.3297"
"\N","","Bolivar Airport","Bolivar","-36.1866","-61.0764"
"MDQ","SAZM","Ástor Piazzola International Airport","Mar Del Plata","-37.9342","-57.5733"
"NQN","SAZN","Presidente Peron Airport","Neuquen","-38.949001","-68.155701"
"PEH","SAZP","Comodoro Pedro Zanni Airport","Pehuajo","-35.8446","-61.8576"
"RSA","SAZR","Santa Rosa Airport","Santa Rosa","-36.588299","-64.275703"
"BRC","SAZS","San Carlos De Bariloche Airport","San Carlos De Bariloche","-41.151199","-71.157501"
"TDL","SAZT","Héroes De Malvinas Airport","Tandil","-37.2374000549","-59.2279014587"
"VLG","SAZV","Villa Gesell Airport","Villa Gesell","-37.2354","-57.0292"
"CUT","SAZW","Cutral-Co Airport","Cutralco","-38.939701080300004","-69.2646026611"
"CPC","SAZY","Aviador C. Campos Airport","San Martin Des Andes","-40.075401","-71.137299"
"CDJ","SBAA","Conceição do Araguaia Airport","Conceicao Do Araguaia","-8.348349571228027","-49.30149841308594"
"\N","","Campo Délio Jardim de Mattos Airport","Rio De Janeiro","-22.875099","-43.384701"
"\N","","Amapá Airport","Amapa","2.07751","-50.8582"
"AQA","SBAQ","Araraquara Airport","Araracuara","-21.812000274699997","-48.1329994202"
"AJU","SBAR","Santa Maria Airport","Aracaju","-10.984000206","-37.0703010559"
"AFL","SBAT","Piloto Osvaldo Marques Dias Airport","Alta Floresta","-9.8663892746","-56.1049995422"
"ARU","SBAU","Araçatuba Airport","Aracatuba","-21.1413002014","-50.4247016907"
"BEL","SBBE","Val de Cans/Júlio Cezar Ribeiro International Airport","Belem","-1.3792500495900002","-48.4762992859"
"BGX","SBBG","Comandante Gustavo Kraemer Airport","Bage","-31.39049911499","-54.112201690674"
"PLU","SBBH","Pampulha - Carlos Drummond de Andrade Airport","Belo Horizonte","-19.851200103759766","-43.950599670410156"
"BFH","SBBI","Bacacheri Airport","Curitiba","-25.4050998688","-49.23199844359999"
"\N","","Major Brigadeiro Doorgal Borges Airport","Barbacena","-21.2672","-43.761101"
"BSB","SBBR","Presidente Juscelino Kubistschek International Airport","Brasilia","-15.86916732788086","-47.920833587646484"
"BAU","","Bauru Airport","Bauru","-22.3449993134","-49.0537986755"
"BVB","SBBV","Atlas Brasil Cantanhede Airport","Boa Vista","2.84138894081","-60.6922225952"
"BPG","SBBW","Barra do Garças Airport","Barra Do Garcas","-15.861300468400001","-52.3889007568"
"CAC","SBCA","Cascavel Airport","Cascavel","-25.0002994537","-53.500801086399996"
"\N","","Cachimbo Airport","Itaituba","-9.33393955231","-54.9654006958"
"CNF","SBCF","Tancredo Neves International Airport","Belo Horizonte","-19.62444305419922","-43.97194290161133"
"CGR","SBCG","Campo Grande Airport","Campo Grande","-20.468700408900002","-54.6725006104"
"XAP","SBCH","Serafin Enoss Bertaso Airport","Chapeco","-27.134199142456","-52.656600952148"
"CLN","SBCI","Brig. Lysias Augusto Rodrigues Airport","Carolina","-7.32043981552124","-47.45869827270508"
"CCM","","Diomício Freitas Airport","Criciuma","-28.7244434357","-49.4213905334"
"\N","","Canoas Air Force Base","Porto Alegre","-29.945928","-51.144413"
"CAW","SBCP","Bartolomeu Lisandro Airport","Campos","-21.698299408","-41.301700592"
"CMG","SBCR","Corumbá International Airport","Corumba","-19.0119438171","-57.6713905334"
"CWB","SBCT","Afonso Pena Airport","Curitiba","-25.5284996033","-49.1758003235"
"CRQ","","Caravelas Airport","Caravelas","-17.652299880981","-39.253101348877"
"CXJ","SBCX","Hugo Cantergiani Regional Airport","Caxias Do Sul","-29.197099685699996","-51.1875"
"CGB","SBCY","Marechal Rondon Airport","Cuiaba","-15.6528997421","-56.1166992188"
"CZS","SBCZ","Cruzeiro do Sul Airport","Cruzeiro do Sul","-7.59990978241","-72.7695007324"
"PPB","SBDN","Presidente Prudente Airport","President Prudente","-22.1751003265","-51.4245986938"
"MAO","SBEG","Eduardo Gomes International Airport","Manaus","-3.0386099815368652","-60.04970169067383"
"JCR","SBEK","Jacareacanga Airport","Jacare-acanga","-6.233160018920898","-57.77690124511719"
"\N","","São Pedro da Aldeia Airport","Sao Pedro Da Aldeia","-22.81290054321289","-42.09260177612305"
"IGU","SBFI","Cataratas International Airport","Foz Do Iguacu","-25.600278854370117","-54.48500061035156"
"FLN","SBFL","Hercílio Luz International Airport","Florianopolis","-27.670278549194336","-48.5525016784668"
"FEN","SBFN","Fernando de Noronha Airport","Fernando Do Noronha","-3.85493","-32.423302"
"\N","","Furnas Airport","Alpinopolis","-20.702800750732422","-46.33530044555664"
"FOR","SBFZ","Pinto Martins International Airport","Fortaleza","-3.776279926300049","-38.53260040283203"
"GIG","SBGL","Rio Galeão – Tom Jobim International Airport","Rio De Janeiro","-22.8099994659","-43.2505569458"
"GJM","SBGM","Guajará-Mirim Airport","Guajara-mirim","-10.786399841308594","-65.28479766845703"
"GYN","SBGO","Santa Genoveva Airport","Goiania","-16.631999969482422","-49.220699310302734"
"\N","","EMBRAER - Unidade Gavião Peixoto Airport","Macae","-21.773700714111328","-48.40510177612305"
"GRU","SBGR","Guarulhos - Governador André Franco Montoro International Airport","Sao Paulo","-23.435556411743164","-46.47305679321289"
"GUJ","SBGW","Guaratinguetá Airport","Guaratingueta","-22.79159927368164","-45.20479965209961"
"ATM","SBHT","Altamira Airport","Altamira","-3.2539100646973","-52.254001617432"
"ITA","SBIC","Itacoatiara Airport","Itaituba","-3.1272599697113037","-58.481201171875"
"ITB","SBIH","Itaituba Airport","Itaituba","-4.2423400878906","-56.000701904297"
"IOS","SBIL","Bahia - Jorge Amado Airport","Ilheus","-14.815999984741","-39.033199310303"
"IPN","SBIP","Usiminas Airport","Ipatinga","-19.470699310303","-42.487598419189"
"ITR","SBIT","Francisco Vilela do Amaral Airport","Itumbiara","-18.4447002411","-49.2134017944"
"IMP","SBIZ","Prefeito Renato Moreira Airport","Imperatriz","-5.53129","-47.459999"
"\N","","Belém/Brigadeiro Protásio de Oliveira Airport","Belem","-1.4141600132","-48.4607009888"
"JDF","SBJF","Francisco de Assis Airport","Juiz De Fora","-21.791500091552734","-43.38679885864258"
"JPA","SBJP","Presidente Castro Pinto International Airport","Joao Pessoa","-7.145833015440001","-34.9486122131"
"JOI","SBJV","Lauro Carneiro de Loyola Airport","Joinville","-26.22450065612793","-48.797401428222656"
"CPV","SBKG","Presidente João Suassuna Airport","Campina Grande","-7.26992","-35.8964"
"VCP","SBKP","Viracopos International Airport","Campinas","-23.0074005127","-47.1344985962"
"LAJ","SBLJ","Lages Airport","Lajes","-27.782100677499997","-50.28150177"
"LIP","","Lins Airport","Lins","-21.663999557495","-49.730499267578"
"LDB","SBLO","Governador José Richa Airport","Londrina","-23.333599090599996","-51.1301002502"
"LAZ","SBLP","Bom Jesus da Lapa Airport","Bom Jesus Da Lapa","-13.2621002197","-43.4081001282"
"\N","","Lagoa Santa Airport","Lagoa Santa","-19.66160011291504","-43.896400451660156"
"MAB","SBMA","João Correa da Rocha Airport","Maraba","-5.36858987808","-49.138000488299994"
"MEU","SBMD","Monte Dourado Airport","Almeirim","-0.889839","-52.6022"
"MGF","SBMG","Regional de Maringá - Sílvio Nane Junior Airport","Maringa","-23.479444503799996","-52.01222229"
"MOC","SBMK","Mário Ribeiro Airport","Montes Claros","-16.706899642899998","-43.818901062"
"PLL","SBMN","Ponta Pelada Airport","Manaus","-3.1460399627685547","-59.98630142211914"
"MCZ","SBMO","Zumbi dos Palmares Airport","Maceio","-9.510809898376465","-35.79169845581055"
"MCP","SBMQ","Alberto Alcolumbre Airport","Macapa","0.0506640002131","-51.0722007751"
"MVF","SBMS","Dix-Sept Rosado Airport","Mocord","-5.2019200324999995","-37.3642997742"
"\N","","Campo de Marte Airport","Sao Paulo","-23.5090999603","-46.6377983093"
"MNX","SBMY","Manicoré Airport","Manicore","-5.8113799095154","-61.278301239014"
"NVT","SBNF","Ministro Victor Konder International Airport","Navegantes","-26.879999","-48.651402"
"GEL","SBNM","Santo Ângelo Airport","Santo Angelo","-28.2817","-54.169102"
"NAT","","Governador Aluízio Alves International Airport","Natal","-5.768056","-35.376111"
"OYK","SBOI","Oiapoque Airport","Oioiapoque","3.85548996925354","-51.79690170288086"
"POA","SBPA","Salgado Filho Airport","Porto Alegre","-29.994400024414062","-51.1713981628418"
"PHB","SBPB","Prefeito Doutor João Silva Filho Airport","Parnaiba","-2.89374995232","-41.73199844359999"
"POO","SBPC","Poços de Caldas - Embaixador Walther Moreira Salles Airport","Pocos De Caldas","-21.843000411987","-46.567901611328"
"PFB","SBPF","Lauro Kurtz Airport","Passo Fundo","-28.243999","-52.326599"
"PET","SBPK","João Simões Lopes Neto International Airport","Pelotas","-31.718399","-52.327702"
"PNZ","SBPL","Senador Nilo Coelho Airport","Petrolina","-9.362409591674805","-40.56909942626953"
"PNB","","Porto Nacional Airport","Porto Nacional","-10.719400405883789","-48.39970016479492"
"PMG","SBPP","Ponta Porã Airport","Ponta Pora","-22.54960060119629","-55.702598571777344"
"PVH","SBPV","Governador Jorge Teixeira de Oliveira Airport","Porto Velho","-8.70928955078125","-63.90230178833008"
"RBR","SBRB","Plácido de Castro Airport","Rio Branco","-9.868888854980469","-67.89805603027344"
"REC","SBRF","Guararapes - Gilberto Freyre International Airport","Recife","-8.126489639282227","-34.92359924316406"
"SDU","SBRJ","Santos Dumont Airport","Rio De Janeiro","-22.910499572799996","-43.1631011963"
"RAO","SBRP","Leite Lopes Airport","Ribeirao Preto","-21.136388778686523","-47.776668548583984"
"SNZ","","Santa Cruz Air Force Base","Rio De Janeiro","-22.9324","-43.719101"
"SJK","SBSJ","Professor Urbano Ernesto Stumpf Airport","Sao Jose Dos Campos","-23.22920036315918","-45.86149978637695"
"SLZ","SBSL","Marechal Cunha Machado International Airport","Sao Luis","-2.585360050201416","-44.234100341796875"
"CGH","SBSP","Congonhas Airport","Sao Paulo","-23.626110076904297","-46.65638732910156"
"SJP","SBSR","Prof. Eribelto Manoel Reino State Airport","Sao Jose Do Rio Preto","-20.816600799599996","-49.40650177"
"SSZ","SBST","Base Aérea de Santos Airport","Santos","-23.928056716918945","-46.299720764160156"
"SSA","SBSV","Deputado Luiz Eduardo Magalhães International Airport","Salvador","-12.9086112976","-38.3224983215"
"TMT","SBTB","Trombetas Airport","Oriximina","-1.489599943161","-56.396800994873"
"THE","SBTE","Senador Petrônio Portela Airport","Teresina","-5.0599398613","-42.8235015869"
"TFF","SBTF","Tefé Airport","Tefe","-3.38294005394","-64.7240982056"
"TRQ","SBTK","Tarauacá Airport","Tarauaca","-8.1552600860596","-70.783302307129"
"TEC","","Telêmaco Borba Airport","Telemaco Borba","-24.317800521850586","-50.6515998840332"
"\N","","Tiriós Airport","Obidos Tirios","2.22347","-55.946098"
"TBT","SBTT","Tabatinga Airport","Tabatinga","-4.2556700706482","-69.93579864502"
"TUR","SBTU","Tucuruí Airport","Tucurui","-3.7860100269318","-49.72029876709"
"SJL","SBUA","São Gabriel da Cachoeira Airport","Sao Gabriel","-0.14835","-66.9855"
"PAV","SBUF","Paulo Afonso Airport","Paulo Alfonso","-9.4008798599243","-38.250598907471"
"URG","SBUG","Rubem Berta Airport","Uruguaiana","-29.7821998596","-57.0382003784"
"UDI","SBUL","Ten. Cel. Aviador César Bombonato Airport","Uberlandia","-18.883612","-48.225277"
"UBA","SBUR","Mário de Almeida Franco Airport","Uberaba","-19.764722824097","-47.966110229492"
"VAG","SBVG","Major Brigadeiro Trompowsky Airport","Varginha","-21.5900993347","-45.4733009338"
"BVH","SBVH","Brigadeiro Camarão Airport","Vilhena","-12.694399833679","-60.098300933838"
"VIX","SBVT","Eurico de Aguiar Salles Airport","Vitoria","-20.258057","-40.286388"
"\N","","Iauaretê Airport","Iauarete","0.6075000166893","-69.18579864502"
"QPS","","Campo Fontenelle Airport","Piracununga","-21.984600067138672","-47.334800720214844"
"ARI","SCAR","Chacalluta Airport","Arica","-18.348499","-70.338699"
"BBA","SCBA","Balmaceda Airport","Balmaceda","-45.916099548339844","-71.68949890136719"
"\N","","El Bosque Airport","Santiago","-33.561798095703125","-70.68840026855469"
"CCH","SCCC","Chile Chico Airport","Chile Chico","-46.58330154418945","-71.6874008178711"
"CJC","SCCF","El Loa Airport","Calama","-22.498199462890625","-68.90360260009766"
"YAI","SCCH","Gral. Bernardo O´Higgins Airport","Chillan","-36.58250045776367","-72.03140258789062"
"PUQ","SCCI","Pdte. Carlos Ibañez del Campo Airport","Punta Arenas","-53.002602","-70.854599"
"GXQ","SCCY","Teniente Vidal Airport","Coyhaique","-45.594200134277344","-72.1061019897461"
"IQQ","SCDA","Diego Aracena Airport","Iquique","-20.535200119018555","-70.1812973022461"
"SCL","SCEL","Comodoro Arturo Merino Benítez International Airport","Santiago","-33.393001556396484","-70.78579711914062"
"ANF","SCFA","Andrés Sabella Gálvez International Airport","Antofagasta","-23.444501","-70.445099"
"WPR","SCFM","Capitan Fuentes Martinez Airport Airport","Porvenir","-53.253700256347656","-70.31919860839844"
"FFU","SCFT","Futaleufú Airport","Futaleufu","-43.18920135498047","-71.8510971069336"
"LSQ","SCGE","María Dolores Airport","Los Angeles","-37.40169906616211","-72.42539978027344"
"WPU","SCGZ","Guardiamarina Zañartu Airport","Puerto Williams","-54.93109893798828","-67.62629699707031"
"CCP","SCIE","Carriel Sur Airport","Concepcion","-36.772701","-73.063103"
"IPC","SCIP","Mataveri Airport","Easter Island","-27.1648006439","-109.42199707"
"ZOS","SCJO","Cañal Bajo Carlos - Hott Siebert Airport","Osorno","-40.61119842529297","-73.06099700927734"
"VLR","SCLL","Vallenar Airport","Vallenar","-28.596399307250977","-70.75599670410156"
"QRC","","De La Independencia Airport","Rancagua","-34.17369842529297","-70.77570343017578"
"TNM","SCRM","Teniente Rodolfo Marsh Martin Base","Isla Rey Jorge","-62.1907997131","-58.9866981506"
"LSC","SCSE","La Florida Airport","La Serena","-29.916201","-71.199501"
"\N","","Eulogio Sánchez Airport","Santiago","-33.456298828125","-70.54669952392578"
"PZS","SCTC","Maquehue Airport","Temuco","-38.766799926758","-72.637100219727"
"PMC","SCTE","El Tepual Airport","Puerto Montt","-41.438899993896484","-73.09400177001953"
"WCH","SCTN","Chaitén Airport","Chaiten","-42.93280029296875","-72.6990966796875"
"ZAL","SCVD","Pichoy Airport","Valdivia","-39.6500015259","-73.0860977173"
"ATF","SEAM","Chachoán Airport","Ambato","-1.2120699882507324","-78.57460021972656"
"\N","","Hacienda Clementina Airport","Clementia","-1.7062699794769287","-79.37889862060547"
"OCC","SECO","Francisco De Orellana Airport","Coca","-0.4628860056400299","-76.98680114746094"
"CUE","SECU","Mariscal Lamar Airport","Cuenca","-2.88947","-78.984398"
"GPS","SEGS","Seymour Airport","Galapagos","-0.45375800132751465","-90.26589965820312"
"GYE","SEGU","José Joaquín de Olmedo International Airport","Guayaquil","-2.1574199199699997","-79.88359832760001"
"\N","","Gualaquiza Airport","Gualaquiza","-3.4232099056243896","-78.56700134277344"
"\N","","Atahualpa Airport","Ibarra","0.33841899037361145","-78.13639831542969"
"\N","","Km 192 Airport","Km-192","0.18420299887657166","-79.39199829101562"
"\N","","Hacienda La Julia Airport","La Julia","-1.7043800354003906","-79.55229949951172"
"LTX","","Cotopaxi International Airport","Latacunga","-0.906833","-78.615799"
"MRR","SEMA","Jose Maria Velasco Ibarra Airport","Macara","-4.37823009491","-79.94100189210002"
"XMS","SEMC","Coronel E Carvajal Airport","Macas","-2.2991700172424316","-78.12079620361328"
"MCH","","General Manuel Serrano Airport","Machala","-3.2689","-79.961601"
"\N","","El Carmen Airport","Montalvo","-2.067009925842285","-76.97570037841797"
"MEC","SEMT","Eloy Alfaro International Airport","Manta","-0.9460780024528503","-80.67880249023438"
"\N","","Maragrosa Airport","Maragrosa","-2.851099967956543","-79.80359649658203"
"\N","","Amable Calle Gutierrez Airport","Pasaje","-3.3196699619293213","-79.76920318603516"
"PVO","SEPV","Reales Tamarindos Airport","Portoviejo","-1.0416500568389893","-80.47219848632812"
"\N","","Quevedo Airport","Quevedo","-0.9894000291824341","-79.46510314941406"
"UIO","SEQM","Mariscal Sucre International Airport","Quito","-0.129166666667","-78.3575"
"\N","","Chimborazo Airport","Riobamba","-1.6534299850463867","-78.65609741210938"
"ETR","SERO","Santa Rosa International Airport","Santa Rosa","-3.441986","-79.996957"
"SNC","SESA","General Ulpiano Paez Airport","Salinas","-2.20499","-80.988899"
"\N","","Santo Domingo de Los Colorados Airport","Santo Domingo","-0.2482219934463501","-79.21440124511719"
"\N","","Taura Airport","Taura","-2.261039972305298","-79.6801986694336"
"\N","","Mayor Galo Torres Airport","Tena","-0.9867669939994812","-77.81950378417969"
"TPC","SETR","Tarapoa Airport","Tarapoa","-0.12295600026845932","-76.33779907226562"
"TUA","SETU","Teniente Coronel Luis a Mantilla Airport","Tulcan","0.8095059990882874","-77.70809936523438"
"ASU","SGAS","Silvio Pettirossi International Airport","Asuncion","-25.239999771118164","-57.52000045776367"
"AYO","SGAY","Juan De Ayolas Airport","Ayolas","-27.370554","-56.854064"
"CIO","SGCO","Teniente Col Carmelo Peralta Airport","Conception","-23.442363","-57.427253"
"\N","","Itaipú Airport","Itaipu","-25.407519","-54.619377"
"ESG","SGME","Dr. Luis Maria Argaña International Airport","Mariscal Estigarribia","-22.049999237060547","-60.619998931884766"
"PIL","SGPI","Carlos Miguel Gimenez Airport","Pilar","-26.881224","-58.318026"
"AXM","SKAR","El Eden Airport","Armenia","4.45278","-75.7664"
"PUU","SKAS","Tres De Mayo Airport","Puerto Asis","0.505228","-76.5008"
"ELB","SKBC","Las Flores Airport","El Banco","9.04554","-73.9749"
"BGA","SKBG","Palonegro Airport","Bucaramanga","7.1265","-73.1848"
"BOG","SKBO","El Dorado International Airport","Bogota","4.70159","-74.1469"
"BAQ","SKBQ","Ernesto Cortissoz International Airport","Barranquilla","10.8896","-74.7808"
"BSC","SKBS","José Celestino Mutis Airport","Bahia Solano","6.20292","-77.3947"
"BUN","SKBU","Gerardo Tobar López Airport","Buenaventura","3.81963","-76.9898"
"CUC","SKCC","Camilo Daza International Airport","Cucuta","7.92757","-72.5115"
"CTG","SKCG","Rafael Nuñez International Airport","Cartagena","10.4424","-75.513"
"CLO","SKCL","Alfonso Bonilla Aragon International Airport","Cali","3.54322","-76.3816"
"TCO","SKCO","La Florida Airport","Tumaco","1.81442","-78.7492"
"CZU","SKCZ","Las Brujas Airport","Corozal","9.33274","-75.2856"
"EJA","SKEJ","Yariguíes Airport","Barrancabermeja","7.02433","-73.8068"
"FLA","SKFL","Gustavo Artunduaga Paredes Airport","Florencia","1.58919","-75.5644"
"GIR","SKGI","Santiago Vila Airport","Girardot","4.27624","-74.7967"
"GPI","SKGP","Juan Casiano Airport","Guapi","2.57013","-77.8986"
"\N","","Guaymaral Airport","Guaymaral","4.81233","-74.0649"
"IBE","SKIB","Perales Airport","Ibague","4.42161","-75.1333"
"IPI","SKIP","San Luis Airport","Ipiales","0.861925","-77.6718"
"APO","SKLC","Antonio Roldan Betancourt Airport","Carepa","7.81196","-76.7164"
"MCJ","SKLM","Jorge Isaac Airport","La Mina","11.2325","-72.4901"
"LET","SKLT","Alfredo Vásquez Cobo International Airport","Leticia","-4.19355","-69.9432"
"EOH","SKMD","Enrique Olaya Herrera Airport","Medellin","6.220549","-75.590582"
"MGN","SKMG","Baracoa Airport","Magangue","9.28474","-74.8461"
"MTR","SKMR","Los Garzones Airport","Monteria","8.82374","-75.8258"
"MVP","SKMU","Fabio Alberto Leon Bentley Airport","Mitu","1.25366","-70.2339"
"MZL","SKMZ","La Nubia Airport","Manizales","5.0296","-75.4647"
"NVA","SKNV","Benito Salas Airport","Neiva","2.95015","-75.294"
"OCV","SKOC","Aguas Claras Airport","Ocana","8.31506","-73.3583"
"OTU","SKOT","Otu Airport","Otu","7.01037","-74.7155"
"\N","","Puerto Bolívar Airport","Puerto Bolivar","12.2215","-71.9848"
"PCR","SKPC","German Olano Airport","Puerto Carreno","6.18472","-67.4932"
"PEI","SKPE","Matecaña International Airport","Pereira","4.81267","-75.7395"
"PTX","SKPI","Pitalito Airport","Pitalito","1.85777","-76.0857"
"PPN","SKPP","Guillermo León Valencia Airport","Popayan","2.4544","-76.6093"
"PSO","SKPS","Antonio Narino Airport","Pasto","1.39625","-77.2915"
"PVA","SKPV","El Embrujo Airport","Providencia","13.3569","-81.3583"
"MQU","SKQU","Mariquita Airport","Mariquita","5.21256","-74.8836"
"MDE","SKRG","Jose Maria Córdova International Airport","Rio Negro","6.16454","-75.4231"
"RCH","SKRH","Almirante Padilla Airport","Rio Hacha","11.5262","-72.926"
"SJE","SKSJ","Jorge E. Gonzalez Torres Airport","San Jose Del Guaviare","2.57969","-72.6394"
"SMR","SKSM","Simón Bolívar International Airport","Santa Marta","11.1196","-74.2306"
"ADZ","SKSP","Gustavo Rojas Pinilla International Airport","San Andres Island","12.5836","-81.7112"
"SVI","SKSV","Eduardo Falla Solano Airport","San Vincente De Caguan","2.15217","-74.7663"
"TME","SKTM","Gustavo Vargas Airport","Tame","6.45108","-71.7603"
"AUC","SKUC","Santiago Perez Airport","Arauca","7.06888","-70.7369"
"UIB","SKUI","El Caraño Airport","Quibdo","5.69076","-76.6412"
"ULQ","SKUL","Heriberto Gíl Martínez Airport","Tulua","4.08836","-76.2351"
"VUP","SKVP","Alfonso López Pumarejo Airport","Valledupar","10.435","-73.2495"
"VVC","SKVV","Vanguardia Airport","Villavicencio","4.16787","-73.6138"
"BJO","SLBJ","Bermejo Airport","Bermejo","-22.7733001709","-64.31289672850001"
"CBB","SLCB","Jorge Wilsterman International Airport","Cochabamba","-17.421100616455078","-66.1771011352539"
"CCA","SLHI","Chimore Airport","Chapacura","-16.976834","-65.145568"
"CIJ","SLCO","Capitán Aníbal Arab Airport","Cobija","-11.040399551400002","-68.7829971313"
"LPB","SLLP","El Alto International Airport","La Paz","-16.5132999420166","-68.19229888916016"
"ORU","SLOR","Juan Mendoza Airport","Oruro","-17.962600708","-67.0762023926"
"POI","SLPO","Capitan Nicolas Rojas Airport","Potosi","-19.5431003571","-65.72370147710001"
"PSZ","SLPS","Capitán Av. Salvador Ogaya G. airport","Puerto Suarez","-18.975301","-57.820599"
"SBL","SLSA","Santa Ana Del Yacuma Airport","Santa Ana","-13.762200355500001","-65.4352035522"
"SRE","SLAL","Juana Azurduy De Padilla Airport","Sucre","-19.007099151611328","-65.2886962890625"
"TJA","SLTJ","Capitan Oriel Lea Plaza Airport","Tarija","-21.5557003021","-64.7013015747"
"TDD","SLTR","Teniente Av. Jorge Henrich Arauz Airport","Trinidad","-14.8186998367","-64.9179992676"
"VLM","SLVM","Teniente Coronel Rafael Pabón Airport","Villa Montes","-21.255199432399998","-63.4056015015"
"VVI","SLVR","Viru Viru International Airport","Santa Cruz","-17.6448","-63.135399"
"BYC","SLYA","Yacuiba Airport","Yacuiba","-21.960899353027344","-63.65169906616211"
"PBM","SMJP","Johan Adolf Pengel International Airport","Zandery","5.4528298377999995","-55.1878013611"
"CAY","SOCA","Cayenne-Rochambeau Airport","Cayenne","4.819809913639999","-52.360401153599994"
"OYP","SOOG","Saint-Georges-de-l'Oyapock Airport","St.-georges Oyapock","3.89759993553","-51.8041000366"
"\N","","Huancabamba Airport","Huancabamba","-5.256770133972168","-79.44290161132812"
"AOP","","Alferez FAP Alfredo Vladimir Sara Bauer Airport","Andoas","-2.79612994194","-76.46659851070001"
"\N","","Teniente General Gerardo Pérez Pinedo Airport","Atalaya","-10.7291002274","-73.7665023804"
"IBP","SPBR","Iberia Airport","Iberia","-11.411600112915039","-69.48870086669922"
"PCL","SPCL","Cap FAP David Abenzur Rengifo International Airport","Pucallpa","-8.37794017791748","-74.57430267333984"
"CHM","SPEO","Teniente FAP Jaime A De Montreuil Morales Airport","Chimbote","-9.149609565734863","-78.5238037109375"
"\N","","Puerto Esperanza Airport","Puerto Esperanza","-9.7681303024292","-70.70649719238281"
"\N","","Cesar Torke Podesta Airport","Moquegua","-17.179000854492188","-70.93080139160156"
"CIX","SPHI","Capitan FAP Jose A Quinones Gonzales International Airport","Chiclayo","-6.787479877471924","-79.8281021118164"
"AYP","SPHO","Coronel FAP Alfredo Mendivil Duarte Airport","Ayacucho","-13.154800415039062","-74.20439910888672"
"ANS","SPHY","Andahuaylas Airport","Andahuaylas","-13.706399917602539","-73.35040283203125"
"ATA","SPHZ","Comandante FAP German Arias Graziani Airport","Anta","-9.347439765930176","-77.59839630126953"
"LIM","SPJC","Jorge Chávez International Airport","Lima","-12.0219","-77.114305"
"JJI","SPJI","Juanjui Airport","Juanjui","-7.169099807739258","-76.72859954833984"
"JAU","SPJJ","Francisco Carle Airport","Jauja","-11.7831001282","-75.47339630130001"
"JUL","SPJL","Inca Manco Capac International Airport","Juliaca","-15.467100143432617","-70.158203125"
"ILQ","SPLO","Ilo Airport","Ilo","-17.69499969482422","-71.34400177001953"
"\N","","Las Palmas Air Base","Las Palmas","-12.16069984436","-76.998901367188"
"TBP","SPME","Capitan FAP Pedro Canga Rodriguez Airport","Tumbes","-3.55253005027771","-80.38140106201172"
"YMS","SPMS","Moises Benzaquen Rengifo Airport","Yurimaguas","-5.893770217895508","-76.11820220947266"
"\N","","Collique Airport","Collique","-11.92870044708252","-77.06109619140625"
"CHH","SPPY","Chachapoyas Airport","Chachapoyas","-6.201809883117676","-77.8561019897461"
"IQT","SPQT","Coronel FAP Francisco Secada Vignetta International Airport","Iquitos","-3.7847399711608887","-73.30879974365234"
"AQP","SPQU","Rodríguez Ballón International Airport","Arequipa","-16.3411006927","-71.5830993652"
"\N","","Capitán FAP Leonardo Alvariño Herr Airport","San Ramon","-11.128600120544434","-75.35050201416016"
"TRU","SPRU","Capitan FAP Carlos Martinez De Pinillos International Airport","Trujillo","-8.08141040802002","-79.10880279541016"
"PIO","SPSO","Capitán FAP Renán Elías Olivera International Airport","Pisco","-13.74489974975586","-76.22029876708984"
"TPP","SPST","Cadete FAP Guillermo Del Castillo Paredes Airport","Tarapoto","-6.508739948272705","-76.37319946289062"
"TCQ","SPTN","Coronel FAP Carlos Ciriani Santa Rosa International Airport","Tacna","-18.053300857500002","-70.2758026123"
"PEM","SPTU","Padre Aldamiz International Airport","Puerto Maldonado","-12.6135997772","-69.2285995483"
"PIU","SPUR","Capitán FAP Guillermo Concha Iberico International Airport","Piura","-5.20574998856","-80.61640167239999"
"TYL","SPYL","Capitan Montes Airport","Talara","-4.5766401290894","-81.254096984863"
"CUZ","SPZO","Alejandro Velasco Astete International Airport","Cuzco","-13.535699844400002","-71.9387969971"
"\N","","Angel S Adami Airport","Montevideo","-34.7892","-56.264702"
"DZO","SUDU","Santa Bernardina International Airport","Durazno","-33.3588981628418","-56.49919891357422"
"MVD","SUMU","Carrasco International /General C L Berisso Airport","Montevideo","-34.838402","-56.0308"
"STY","SUSO","Nueva Hesperides International Airport","Salto","-31.438499450683594","-57.98529815673828"
"AGV","SVAC","Oswaldo Guevara Mujica Airport","Acarigua","9.553375244140625","-69.23786926269531"
"AAO","SVAN","Anaco Airport","Anaco","9.430225372314453","-64.4707260131836"
"\N","","San Fernando de Atabapo Airport","San Fernando Deatabapo","4.05104017258","-67.6996994019"
"BLA","SVBC","General José Antonio Anzoategui International Airport","Barcelona","10.111111","-64.692222"
"BNS","SVBI","Barinas Airport","Barinas","8.615","-70.21416667"
"\N","","El Libertador Airbase","Maracaibo","10.183375358600001","-67.55731964110001"
"BRM","SVBM","Barquisimeto International Airport","Barquisimeto","10.042746543884277","-69.3586196899414"
"CBL","SVCB","Aeropuerto ""General Tomas de Heres"". Ciudad Bolivar","Ciudad Bolivar","8.12216091156","-63.5369567871"
"CXA","SVCD","Caicara del Orinoco Airport","Caicara De Orinoco","7.625510215759277","-66.16280364990234"
"\N","","San Carlos Airport","San Carlos","9.647720336914062","-68.57469940185547"
"CLZ","SVCL","Calabozo Airport","Calabozo","8.92465591430664","-67.4170913696289"
"CAJ","SVCN","Canaima Airport","Canaima","6.231988906860352","-62.85443115234375"
"VCR","","Carora Airport","Carora","10.175602912902832","-70.06521606445312"
"CUP","SVCP","General Francisco Bermúdez Airport","Carupano","10.660014152526855","-63.261680603027344"
"CZE","SVCR","José Leonardo Chirinos Airport","Coro","11.41494369506836","-69.68090057373047"
"\N","","Oscar Machado Zuluaga Airport","Caracas","10.286110877990723","-66.81610870361328"
"CUM","SVCU","Cumaná (Antonio José de Sucre) Airport","Cumana","10.450332641601562","-64.1304702758789"
"\N","","Capitán Manuel Ríos Airbase","Carrizal","9.372650146484375","-66.92279815673828"
"EOR","SVED","El Dorado Airport","El Dorado","6.733333110809326","-61.58333206176758"
"EOZ","SVEZ","Elorza Airport","Elorza","7.0833330154418945","-69.53333282470703"
"GDO","SVGD","Guasdalito Airport","Guasdualito","7.233333110809326","-70.80000305175781"
"GUI","SVGI","Guiria Airport","Guiria","10.574077606200001","-62.3126678467"
"GUQ","SVGU","Guanare Airport","Guanare","9.026944160461426","-69.7551498413086"
"HGE","SVHG","Higuerote Airport","Higuerote","10.462474","-66.092779"
"ICC","SVIE","Andrés Miguel Salazar Marcano Airport","Isla De Coche","10.794432","-63.98159"
"LSP","SVJC","Josefa Camejo International Airport","Paraguana","11.78077507019043","-70.15149688720703"
"\N","","San Juan de Los Morros Airport","San Juan De Los Morros","9.906952857971191","-67.379638671875"
"LFR","SVLF","La Fria Airport","La Fria","8.239167213439941","-72.27102661132812"
"\N","","La Orchila Airport","La Orchila","11.80720043182373","-66.17960357666016"
"MAR","SVMC","La Chinita International Airport","Maracaibo","10.5582084656","-71.7278594971"
"MRD","SVMD","Alberto Carnevalli Airport","Merida","8.582078","-71.161041"
"PMV","SVMG","Del Caribe Santiago Mariño International Airport","Porlamar","10.912603378295898","-63.96659851074219"
"CCS","SVMI","Simón Bolívar International Airport","Caracas","10.601194","-66.991222"
"MUN","SVMT","Maturín Airport","Maturin","9.75452995300293","-63.14739990234375"
"PYH","SVPA","Cacique Aramare Airport","Puerto Ayacucho","5.6199898719788","-67.606101989746"
"PBL","SVPC","General Bartolome Salom International Airport","Puerto Cabello","10.480500221252441","-68.072998046875"
"SCI","SVPM","Paramillo Airport","San Cristobal","7.8013200759887695","-72.2029037475586"
"PZO","SVPR","General Manuel Carlos Piar International Airport","Guayana","8.288530349731445","-62.760398864746094"
"PTM","SVPT","Palmarito Airport","Palmarito","7.566669940948486","-70.18329620361328"
"SVZ","SVSA","San Antonio Del Tachira Airport","San Antonio","7.840829849243164","-72.439697265625"
"SBB","SVSB","Santa Bárbara de Barinas Airport","Santa Barbara","7.803514003753662","-71.16571807861328"
"SNV","SVSE","Santa Elena de Uairen Airport","Santa Ana De Uairen","4.554999828338623","-61.150001525878906"
"STD","SVSO","Mayor Buenaventura Vivas International Airport","Santo Domingo","7.56538","-72.035103"
"SNF","SVSP","Sub Teniente Nestor Arias Airport","San Felipe","10.2787","-68.755203"
"SFD","SVSR","San Fernando De Apure Airport","San Fernando De Apure","7.883319854736328","-67.44400024414062"
"SOM","SVST","San Tomé Airport","San Tome","8.9451465606689","-64.151084899902"
"STB","SVSZ","Santa Bárbara del Zulia Airport","Santa Barbara","8.974550247192383","-71.94325256347656"
"TUV","SVTC","Tucupita Airport","Tucupita","9.088994026184082","-62.094173431396484"
"TMO","SVTM","Tumeremo Airport","Tumeremo","7.24938","-61.52893"
"VLN","SVVA","Arturo Michelena International Airport","Valencia","10.14973258972168","-67.92839813232422"
"VLV","SVVL","Dr. Antonio Nicolás Briceño Airport","Valera","9.34047794342041","-70.58406066894531"
"VDP","SVVP","Valle de La Pascua Airport","Valle De La Pascua","9.22202777863","-65.9935836792"
"\N","","Linden Airport","Linden","5.96592","-58.270302"
"LTM","SYLT","Lethem Airport","Lethem","3.37276","-59.789398"
"ANU","TAPA","V.C. Bird International Airport","Antigua","17.1367","-61.792702"
"BGI","TBPB","Sir Grantley Adams International Airport","Bridgetown","13.0746002197","-59.4925003052"
"DCF","TDCF","Canefield Airport","Canefield","15.336700439453125","-61.3922004699707"
"DOM","TDPD","Douglas-Charles Airport","Dominica","15.547","-61.299999"
"FDF","TFFF","Martinique Aimé Césaire International Airport","Fort-de-france","14.590999603271484","-61.00320053100586"
"SFG","TFFG","L'Espérance Airport","St. Martin","18.099899291992","-63.047199249268"
"PTP","TFFR","Pointe-à-Pitre Le Raizet","Pointe-a-pitre","16.265301","-61.531799"
"GND","TGPY","Point Salines International Airport","Point Salines","12.004199981689453","-61.78620147705078"
"STT","TIST","Cyril E. King Airport","St. Thomas","18.337299346923828","-64.97339630126953"
"STX","TISX","Henry E Rohlsen Airport","St. Croix Island","17.701900482177734","-64.79859924316406"
"BQN","TJBQ","Rafael Hernandez Airport","Aguadilla","18.49489974975586","-67.12940216064453"
"FAJ","","Diego Jimenez Torres Airport","Fajardo","18.308900833129883","-65.66190338134766"
"SIG","TJIG","Fernando Luis Ribas Dominicci Airport","San Juan","18.45680046081543","-66.09809875488281"
"MAZ","TJMZ","Eugenio Maria De Hostos Airport","Mayaguez","18.255699157714844","-67.14849853515625"
"PSE","TJPS","Mercedita Airport","Ponce","18.00830078125","-66.56300354003906"
"SJU","TJSJ","Luis Munoz Marin International Airport","San Juan","18.4393997192","-66.0018005371"
"SKB","TKPK","Robert L. Bradshaw International Airport","Basse Terre","17.311199188232422","-62.71870040893555"
"SLU","TLPC","George F. L. Charles Airport","Castries","14.0202","-60.992901"
"UVF","TLPL","Hewanorra International Airport","Hewandorra","13.7332","-60.952599"
"AUA","TNCA","Queen Beatrix International Airport","Oranjestad","12.5014","-70.015198"
"BON","TNCB","Flamingo International Airport","Kralendijk","12.130999565124512","-68.26850128173828"
"CUR","TNCC","Hato International Airport","Willemstad","12.1889","-68.959801"
"EUX","TNCE","F. D. Roosevelt Airport","Oranjestad","17.49650001525879","-62.979400634765625"
"SXM","TNCM","Princess Juliana International Airport","Philipsburg","18.041000366200002","-63.1088981628"
"AXA","TQPF","Clayton J Lloyd International Airport","The Valley","18.2048","-63.055099"
"TAB","TTCP","Tobago-Crown Point Airport","Scarborough","11.149700164794922","-60.83219909667969"
"POS","TTPP","Piarco International Airport","Port-of-spain","10.595399856567383","-61.33720016479492"
"EIS","TUPJ","Terrance B. Lettsome International Airport","Tortola","18.444799423217773","-64.54299926757812"
"CIW","TVSC","Canouan Airport","Canouan Island","12.699","-61.3424"
"MQS","TVSM","Mustique Airport","Mustique","12.887900352478027","-61.180198669433594"
"SVD","TVSA","Argyle International Airport","Kingstown","13.156695","-61.149945"
"ALA","UAAA","Almaty Airport","Alma-ata","43.35210037231445","77.04049682617188"
"BXH","UAAH","Balkhash Airport","Balkhash","46.8932991027832","75.00499725341797"
"TSE","","Astana International Airport","Tselinograd","51.02220153808594","71.46690368652344"
"DMB","UADD","Taraz Airport","Dzhambul","42.853599548339844","71.30359649658203"
"FRU","","Manas International Airport","Bishkek","43.0612983704","74.4776000977"
"OSS","UCFO","Osh Airport","Osh","40.6090011597","72.793296814"
"CIT","UAII","Shymkent Airport","Chimkent","42.364200592041016","69.47889709472656"
"URA","UARR","Uralsk Airport","Uralsk","51.15079879760742","51.54309844970703"
"PWQ","UASP","Pavlodar Airport","Pavlodar","52.19499969482422","77.07389831542969"
"PLX","UASS","Semipalatinsk Airport","Semiplatinsk","50.351295","80.234398"
"AKX","UATT","Aktobe Airport","Aktyubinsk","50.2458","57.206699"
"GYD","UBBB","Heydar Aliyev International Airport","Baku","40.467498779296875","50.04669952392578"
"YKS","UEEE","Yakutsk Airport","Yakutsk","62.093299865722656","129.77099609375"
"MJZ","UERR","Mirny Airport","Mirnyj","62.534698486328125","114.03900146484375"
"BQS","UHBB","Ignatyevo Airport","Blagoveschensk","50.42539978027344","127.41200256347656"
"KHV","UHHH","Khabarovsk-Novy Airport","Khabarovsk","48.52799987793","135.18800354004"
"PVS","UHMD","Provideniya Bay Airport","Provideniya Bay","64.37809753417969","-173.2429962158203"
"GDX","UHMM","Sokol Airport","Magadan","59.9109992980957","150.72000122070312"
"PWE","UHMP","Pevek Airport","Pevek","69.783302307129","170.59700012207"
"PKC","UHPP","Yelizovo Airport","Petropavlovsk","53.16790008544922","158.45399475097656"
"UUS","UHSS","Yuzhno-Sakhalinsk Airport","Yuzhno-sakhalinsk","46.88869857788086","142.71800231933594"
"VVO","UHWW","Vladivostok International Airport","Vladivostok","43.39899826049805","132.1479949951172"
"HTA","UIAA","Chita-Kadala Airport","Chita","52.026299","113.306"
"BTK","UIBB","Bratsk Airport","Bratsk","56.370601654052734","101.697998046875"
"IKT","UIII","Irkutsk Airport","Irkutsk","52.268001556396","104.38899993896"
"UUD","UIUU","Ulan-Ude Airport (Mukhino)","Ulan-ude","51.80780029296875","107.43800354003906"
"KBP","UKBB","Boryspil International Airport","Kiev","50.345001220703125","30.894699096679688"
"DOK","","Donetsk International Airport","Donetsk","48.07360076904297","37.73970031738281"
"DNK","UKDD","Dnipropetrovsk International Airport","Dnepropetrovsk","48.357200622558594","35.10060119628906"
"SIP","UKFF","Simferopol International Airport","Simferopol","45.05220031738281","33.975101470947266"
"IEV","UKKK","Kiev Zhuliany International Airport","Kiev","50.40194","30.45194"
"LWO","UKLL","Lviv International Airport","Lvov","49.8125","23.956100463867188"
"ODS","UKOO","Odessa International Airport","Odessa","46.42679977416992","30.67650032043457"
"LED","ULLI","Pulkovo Airport","St. Petersburg","59.80030059814453","30.262500762939453"
"MMK","ULMM","Murmansk Airport","Murmansk","68.78170013427734","32.75080108642578"
"GME","UMGG","Gomel Airport","Gomel","52.527000427246094","31.016700744628906"
"VTB","UMII","Vitebsk Vostochny Airport","Vitebsk","55.126499176025","30.349599838257"
"KGD","UMKK","Khrabrovo Airport","Kaliningrad","54.88999938964844","20.592599868774414"
"MHP","","Minsk 1 Airport","Minsk","53.864498138427734","27.53969955444336"
"MSQ","UMMS","Minsk National Airport","Minsk 2","53.882499694824","28.030700683594"
"ABA","UNAA","Abakan Airport","Abakan","53.7400016784668","91.38500213623047"
"BAX","UNBB","Barnaul Airport","Barnaul","53.363800048828125","83.53849792480469"
"KEJ","UNEE","Kemerovo Airport","Kemorovo","55.27009963989258","86.1072006225586"
"OMS","UNOO","Omsk Central Airport","Omsk","54.96699905395508","73.31050109863281"
"KRR","URKK","Krasnodar Pashkovsky International Airport","Krasnodar","45.034698486328","39.170501708984"
"MCX","URML","Uytash Airport","Makhachkala","42.81679916381836","47.65230178833008"
"MRV","URMM","Mineralnyye Vody Airport","Mineralnye Vody","44.225101470947266","43.08190155029297"
"STW","URMT","Stavropol Shpakovskoye Airport","Stavropol","45.10919952392578","42.11280059814453"
"ROV","URRP","Platov International Airport","Rostov","47.493888","39.924722"
"AER","URSS","Sochi International Airport","Sochi","43.449902","39.9566"
"ASF","URWA","Astrakhan Airport","Astrakhan","46.2832984924","48.0063018799"
"VOG","URWW","Volgograd International Airport","Volgograd","48.782501220703125","44.34550094604492"
"CEK","USCC","Chelyabinsk Balandino Airport","Chelyabinsk","55.305801","61.5033"
"MQF","USCM","Magnitogorsk International Airport","Magnetiogorsk","53.39310073852539","58.755699157714844"
"NJC","USNN","Nizhnevartovsk Airport","Nizhnevartovsk","60.94929885864258","76.48359680175781"
"PEE","USPP","Bolshoye Savino Airport","Perm","57.914501190186","56.021198272705"
"SGC","USRR","Surgut Airport","Surgut","61.34370040893555","73.40180206298828"
"SVX","USSS","Koltsovo Airport","Yekaterinburg","56.743099212646","60.802700042725"
"ASB","UTAA","Ashgabat International Airport","Ashkhabad","37.986801","58.361"
"KRW","UTAK","Turkmenbashi Airport","Krasnovodsk","40.063301","53.007198"
"CRZ","UTAV","Turkmenabat Airport","Chardzhou","39.08330154418945","63.61330032348633"
"DYU","UTDD","Dushanbe Airport","Dushanbe","38.543300628699996","68.8249969482"
"BHK","UZSB","Bukhara Airport","Bukhara","39.775001525878906","64.4832992553711"
"SKD","UZSS","Samarkand Airport","Samarkand","39.70050048828125","66.98380279541016"
"TAS","UZTT","Tashkent International Airport","Tashkent","41.257900238","69.2811965942"
"BZK","UUBP","Bryansk Airport","Bryansk","53.214199","34.176399"
"SVO","UUEE","Sheremetyevo International Airport","Moscow","55.972599","37.4146"
"KLD","UUEM","Migalovo Air Base","Tver","56.82469940185547","35.7577018737793"
"VOZ","UUOO","Voronezh International Airport","Voronezh","51.81420135498047","39.22959899902344"
"VKO","UUWW","Vnukovo International Airport","Moscow","55.5914993286","37.2615013123"
"SCW","UUYY","Syktyvkar Airport","Syktyvkar","61.64699935913086","50.84510040283203"
"KZN","UWKD","Kazan International Airport","Kazan","55.606201171875","49.278701782227"
"REN","UWOO","Orenburg Central Airport","Orenburg","51.795799255371094","55.45669937133789"
"UFA","UWUU","Ufa International Airport","Ufa","54.557498931885","55.874401092529"
"KUF","UWWW","Kurumoch International Airport","Samara","53.504901885986","50.16429901123"
"AMD","VAAH","Sardar Vallabhbhai Patel International Airport","Ahmedabad","23.0771999359","72.63469696039999"
"AKD","VAAK","Akola Airport","Akola","20.698999","77.058601"
"IXU","VAAU","Aurangabad Airport","Aurangabad","19.862699508666992","75.39810180664062"
"BOM","VABB","Chhatrapati Shivaji International Airport","Mumbai","19.0886993408","72.8678970337"
"PAB","VEBU","Bilaspur Airport","Bilaspur","21.9884","82.111"
"BHJ","VABJ","Bhuj Airport","Bhuj","23.2877998352","69.6701965332"
"IXG","VOBM","Belgaum Airport","Belgaum","15.859299659700001","74.6183013916"
"BDQ","VABO","Vadodara Airport","Baroda","22.336201","73.226303"
"BHO","VABP","Raja Bhoj International Airport","Bhopal","23.2875003815","77.3374023438"
"BHU","VABV","Bhavnagar Airport","Bhaunagar","21.752199173","72.1852035522"
"NMB","VADN","Daman Airport","Daman","20.43440055847168","72.84320068359375"
"\N","","Deesa Airport","Deesa","24.267900466918945","72.20439910888672"
"GUX","VAGN","Guna Airport","Guna","24.654699","77.347298"
"GOI","VOGO","Dabolim Airport","Goa","15.3808002472","73.8313980103"
"IDR","VAID","Devi Ahilyabai Holkar Airport","Indore","22.7217998505","75.8011016846"
"JLR","VAJB","Jabalpur Airport","Jabalpur","23.177799224853516","80.052001953125"
"JGA","VAJM","Jamnagar Airport","Jamnagar","22.465499877929688","70.01260375976562"
"IXY","VAKE","Kandla Airport","Kandla","23.1127","70.100304"
"HJR","","Khajuraho Airport","Khajuraho","24.817199707","79.91860198970001"
"KLH","VAKP","Kolhapur Airport","Kolhapur","16.6646995544","74.2893981934"
"IXK","VAKS","Keshod Airport","Keshod","21.317100524902344","70.27040100097656"
"NAG","VANP","Dr. Babasaheb Ambedkar International Airport","Nagpur","21.092199325561523","79.04720306396484"
"ISK","VAOZ","Nashik Airport","Nasik Road","20.119101","73.912903"
"PNQ","VAPO","Pune Airport","Pune","18.58209991455078","73.9197006225586"
"PBD","VAPR","Porbandar Airport","Porbandar","21.6487007141","69.65720367429999"
"RAJ","VARK","Rajkot Airport","Rajkot","22.3092002869","70.77950286869999"
"RPR","","Raipur Airport","Raipur","21.180401","81.7388"
"SSE","VASL","Solapur Airport","Sholapur","17.6280002594","75.93479919430001"
"STV","VASU","Surat Airport","Surat","21.1140995026","72.7417984009"
"UDR","VAUD","Maharana Pratap Airport","Udaipur","24.617700576799997","73.89610290530001"
"CMB","VCBI","Bandaranaike International Colombo Airport","Colombo","7.180759906768799","79.88410186767578"
"ACJ","VCCA","Anuradhapura Air Force Base","Anuradhapura","8.30148983002","80.42790222170001"
"BTC","VCCB","Batticaloa Airport","Batticaloa","7.70576","81.678802"
"RML","VCCC","Colombo Ratmalana Airport","Colombo","6.821990013122559","79.88619995117188"
"ADP","VCCG","Ampara Airport","Galoya","7.33776","81.62594"
"JAF","VCCJ","Kankesanturai Airport","Jaffna","9.792329788208008","80.07009887695312"
"TRR","VCCT","China Bay Airport","Trinciomalee","8.5385103225708","81.18190002441406"
"KZC","","Kampong Chhnang Airport","Kompong Chnang","12.255200386","104.564002991"
"PNH","VDPP","Phnom Penh International Airport","Phnom-penh","11.546600341796875","104.84400177001953"
"REP","","Siem Reap International Airport","Siem-reap","13.410699844400002","103.81300354"
"TNX","","Stung Treng Airport","Stung Treng","13.531900405883789","106.01499938964844"
"IXV","VEAN","Along Airport","Along","28.17530059814453","94.802001953125"
"IXA","VEAT","Agartala Airport","Agartala","23.8869991302","91.24040222170001"
"AJL","VELP","Lengpui Airport","Aizwal","23.840599060099997","92.6196975708"
"IXB","VEBD","Bagdogra Airport","Baghdogra","26.68120002746582","88.32859802246094"
"\N","","Bokaro Airport","Bokaro","23.64349937438965","86.1489028930664"
"BBI","VEBS","Biju Patnaik Airport","Bhubaneswar","20.244400024399997","85.8178024292"
"CCU","VECC","Netaji Subhash Chandra Bose International Airport","Kolkata","22.654699325561523","88.44670104980469"
"COH","VECO","Cooch Behar Airport","Cooch-behar","26.330499649","89.4672012329"
"DBD","VEDB","Dhanbad Airport","Dhanbad","23.833999633789062","86.42530059814453"
"GAY","VEGY","Gaya Airport","Gaya","24.744300842285156","84.95120239257812"
"\N","","Hirakud Airport","Hirakud","21.5802001953125","84.00569915771484"
"IMF","VEIM","Imphal Airport","Imphal","24.7600002289","93.896697998"
"\N","","Jharsuguda Airport","Jharsuguda","21.91349983215332","84.05039978027344"
"IXW","VEJS","Sonari Airport","Jamshedpur","22.8132","86.1688"
"JRH","VEJT","Jorhat Airport","Jorhat","26.7315006256","94.1754989624"
"IXH","VEKR","Kailashahar Airport","Kailashahar","24.30820083618164","92.0072021484375"
"IXS","VEKU","Silchar Airport","Silchar","24.9129009247","92.97869873050001"
"IXI","VELR","North Lakhimpur Airport","Lilabari","27.295499801635742","94.09760284423828"
"DIB","VEMN","Dibrugarh Airport","Mohanbari","27.4839000702","95.0168991089"
"MZU","VEMZ","Muzaffarpur Airport","Mazuffarpur","26.11910057067871","85.3136978149414"
"\N","","Nawapara Airport","Nawapara","20.8700008392334","82.51959991455078"
"\N","","Panagarh Air Force Station","Panagarh","23.474300384499998","87.4274978638"
"PAT","VEPT","Lok Nayak Jayaprakash Airport","Patina","25.591299057","85.0879974365"
"\N","","Purnea Airport","Purnea","25.759599685668945","87.41000366210938"
"IXR","VERC","Birsa Munda Airport","Ranchi","23.314300537100003","85.3217010498"
"RRK","VERK","Rourkela Airport","Rourkela","22.256701","84.814598"
"\N","","Utkela Airport","Utkela","20.097400665283203","83.18379974365234"
"VTZ","VOVZ","Vishakhapatnam Airport","Vishakhapatnam","17.721200943","83.2245025635"
"ZER","VEZO","Ziro Airport","Zero","27.588301","93.828102"
"CXB","VGCB","Cox's Bazar Airport","Cox's Bazar","21.452199935913086","91.96389770507812"
"CGP","VGEG","Shah Amanat International Airport","Chittagong","22.24959945678711","91.81330108642578"
"IRD","VGIS","Ishurdi Airport","Ishurdi","24.15250015258789","89.04940032958984"
"JSR","VGJR","Jessore Airport","Jessore","23.183799743652344","89.16079711914062"
"RJH","VGRJ","Shah Mokhdum Airport","Rajshahi","24.43720054626465","88.61650085449219"
"SPD","VGSD","Saidpur Airport","Saidpur","25.759199142456055","88.90889739990234"
"ZYL","VGSY","Osmany International Airport","Sylhet Osmani","24.963199615478516","91.8667984008789"
"\N","","Tejgaon Airport","Dhaka","23.778799057006836","90.38269805908203"
"DAC","VGHS","Hazrat Shahjalal International Airport","Dhaka","23.843347","90.397783"
"HKG","VHHH","Hong Kong International Airport","Hong Kong","22.308901","113.915001"
"\N","","Shek Kong Air Base","Sek Kong","22.436599731445312","114.08000183105469"
"AGR","VIAG","Agra Airport","Agra","27.155799865722656","77.96089935302734"
"IXD","VEAB","Allahabad Airport","Allahabad","25.440099716186523","81.73390197753906"
"ATQ","VIAR","Sri Guru Ram Dass Jee International Airport","Amritsar","31.7096004486","74.7973022461"
"BKB","VIBK","Nal Airport","Bikaner","28.070600509643555","73.20719909667969"
"\N","","Bakshi Ka Talab Air Force Station","Bakshi Ka Talab","26.988300323486328","80.89309692382812"
"VNS","VEBN","Lal Bahadur Shastri Airport","Varanasi","25.4524002075","82.8592987061"
"KUU","VIBR","Kullu Manali Airport","Kulu","31.876699447631836","77.15440368652344"
"BUP","VIBT","Bhatinda Air Force Station","Bhatinda","30.270099639892578","74.75579833984375"
"\N","","Bhiwani Airport","Bhiwani","28.836999893188477","76.1791000366211"
"BEK","VIBY","Bareilly Air Force Station","Bareilly","28.4221000671","79.45079803470001"
"IXC","VICG","Chandigarh Airport","Chandigarh","30.673500061035156","76.78849792480469"
"KNU","","Kanpur Airport","Kanpur","26.404301","80.410103"
"\N","","Safdarjung Airport","Delhi","28.58449935913086","77.20580291748047"
"DED","VIDN","Dehradun Airport","Dehra Dun","30.189699","78.180298"
"DEL","VIDP","Indira Gandhi International Airport","Delhi","28.5665","77.103104"
"GWL","VIGR","Gwalior Airport","Gwalior","26.29330062866211","78.22779846191406"
"HSS","VIHR","Hissar Airport","Hissar","29.179399490356445","75.75530242919922"
"\N","","Jhansi Airport","Jhansi","25.491199493408203","78.55840301513672"
"JDH","VIJO","Jodhpur Airport","Jodhpur","26.251100540161133","73.04889678955078"
"JAI","VIJP","Jaipur International Airport","Jaipur","26.8242","75.812202"
"JSA","VIJR","Jaisalmer Airport","Jaisalmer","26.888700485229492","70.86499786376953"
"IXJ","VIJU","Jammu Airport","Jammu","32.6890983582","74.8374023438"
"\N","","Kanpur Civil Airport","Kanpur","26.441401","80.364899"
"KTU","VIKO","Kota Airport","Kota","25.160200119","75.84559631350001"
"LUH","VILD","Ludhiana Airport","Ludhiaha","30.854700088500977","75.95259857177734"
"IXL","VILH","Leh Kushok Bakula Rimpochee Airport","Leh","34.1358985901","77.5465011597"
"LKO","VILK","Chaudhary Charan Singh International Airport","Lucknow","26.7605991364","80.8892974854"
"IXP","VIPK","Pathankot Airport","Pathankot","32.233611","75.634444"
"\N","","Patiala Airport","Patiala","30.314800262451172","76.364501953125"
"PGH","VIPT","Pantnagar Airport","Nainital","29.03339958190918","79.47370147705078"
"\N","","Fursatganj Airport","Raibarelli","26.24850082397461","81.38050079345703"
"\N","","Sarsawa Air Force Station","Saharanpur","29.993900299072266","77.42530059814453"
"SXR","VISR","Sheikh ul Alam Airport","Srinagar","33.987098693847656","74.77420043945312"
"TNI","","Satna Airport","Satna","24.5623","80.854897"
"LPQ","VLLB","Luang Phabang International Airport","Luang Prabang","19.897300720214844","102.16100311279297"
"PKZ","VLPS","Pakse International Airport","Pakse","15.132100105285645","105.78099822998047"
"\N","","Phonesavanh Airport","Phong Savanh","19.45490074157715","103.21800231933594"
"ZVK","VLSK","Savannakhet Airport","Savannakhet","16.55660057067871","104.76000213623047"
"NEU","VLSN","Sam Neua Airport","Sam Neua","20.418399810791016","104.06700134277344"
"VTE","VLVT","Wattay International Airport","Vientiane","17.988300323500003","102.56300354"
"MFM","VMMC","Macau International Airport","Macau","22.149599","113.592003"
"BWA","VNBW","Gautam Buddha Airport","Bhairawa","27.505685","83.416293"
"JKR","VNJP","Janakpur Airport","Janakpur","26.708799362199997","85.9224014282"
"KTM","VNKT","Tribhuvan International Airport","Kathmandu","27.6966","85.3591"
"PKR","VNPK","Pokhara Airport","Pokhara","28.200899124145508","83.98210144042969"
"SIF","VNSI","Simara Airport","Simara","27.159500122070312","84.9801025390625"
"BIR","VNVT","Biratnagar Airport","Biratnagar","26.48150062561035","87.26399993896484"
"AGX","VOAT","Agatti Airport","Agatti Island","10.823699951171875","72.1760025024414"
"BLR","VOBL","Kempegowda International Airport","Bangalore","13.1979","77.706299"
"BEP","VOBI","Bellary Airport","Bellary","15.162799835205078","76.88279724121094"
"\N","","Bidar Air Force Station","Bidar","17.908100128173828","77.48709869384766"
"VGA","VOBZ","Vijayawada Airport","Vijayawada","16.530399322509766","80.79679870605469"
"CJB","VOCB","Coimbatore International Airport","Coimbatore","11.029999733","77.0434036255"
"COK","VOCI","Cochin International Airport","Kochi","10.152","76.401901"
"CCJ","VOCL","Calicut International Airport","Calicut","11.1367998123","75.95529937740001"
"CDP","VOCP","Kadapa Airport","Cuddapah","14.51","78.772778"
"CBD","VOCX","Car Nicobar Air Force Station","Carnicobar","9.152509689331055","92.8196029663086"
"\N","","Dundigul Air Force Academy","Dundigul","17.627199173","78.4033966064"
"BPM","VOHY","Begumpet Airport","Hyderabad","17.4531002045","78.4675979614"
"IXM","VOMD","Madurai Airport","Madurai","9.83450984955","78.09339904790001"
"IXE","VOML","Mangalore International Airport","Mangalore","12.9612998962","74.8900985718"
"MAA","VOMM","Chennai International Airport","Madras","12.990005493164062","80.16929626464844"
"\N","","Nagarjuna Sagar Airport","Nagarjunsagar","16.542699813842773","79.3187026977539"
"IXZ","VOPB","Vir Savarkar International Airport","Port Blair","11.641200065612793","92.72969818115234"
"PNY","VOPC","Pondicherry Airport","Pendicherry","11.968","79.812"
"RJA","VORY","Rajahmundry Airport","Rajahmundry","17.1103992462","81.81819915770001"
"SXV","VOSM","Salem Airport","Salem","11.78330039978","78.06559753418"
"TJV","VOTJ","Tanjore Air Force Base","Tanjore","10.722399711608887","79.10160064697266"
"TIR","VOTP","Tirupati Airport","Tirupeti","13.632499694800002","79.543296814"
"TRZ","VOTR","Tiruchirapally Civil Airport Airport","Tiruchirappalli","10.765399932861328","78.70970153808594"
"TRV","VOTV","Trivandrum International Airport","Trivandrum","8.48211956024","76.9200973511"
"\N","","Tambaram Air Force Station","Tambaram","12.90719985961914","80.12190246582031"
"PBH","VQPR","Paro Airport","Thimphu","27.403200149499998","89.42459869380001"
"MLE","VRMM","Malé International Airport","Male","4.191830158233643","73.52909851074219"
"DMK","VTBD","Don Mueang International Airport","Bangkok","13.9125995636","100.607002258"
"KDT","VTBK","Kamphaeng Saen Airport","Nakhon Pathom","14.1020002365","99.9171981812"
"\N","","Khok Kathiam Airport","Lop Buri","14.8746004105","100.663002014"
"UTP","VTBU","U-Tapao International Airport","Pattaya","12.679900169372559","101.00499725341797"
"\N","","Watthana Nakhon Airport","Prachin Buri","13.768799781799316","102.31500244140625"
"LPT","VTCL","Lampang Airport","Lampang","18.27090072631836","99.50420379638672"
"PRH","VTCP","Phrae Airport","Phrae","18.132200241088867","100.16500091552734"
"HHQ","VTPH","Hua Hin Airport","Prachuap Khiri Khan","12.6361999512","99.951499939"
"TKH","VTPI","Takhli Airport","Nakhon Sawan","15.277299881","100.29599762"
"\N","","Sak Long Airport","Phetchabun","16.82430076599121","101.2509994506836"
"\N","","Nakhon Sawan Airport","Nakhon Sawan","15.67300033569336","100.13700103759766"
"PHS","VTPP","Phitsanulok Airport","Phitsanulok","16.782899856567383","100.27899932861328"
"\N","","Khunan Phumipol Airport","Tak","17.23419952392578","99.05789947509766"
"\N","","Khoun Khan Airport","Satun","6.661399841308594","100.08000183105469"
"NAW","VTSC","Narathiwat Airport","Narathiwat","6.5199198722839355","101.74299621582031"
"KBV","VTSG","Krabi Airport","Krabi","8.09912014008","98.9861984253"
"SGZ","VTSH","Songkhla Airport","Songkhla","7.186560153961182","100.60800170898438"
"PAN","VTSK","Pattani Airport","Pattani","6.785459995269775","101.15399932861328"
"USM","VTSM","Samui Airport","Ko Samui","9.547789573669998","100.06199646"
"\N","","Cha Eian Airport","Nakhon Si Thammarat","8.47115039825","99.9555969238"
"HKT","VTSP","Phuket International Airport","Phuket","8.1132","98.316902"
"UNN","VTSR","Ranong Airport","Ranong","9.777620315551758","98.58550262451172"
"HDY","VTSS","Hat Yai International Airport","Hat Yai","6.93320989609","100.392997742"
"TST","VTST","Trang Airport","Trang","7.508739948272705","99.6166000366211"
"UTH","VTUD","Udon Thani Airport","Udon Thani","17.386400222800003","102.788002014"
"SNO","VTUI","Sakon Nakhon Airport","Sakon Nakhon","17.195100784301758","104.11900329589844"
"PXR","VTUJ","Surin Airport","Surin","14.868300437927","103.49800109863"
"LOE","VTUL","Loei Airport","Loei","17.43910026550293","101.72200012207031"
"\N","","Khorat Airport","Nakhon Ratchasima","14.9344997406","102.07900238"
"\N","","Rob Muang Airport","Roi Et","16.07040023803711","103.64600372314453"
"DAD","VVDN","Da Nang International Airport","Danang","16.043899536132812","108.1989974975586"
"\N","","Gia Lam Air Base","Hanoi","21.04050064086914","105.88600158691406"
"\N","","Kep Air Base","Kep","21.394599914599997","106.261001587"
"HAN","VVNB","Noi Bai International Airport","Hanoi","21.221200942993164","105.80699920654297"
"NHA","","Nha Trang Air Base","Nhatrang","12.2275","109.192001"
"HUI","VVPB","Phu Bai Airport","Hue","16.401500701899998","107.70300293"
"PQC","VVPQ","Phu Quoc International Airport","Phuquoc","10.1698","103.9931"
"SGN","VVTS","Tan Son Nhat International Airport","Ho Chi Minh City","10.8187999725","106.652000427"
"VBA","VYAN","Ann Airport","Ann","19.769199","94.0261"
"\N","","Anisakan Airport","Anisakan","21.955400466918945","96.40609741210938"
"NYU","VYBG","Bagan Airport","Bagan","21.178800582885742","94.9301986694336"
"\N","","Coco Island Airport","Coco Island","14.141500473022461","93.36849975585938"
"HEH","VYHH","Heho Airport","Heho","20.746999740600586","96.79199981689453"
"HOX","VYHL","Hommalinn Airport","Hommalin","24.899599075317383","94.91400146484375"
"KET","VYKG","Kengtung Airport","Kengtung","21.301599502563477","99.63600158691406"
"KYP","VYKP","Kyaukpyu Airport","Kyaukpyu","19.42639923095703","93.53479766845703"
"LSH","VYLS","Lashio Airport","Lashio","22.9778995513916","97.752197265625"
"\N","","Lanywa Airport","Lanywa","20.940399169921875","94.82260131835938"
"MDL","VYMD","Mandalay International Airport","Mandalay","21.702199935913086","95.97789764404297"
"MGZ","VYME","Myeik Airport","Myeik","12.439800262451172","98.62149810791016"
"MYT","VYMK","Myitkyina Airport","Myitkyina","25.38360023498535","97.35189819335938"
"MOE","VYMO","Momeik Airport","Momeik","23.092500686645508","96.64530181884766"
"MOG","VYMS","Mong Hsat Airport","Mong Hsat","20.516799926757812","99.25679779052734"
"\N","","Nampong Air Base","Nampong","25.354400634799998","97.2951965332"
"NMS","VYNS","Namsang Airport","Namsang","20.890499114990234","97.73590087890625"
"PAA","VYPA","Hpa-N Airport","Hpa-an","16.893699645996094","97.67459869384766"
"PBU","VYPT","Putao Airport","Putao","27.32990074157715","97.42630004882812"
"PRU","VYPY","Pyay Airport","Pyay","18.824499130249023","95.26599884033203"
"\N","","Shante Air Base","Shante","20.941699981689453","95.91449737548828"
"AKY","VYSW","Sittwe Airport","Sittwe","20.132699966430664","92.87259674072266"
"SNW","VYTD","Thandwe Airport","Thandwe","18.4606990814209","94.30010223388672"
"THL","VYTL","Tachileik Airport","Tachilek","20.483800888061523","99.9354019165039"
"\N","","Taungoo Airport","Taungoo","19.031299591064453","96.40119934082031"
"RGN","VYYY","Yangon International Airport","Yangon","16.907300949099998","96.1332015991"
"UPG","WAAA","Hasanuddin International Airport","Ujung Pandang","-5.061629772186279","119.55400085449219"
"BIK","WABB","Frans Kaisiepo Airport","Biak","-1.190019965171814","136.10800170898438"
"NBX","WABI","Nabire Airport","Nabire","-3.36818","135.496002"
"TIM","","Moses Kilangin Airport","Timika","-4.528279781341553","136.88699340820312"
"DJJ","WAJJ","Sentani International Airport","Jayapura","-2.5769500733","140.5160064698"
"WMX","WAVV","Wamena Airport","Wamena","-4.10251","138.957001"
"MKQ","WAKK","Mopah Airport","Merauke","-8.52029037475586","140.41799926757812"
"GTO","WAMG","Jalaluddin Airport","Gorontalo","0.63711899519","122.849998474"
"PLW","WAFF","Mutiara Airport","Palu","-0.9185420274734497","119.91000366210938"
"MDC","WAMM","Sam Ratulangi Airport","Manado","1.5492600202560425","124.9260025024414"
"PSJ","","Kasiguncu Airport","Poso","-1.41674995422","120.657997131"
"OTI","","Pitu Airport","Morotai Island","2.0459899902300003","128.324996948"
"TTE","WAEE","Sultan Khairun Babullah Airport","Ternate","0.831413984298706","127.38099670410156"
"LUW","WAFW","Syukuran Aminuddin Amir Airport","Luwuk","-1.03892","122.772003"
"AMQ","WAPP","Pattimura Airport, Ambon","Ambon","-3.7102599144","128.089004517"
"FKQ","WASF","Fakfak Airport","Fak Fak","-2.9201900959014893","132.26699829101562"
"KNG","WASK","Kaimana Airport","Kaimana","-3.6445200443267822","133.6959991455078"
"BXB","WASO","Babo Airport","Babo","-2.5322399139404297","133.43899536132812"
"MKW","WAUU","Rendani Airport","Manokwari","-0.8918330073356628","134.0489959716797"
"SOQ","WASS","Dominique Edward Osok Airport","Sorong","-0.894","131.287"
"BTU","WBGB","Bintulu Airport","Bintulu","3.12385010719","113.019996643"
"KCH","WBGG","Kuching International Airport","Kuching","1.4846999645233154","110.34700012207031"
"LMN","WBGJ","Limbang Airport","Limbang","4.808300018310547","115.01000213623047"
"MUR","WBGM","Marudi Airport","Marudi","4.178979873657227","114.3290023803711"
"MYY","WBGR","Miri Airport","Miri","4.322010040283203","113.98699951171875"
"SBW","WBGS","Sibu Airport","Sibu","2.2616000175476074","111.98500061035156"
"LDU","WBKD","Lahad Datu Airport","Lahad Datu","5.032249927520752","118.3239974975586"
"BKI","WBKK","Kota Kinabalu International Airport","Kota Kinabalu","5.9372100830078125","116.0510025024414"
"LBU","WBKL","Labuan Airport","Labuan","5.300680160522461","115.25"
"TWU","WBKW","Tawau Airport","Tawau","4.320159912109375","118.12799835205078"
"BWN","WBSB","Brunei International Airport","Bandar Seri Begawan","4.944200038909912","114.9280014038086"
"PKU","WIBB","Sultan Syarif Kasim Ii (Simpang Tiga) Airport","Pekanbaru","0.46078601479530334","101.44499969482422"
"DUM","WIBD","Pinang Kampai Airport","Dumai","1.60919","101.433998"
"CGK","WIII","Soekarno-Hatta International Airport","Jakarta","-6.1255698204","106.65599823"
"GNS","WIMB","Binaka Airport","Gunung Sitoli","1.16638","97.704697"
"AEG","WIME","Aek Godang Airport","Padang Sidempuan","1.4001","99.430496"
"PDG","WIEE","Minangkabau International Airport","Padang","-0.786917","100.280998"
"MES","WIMK","Soewondo Air Force Base","Medan","3.559167","98.671111"
"FLZ","WIMS","Dr Ferdinand Lumban Tobing Airport","Sibolga","1.55594","98.888901"
"NPO","WIOG","Nanga Pinoh Airport","Nangapinoh","-0.34886899590492","111.74800109863"
"KTG","WIOK","Ketapang(Rahadi Usman) Airport","Ketapang","-1.816640019416809","109.96299743652344"
"PNK","WIOO","Supadio Airport","Pontianak","-0.15071099996566772","109.40399932861328"
"DJB","WIJJ","Sultan Thaha Airport","Jambi","-1.6380200386047363","103.64399719238281"
"BKS","WIGG","Fatmawati Soekarno Airport","Bengkulu","-3.8637","102.338997"
"PLM","WIPP","Sultan Mahmud Badaruddin II Airport","Palembang","-2.8982501029968","104.69999694824"
"RGT","WIBJ","Japura Airport","Rengat","-0.35280799865722656","102.33499908447266"
"LSX","WITL","Lhok Sukon Airport","Lhok Sukon","5.069509983062744","97.25920104980469"
"BTJ","WITT","Sultan Iskandar Muda International Airport","Banda Aceh","5.522872024010001","95.42063713070002"
"\N","","Kluang Airport","Kluang","2.04138994217","103.306999207"
"AOR","WMKA","Sultan Abdul Halim Airport","Alor Setar","6.189670085906982","100.39800262451172"
"BWH","WMKB","Butterworth Airport","Butterworth","5.4659199714660645","100.39099884033203"
"KBR","WMKC","Sultan Ismail Petra Airport","Kota Bahru","6.1668500900268555","102.29299926757812"
"KUA","WMKD","Kuantan Airport","Kuantan","3.7753899097442627","103.20899963378906"
"KTE","WMKE","Kerteh Airport","Kerteh","4.537220001220703","103.427001953125"
"\N","","Simpang Airport","Simpang","3.1122500896453857","101.7030029296875"
"IPH","WMKI","Sultan Azlan Shah Airport","Ipoh","4.567969799041748","101.09200286865234"
"JHB","WMKJ","Senai International Airport","Johor Bahru","1.64131","103.669998"
"KUL","WMKK","Kuala Lumpur International Airport","Kuala Lumpur","2.745579957962","101.70999908447"
"LGK","WMKL","Langkawi International Airport","Langkawi","6.329730033874512","99.72869873046875"
"MKZ","WMKM","Malacca Airport","Malacca","2.2633600235","102.251998901"
"TGG","WMKN","Sultan Mahmud Airport","Kuala Terengganu","5.3826398849487305","103.10299682617188"
"PEN","WMKP","Penang International Airport","Penang","5.297140121459961","100.2770004272461"
"UAI","WPDB","Suai Airport","Suai","-9.30331039428711","125.28700256347656"
"DIL","WPDL","Presidente Nicolau Lobato International Airport","Dili","-8.54640007019","125.526000977"
"BCH","WPEC","Cakung Airport","Baucau","-8.489029884339999","126.401000977"
"\N","","Sembawang Air Base","Sembawang","1.4252599477767944","103.81300354003906"
"QPG","WSAP","Paya Lebar Air Base","Paya Lebar","1.3604199886322021","103.91000366210938"
"TGA","WSAT","Tengah Air Base","Tengah","1.38725996017","103.708999634"
"XSP","WSSL","Seletar Airport","Singapore","1.416949987411499","103.86799621582031"
"SIN","WSSS","Singapore Changi Airport","Singapore","1.35019","103.994003"
"ACF","ZWAL","Brisbane Archerfield Airport","Brisbane","-27.5702991486","153.007995605"
"ABM","YNPE","Northern Peninsula Airport","Amberley","-10.9508","142.459"
"ASP","YBAS","Alice Springs Airport","Alice Springs","-23.806699752807617","133.90199279785156"
"BNE","YBBN","Brisbane International Airport","Brisbane","-27.384199142456055","153.11700439453125"
"OOL","YBCG","Gold Coast Airport","Coolangatta","-28.1644001007","153.505004883"
"CNS","YBCS","Cairns International Airport","Cairns","-16.885799408","145.755004883"
"CTL","YBCV","Charleville Airport","Charlieville","-26.4132995605","146.261993408"
"ISA","YBMA","Mount Isa Airport","Mount Isa","-20.663900375399997","139.488998413"
"MCY","YBSU","Sunshine Coast Airport","Maroochydore","-26.6033","153.091003"
"MKY","YBMK","Mackay Airport","Mackay","-21.171699523900003","149.179992676"
"PPP","YBPN","Proserpine Whitsunday Coast Airport","Prosserpine","-20.4950008392","148.552001953"
"ROK","YBRK","Rockhampton Airport","Rockhampton","-23.3819007874","150.475006104"
"TSV","YBTL","Townsville Airport","Townsville","-19.252500534057617","146.76499938964844"
"WEI","YBWP","Weipa Airport","Weipa","-12.6786003113","141.925003052"
"AVV","YMAV","Avalon Airport","Avalon","-38.039398","144.468994"
"ABX","YMAY","Albury Airport","Albury","-36.06779861450195","146.95799255371094"
"MEB","YMEN","Melbourne Essendon Airport","Melbourne","-37.7281","144.901993"
"\N","","RAAF Base East Sale","East Sale","-38.098899841299996","147.149002075"
"HBA","YMHB","Hobart International Airport","Hobart","-42.836101532","147.509994507"
"LST","YMLT","Launceston Airport","Launceston","-41.54529953","147.214004517"
"MBW","YMMB","Melbourne Moorabbin Airport","Melbourne","-37.975799560546875","145.1020050048828"
"MEL","YMML","Melbourne International Airport","Melbourne","-37.673302","144.843002"
"\N","","RAAF Williams, Point Cook Base","Point Cook","-37.932201","144.753006"
"ADL","YPAD","Adelaide International Airport","Adelaide","-34.945","138.531006"
"\N","","RAAF Base Edinburgh","Edinburgh","-34.70249938964844","138.62100219726562"
"JAD","YPJT","Perth Jandakot Airport","Perth","-32.09749984741211","115.88099670410156"
"KTA","YPKA","Karratha Airport","Karratha","-20.712200164799995","116.773002625"
"KGI","YPKG","Kalgoorlie Boulder Airport","Kalgoorlie","-30.789400100699996","121.461997986"
"KNX","YPKU","Kununurra Airport","Kununurra","-15.7781000137","128.707992554"
"LEA","YPLM","Learmonth Airport","Learmonth","-22.235599517799997","114.088996887"
"PHE","YPPD","Port Hedland International Airport","Port Hedland","-20.3777999878","118.625999451"
"\N","","Adelaide Parafield Airport","Adelaide","-34.793300628699996","138.632995605"
"PER","YPPH","Perth International Airport","Perth","-31.94029998779297","115.96700286865234"
"UMR","YPWR","Woomera Airfield","Woomera","-31.14419937133789","136.81700134277344"
"XCH","YPXM","Christmas Island Airport","Christmas Island","-10.450599670410156","105.69000244140625"
"BWU","YSBK","Sydney Bankstown Airport","Sydney","-33.924400329589844","150.98800659179688"
"CBR","YSCB","Canberra International Airport","Canberra","-35.30690002441406","149.19500732421875"
"CFS","YCFS","Coffs Harbour Airport","Coff's Harbour","-30.3206005096","153.115997314"
"CDU","YSCN","Camden Airport","Camden","-34.04029846191406","150.68699645996094"
"DBO","YSDU","Dubbo City Regional Airport","Dubbo","-32.2167015076","148.574996948"
"NLK","YSNF","Norfolk Island International Airport","Norfolk Island","-29.04159927368164","167.93899536132812"
"XRH","YSRI","RAAF Base Richmond","Richmond","-33.600601","150.781006"
"SYD","YSSY","Sydney Kingsford Smith International Airport","Sydney","-33.94609832763672","151.177001953125"
"TMW","YSTW","Tamworth Airport","Tamworth","-31.0839004517","150.847000122"
"WGA","YSWG","Wagga Wagga City Airport","Wagga Wagga","-35.1652984619","147.466003418"
"PEK","ZBAA","Beijing Capital International Airport","Beijing","40.080101013183594","116.58499908447266"
"HLD","ZBLA","Dongshan Airport","Hailar","49.2050018311","119.824996948"
"TSN","ZBTJ","Tianjin Binhai International Airport","Tianjin","39.124401092499994","117.346000671"
"TYN","ZBYN","Taiyuan Wusu Airport","Taiyuan","37.74689865112305","112.62799835205078"
"CAN","ZGGG","Guangzhou Baiyun International Airport","Guangzhou","23.39240074157715","113.29900360107422"
"CSX","ZGHA","Changsha Huanghua International Airport","Changcha","28.189199447599997","113.220001221"
"KWL","ZGKL","Guilin Liangjiang International Airport","Guilin","25.21809959411621","110.03900146484375"
"NNG","ZGNN","Nanning Wuxu Airport","Nanning","22.608299255371094","108.1719970703125"
"SZX","ZGSZ","Shenzhen Bao'an International Airport","Shenzhen","22.639299392700195","113.81099700927734"
"CGO","ZHCC","Zhengzhou Xinzheng International Airport","Zhengzhou","34.519699096699995","113.841003418"
"WUH","ZHHH","Wuhan Tianhe International Airport","Wuhan","30.7838","114.208"
"FNJ","ZKPY","Pyongyang Sunan International Airport","Pyongyang","39.224098","125.669998"
"LHW","ZLLL","Lanzhou Zhongchuan Airport","Lanzhou","36.5152015686","103.620002747"
"XIY","ZLXY","Xi'an Xianyang International Airport","Xi'an","34.447102","108.751999"
"ULN","ZMUB","Chinggis Khaan International Airport","Ulan Bator","47.843102","106.766998"
"JHG","ZPJH","Xishuangbanna Gasa Airport","Jinghonggasa","21.973899841308594","100.76000213623047"
"KMG","ZPPP","Kunming Changshui International Airport","Kunming","25.1019444","102.9291667"
"XMN","ZSAM","Xiamen Gaoqi International Airport","Xiamen","24.54400062561035","118.12799835205078"
"KHN","ZSCN","Nanchang Changbei International Airport","Nanchang","28.864999771118164","115.9000015258789"
"FOC","ZSFZ","Fuzhou Changle International Airport","Fuzhou","25.935100555419922","119.66300201416016"
"HGH","ZSHC","Hangzhou Xiaoshan International Airport","Hangzhou","30.22949981689453","120.43399810791016"
"NGB","ZSNB","Ningbo Lishe International Airport","Ninbo","29.82670021057129","121.46199798583984"
"NKG","ZSNJ","Nanjing Lukou Airport","Nanjing","31.742000579833984","118.86199951171875"
"HFE","ZSOF","Hefei Luogang International Airport","Hefei","31.780000686645508","117.2979965209961"
"TAO","ZSQD","Liuting Airport","Qingdao","36.2661018372","120.374000549"
"SHA","ZSSS","Shanghai Hongqiao International Airport","Shanghai","31.197900772094727","121.33599853515625"
"YNT","ZSYT","Yantai Laishan Airport","Yantai","37.40169906616211","121.37200164794922"
"CKG","ZUCK","Chongqing Jiangbei International Airport","Chongqing","29.719200134277344","106.64199829101562"
"KWE","ZUGY","Longdongbao Airport","Guiyang","26.53849983215332","106.8010025024414"
"CTU","ZUUU","Chengdu Shuangliu International Airport","Chengdu","30.578500747680664","103.9469985961914"
"XIC","ZUXC","Xichang Qingshan Airport","Xichang","27.989099502563477","102.18399810791016"
"KHG","ZWSH","Kashgar Airport","Kashi","39.5429000854","76.0199966431"
"HTN","ZWTN","Hotan Airport","Hotan","37.03850173950195","79.86489868164062"
"URC","ZWWW","Ürümqi Diwopu International Airport","Urumqi","43.907100677490234","87.47419738769531"
"HRB","ZYHB","Taiping Airport","Harbin","45.6234016418457","126.25"
"MDG","ZYMD","Mudanjiang Hailang International Airport","Mudanjiang","44.5241012573","129.569000244"
"DLC","ZYTL","Zhoushuizi Airport","Dalian","38.9656982421875","121.53900146484375"
"PVG","ZSPD","Shanghai Pudong International Airport","Shanghai","31.143400192260742","121.80500030517578"
"TOD","WMBT","Pulau Tioman Airport","Tioman","2.8181800842285156","104.16000366210938"
"SZB","WMSA","Sultan Abdul Aziz Shah International Airport","Kuala Lumpur","3.130579948425293","101.54900360107422"
"NTQ","RJNW","Noto Airport","Wajima","37.2930984497","136.962005615"
"HBE","HEAX","Borg El Arab International Airport","Alexandria","30.917699813842773","29.696399688720703"
"BTI","PABA","Barter Island LRRS Airport","Barter Island","70.1340026855","-143.582000732"
"\N","","Wainwright Air Station","Fort Wainwright","70.61340332","-159.8600006"
"LUR","PALU","Cape Lisburne LRRS Airport","Cape Lisburne","68.87509918","-166.1100006"
"PIZ","PPIZ","Point Lay LRRS Airport","Point Lay","69.73290253","-163.0050049"
"ITO","PHTO","Hilo International Airport","Hilo","19.721399307250977","-155.04800415039062"
"ORL","KORL","Orlando Executive Airport","Orlando","28.5455","-81.332901"
"BTT","PABT","Bettles Airport","Bettles","66.91390228","-151.529007"
"\N","","Clear Airport","Clear Mews","64.301201","-149.119995"
"UTO","PAIM","Indian Mountain LRRS Airport","Indian Mountains","65.99279785","-153.7039948"
"FYU","PFYU","Fort Yukon Airport","Fort Yukon","66.57150268554688","-145.25"
"SVW","PASV","Sparrevohn LRRS Airport","Sparrevohn","61.09740067","-155.5740051"
"FRN","PAFR","Bryant Army Heliport","Fort Richardson","61.26639938","-149.6529999"
"TLJ","PATL","Tatalina LRRS Airport","Tatalina","62.894401550299996","-155.977005005"
"CZF","PACZ","Cape Romanzof LRRS Airport","Cape Romanzof","61.78030014","-166.0390015"
"BED","KBED","Laurence G Hanscom Field","Bedford","42.47000122","-71.28900146"
"SNP","PASN","St Paul Island Airport","St. Paul Island","57.167301177978516","-170.22000122070312"
"EHM","PAEH","Cape Newenham LRRS Airport","Cape Newenham","58.646400451699996","-162.06300354"
"STG","PAPB","St George Airport","Point Barrow","56.578300476100004","-169.662002563"
"ILI","PAIL","Iliamna Airport","Iliamna","59.75439835","-154.9109955"
"PTU","PAPM","Platinum Airport","Port Moller","59.01139831542969","-161.82000732421875"
"BMX","PABM","Big Mountain Airport","Big Mountain","59.3611984253","-155.259002686"
"OSC","KOSC","Oscoda Wurtsmith Airport","Oscoda","44.451599","-83.394096"
"OAR","KOAR","Marina Municipal Airport","Fort Ord","36.68190002","-121.762001"
"MHR","KMHR","Sacramento Mather Airport","Sacramento","38.55390167","-121.2979965"
"BYS","KBYS","Bicycle Lake Army Air Field","Fort Irwin","35.2804985046","-116.629997253"
"\N","","Twentynine Palms (Self) Airport","Twenty Nine Palms","34.2961998","-116.1620026"
"FSM","KFSM","Fort Smith Regional Airport","Fort Smith","35.33660125732422","-94.36740112304688"
"MRI","PAMR","Merrill Field","Anchorage","61.2135009765625","-149.843994140625"
"GNT","KGNT","Grants-Milan Municipal Airport","Grants","35.167301178","-107.902000427"
"PNC","KPNC","Ponca City Regional Airport","Ponca City","36.73199844","-97.09980011"
"SVN","KSVN","Hunter Army Air Field","Hunter Aaf","32.00999832","-81.14569855"
"GFK","KGFK","Grand Forks International Airport","Grand Forks","47.949299","-97.176102"
"PBF","KPBF","Pine Bluff Regional Airport, Grider Field","Pine Bluff","34.1731","-91.9356"
"NSE","KNSE","Whiting Field Naval Air Station - North","Milton","30.7241993","-87.02189636"
"HNM","PHHN","Hana Airport","Hana","20.79560089111328","-156.01400756835938"
"PRC","KPRC","Ernest A. Love Field","Prescott","34.65449905","-112.4199982"
"TTN","KTTN","Trenton Mercer Airport","Trenton","40.27669906616211","-74.8134994506836"
"BOS","KBOS","General Edward Lawrence Logan International Airport","Boston","42.36429977","-71.00520325"
"SUU","KSUU","Travis Air Force Base","Fairfield","38.262699127197","-121.92700195312"
"RME","KRME","Griffiss International Airport","Rome","43.23379898","-75.40699768"
"ENV","KENV","Wendover Airport","Wendover","40.7187004089","-114.03099823"
"BFM","KBFM","Mobile Downtown Airport","Mobile","30.626800537100003","-88.06809997559999"
"OAK","KOAK","Metropolitan Oakland International Airport","Oakland","37.721298","-122.221001"
"OMA","KOMA","Eppley Airfield","Omaha","41.3032","-95.894096"
"\N","","Port Angeles Cgas Airport","Port Angeles","48.14149856567383","-123.41400146484375"
"OGG","PHOG","Kahului Airport","Kahului","20.8986","-156.429993"
"ICT","KICT","Wichita Eisenhower National Airport","Wichita","37.649899","-97.433098"
"MCI","KMCI","Kansas City International Airport","Kansas City","39.2976","-94.713898"
"MSN","KMSN","Dane County Regional Truax Field","Madison","43.13990020751953","-89.3375015258789"
"DLG","PADL","Dillingham Airport","Dillingham","59.04470062","-158.5050049"
"HRO","KHRO","Boone County Airport","Harrison","36.26150131225586","-93.15470123291016"
"PHX","KPHX","Phoenix Sky Harbor International Airport","Phoenix","33.43429946899414","-112.01200103759766"
"BGR","KBGR","Bangor International Airport","Bangor","44.80739974975586","-68.8281021118164"
"FXE","KFXE","Fort Lauderdale Executive Airport","Fort Lauderdale","26.1972999573","-80.1707000732"
"GGG","KGGG","East Texas Regional Airport","Longview","32.38399887084961","-94.71150207519531"
"AND","KAND","Anderson Regional Airport","Andersen","34.4945983887","-82.70939636230001"
"GEG","KGEG","Spokane International Airport","Spokane","47.61989974975586","-117.53399658203125"
"HWO","KHWO","North Perry Airport","Hollywood","26.0012","-80.2407"
"SFO","KSFO","San Francisco International Airport","San Francisco","37.61899948120117","-122.375"
"CTB","KCTB","Cut Bank International Airport","Cutbank","48.6083984375","-112.375999451"
"ARA","KARA","Acadiana Regional Airport","Louisiana","30.0378","-91.883904"
"GNV","KGNV","Gainesville Regional Airport","Gainesville","29.6900997162","-82.2717971802"
"MEM","KMEM","Memphis International Airport","Memphis","35.04240036010742","-89.97669982910156"
"DUG","KDUG","Bisbee Douglas International Airport","Douglas","31.4689998627","-109.603996277"
"BIG","PABI","Allen Army Airfield","Delta Junction","63.9944992065","-145.722000122"
"CNW","KCNW","TSTC Waco Airport","Waco","31.637800216699997","-97.0740966797"
"ANN","PANT","Annette Island Airport","Annette Island","55.04240036010742","-131.57200622558594"
"CAR","KCAR","Caribou Municipal Airport","Caribou","46.871498107899995","-68.0178985596"
"LRF","KLRF","Little Rock Air Force Base","Jacksonville","34.916900634799994","-92.14969635010002"
"HUA","KHUA","Redstone Army Air Field","Redstone","34.67869949","-86.68479919"
"POB","KPOB","Pope Field","Fort Bragg","35.1708984375","-79.014503479004"
"DHT","KDHT","Dalhart Municipal Airport","Dalhart","36.0225982666","-102.54699707"
"DLF","KDLF","DLF Airport","Del Rio","29.359501","-100.778002"
"LAX","KLAX","Los Angeles International Airport","Los Angeles","33.94250107","-118.4079971"
"ANB","KANB","Anniston Regional Airport","Anniston","33.5882","-85.8581"
"CLE","KCLE","Cleveland Hopkins International Airport","Cleveland","41.4117012024","-81.8498001099"
"DOV","KDOV","Dover Air Force Base","Dover","39.12950134","-75.46600342"
"CVG","KCVG","Cincinnati Northern Kentucky International Airport","Cincinnati","39.0488014221","-84.6678009033"
"FME","KFME","Tipton Airport","Fort Meade","39.08539962769999","-76.7593994141"
"\N","","China Lake Naws (Armitage Field) Airport","China Lake","35.6853981","-117.6920013"
"HON","KHON","Huron Regional Airport","Huron","44.38520050048828","-98.22850036621094"
"JNU","PAJN","Juneau International Airport","Juneau","58.35499954223633","-134.5760040283203"
"LFT","KLFT","Lafayette Regional Airport","Lafayette","30.20529938","-91.98760223"
"EWR","KEWR","Newark Liberty International Airport","Newark","40.692501068115234","-74.168701171875"
"BOI","KBOI","Boise Air Terminal/Gowen Field","Boise","43.5644","-116.223"
"INS","KINS","Creech Air Force Base","Indian Springs","36.587200164799995","-115.672996521"
"GCK","KGCK","Garden City Regional Airport","Garden City","37.9275016785","-100.723999023"
"MOT","KMOT","Minot International Airport","Minot","48.2593994140625","-101.27999877929688"
"HHI","PHHI","Wheeler Army Airfield","Wahiawa","21.48349953","-158.0399933"
"MXF","KMXF","Maxwell Air Force Base","Montgomery","32.3829","-86.365799"
"\N","","Robinson Army Air Field","Robinson","34.85010147","-92.30020142"
"DAL","KDAL","Dallas Love Field","Dallas","32.847099","-96.851799"
"FCS","KFCS","Butts AAF (Fort Carson) Air Field","Fort Carson","38.67839813","-104.7570038"
"HLN","KHLN","Helena Regional Airport","Helena","46.6068000793457","-111.98300170898438"
"NKX","KNKX","Miramar Marine Corps Air Station - Mitscher Field","Miramar","32.86840057","-117.1429977"
"LUF","KLUF","Luke Air Force Base","Phoenix","33.534999847399995","-112.383003235"
"\N","","Hurlburt Field","Mary Esther","30.427799224853516","-86.68930053710938"
"HHR","KHHR","Jack Northrop Field Hawthorne Municipal Airport","Hawthorne","33.922798","-118.334999"
"HUL","KHUL","Houlton International Airport","Houlton","46.1231002808","-67.792098999"
"END","KEND","Vance Air Force Base","Enid","36.339199066199996","-97.9164962769"
"NTD","KNTD","Point Mugu Naval Air Station (Naval Base Ventura Co)","Point Mugu","34.120300293","-119.121002197"
"EDW","KEDW","Edwards Air Force Base","Edwards Afb","34.905399","-117.884003"
"LCH","KLCH","Lake Charles Regional Airport","Lake Charles","30.126100540161133","-93.22329711914062"
"KOA","PHKO","Ellison Onizuka Kona International At Keahole Airport","Kona","19.738783","-156.045603"
"MYR","KMYR","Myrtle Beach International Airport","Myrtle Beach","33.6796989441","-78.9282989502"
"NLC","KNLC","Lemoore Naval Air Station (Reeves Field) Airport","Lemoore","36.33300018","-119.9520035"
"ACK","KACK","Nantucket Memorial Airport","Nantucket","41.25310135","-70.06020355"
"FAF","KFAF","Felker Army Air Field","Fort Eustis","37.132499694799996","-76.60880279540001"
"HOP","KHOP","Campbell AAF (Fort Campbell) Air Field","Hopkinsville","36.668598175","-87.49620056150002"
"DCA","KDCA","Ronald Reagan Washington National Airport","Washington","38.8521","-77.037697"
"NHK","KNHK","Patuxent River Naval Air Station (Trapnell Field)","Patuxent River","38.285999","-76.411797"
"PSX","KPSX","Palacios Municipal Airport","Palacios","28.727500915527","-96.250999450684"
"BYH","KBYH","Arkansas International Airport","Blytheville","35.9642982483","-89.94400024410001"
"ACY","KACY","Atlantic City International Airport","Atlantic City","39.45759963989258","-74.57720184326172"
"TIK","KTIK","Tinker Air Force Base","Oklahoma City","35.414699554443","-97.386596679688"
"ECG","KECG","Elizabeth City Regional Airport & Coast Guard Air Station","Elizabeth City","36.26060104","-76.17459869"
"PUB","KPUB","Pueblo Memorial Airport","Pueblo","38.289100646972656","-104.49700164794922"
"PQI","KPQI","Northern Maine Regional Airport at Presque Isle","Presque Isle","46.68899918","-68.0447998"
"GRF","KGRF","Gray Army Air Field","Fort Lewis","47.07920074","-122.5810013"
"ADQ","PADQ","Kodiak Airport","Kodiak","57.75","-152.4940033"
"UPP","PHUP","Upolu Airport","Opolu","20.265300750732422","-155.86000061035156"
"FLL","KFLL","Fort Lauderdale Hollywood International Airport","Fort Lauderdale","26.072599","-80.152702"
"\N","","Muskogee-Davis Regional Airport","Muskogee","35.656502","-95.366699"
"INL","KINL","Falls International Airport","International Falls","48.566200256347656","-93.4030990600586"
"SLC","KSLC","Salt Lake City International Airport","Salt Lake City","40.78839874267578","-111.97799682617188"
"CDS","KCDS","Childress Municipal Airport","Childress","34.4337997437","-100.288002014"
"BIX","KBIX","Keesler Air Force Base","Biloxi","30.4104003906","-88.92440032959999"
"LSF","KLSF","Lawson Army Air Field (Fort Benning)","Fort Benning","32.337299346900004","-84.9913024902"
"NQI","KNQI","Kingsville Naval Air Station","Kingsville","27.5072002411","-97.8097000122"
"FRI","KFRI","Marshall Army Air Field","Fort Riley","39.05530167","-96.76450348"
"MDT","KMDT","Harrisburg International Airport","Harrisburg","40.1935005188","-76.7633972168"
"LNK","KLNK","Lincoln Airport","Lincoln","40.85100173950195","-96.75920104980469"
"LAN","KLAN","Capital City Airport","Lansing","42.77870178222656","-84.58740234375"
"MUE","PHMU","Waimea Kohala Airport","Kamuela","20.001300811767578","-155.66799926757812"
"MSS","KMSS","Massena International Richards Field","Massena","44.93579864501953","-74.84559631347656"
"HKY","KHKY","Hickory Regional Airport","Hickory","35.74110031","-81.38950348"
"SPG","KSPG","Albert Whitted Airport","St. Petersburg","27.7651","-82.626999"
"FMY","KFMY","Page Field","Fort Myers","26.58659935","-81.86329650879999"
"IAH","KIAH","George Bush Intercontinental Houston Airport","Houston","29.984399795532227","-95.34140014648438"
"\N","","Millinocket Municipal Airport","Millinocket","45.64780044555664","-68.68560028076172"
"ADW","KADW","Joint Base Andrews","Camp Springs","38.810799","-76.866997"
"INT","KINT","Smith Reynolds Airport","Winston-salem","36.13370132446289","-80.22200012207031"
"VCV","KVCV","Southern California Logistics Airport","Victorville","34.597499847399995","-117.383003235"
"CEW","KCEW","Bob Sikes Airport","Crestview","30.778799057","-86.522102356"
"\N","","Wheeler Sack Army Air Field","Fort Drum","44.05559921","-75.71949768"
"PHN","KPHN","St Clair County International Airport","Port Huron","42.9109993","-82.52890015"
"BFL","KBFL","Meadows Field","Bakersfield","35.43360138","-119.0569992"
"ELP","KELP","El Paso International Airport","El Paso","31.80719948","-106.3779984"
"HRL","KHRL","Valley International Airport","Harlingen","26.228500366210938","-97.65440368652344"
"CAE","KCAE","Columbia Metropolitan Airport","Columbia","33.93880081176758","-81.11949920654297"
"DMA","KDMA","Davis Monthan Air Force Base","Tucson","32.1665000916","-110.883003235"
"NPA","KNPA","Pensacola Naval Air Station/Forrest Sherman Field","Pensacola","30.35269928","-87.31860352"
"PNS","KPNS","Pensacola Regional Airport","Pensacola","30.473400115967","-87.186599731445"
"RDR","KRDR","Grand Forks Air Force Base","Red River","47.961101532","-97.4011993408"
"HOU","KHOU","William P Hobby Airport","Houston","29.64539909","-95.27890015"
"BFK","KBKF","Buckley Air Force Base","Buckley","39.701698303200004","-104.751998901"
"ORT","PAOR","Northway Airport","Northway","62.9612999","-141.9290009"
"PAQ","PAAQ","Warren ""Bud"" Woods Palmer Municipal Airport","Palmer","61.594898","-149.08901"
"PIT","KPIT","Pittsburgh International Airport","Pittsburgh","40.49150085","-80.23290253"
"BRW","PABR","Wiley Post Will Rogers Memorial Airport","Barrow","71.285402","-156.766008"
"EFD","KEFD","Ellington Airport","Houston","29.607299804700002","-95.1587982178"
"NUW","KNUW","Whidbey Island Naval Air Station (Ault Field)","Whidbey Island","48.351799","-122.655998"
"ALI","KALI","Alice International Airport","Alice","27.740900039699998","-98.02690124510002"
"VAD","KVAD","Moody Air Force Base","Valdosta","30.9678001404","-83.1930007935"
"MIA","KMIA","Miami International Airport","Miami","25.79319953918457","-80.29060363769531"
"SEA","KSEA","Seattle Tacoma International Airport","Seattle","47.449001","-122.308998"
"CHA","KCHA","Lovell Field","Chattanooga","35.035301208496094","-85.20379638671875"
"BDR","KBDR","Igor I Sikorsky Memorial Airport","Stratford","41.16350173950195","-73.1261978149414"
"JAN","KJAN","Jackson-Medgar Wiley Evers International Airport","Jackson","32.3111991882","-90.0758972168"
"GLS","KGLS","Scholes International At Galveston Airport","Galveston","29.265300750732422","-94.86039733886719"
"LGB","KLGB","Long Beach /Daugherty Field/ Airport","Long Beach","33.81769943","-118.1520004"
"HDH","PHDH","Dillingham Airfield","Dillingham","21.5795001984","-158.197006226"
"IPT","KIPT","Williamsport Regional Airport","Williamsport","41.241798400878906","-76.92109680175781"
"IND","KIND","Indianapolis International Airport","Indianapolis","39.7173","-86.294403"
"SZL","KSZL","Whiteman Air Force Base","Knobnoster","38.73030090332","-93.547897338867"
"AKC","KAKR","Akron Fulton International Airport","Akron","41.0374984741","-81.4669036865"
"GWO","KGWO","Greenwood–Leflore Airport","Greenwood","33.4943008423","-90.0847015381"
"HPN","KHPN","Westchester County Airport","White Plains","41.06700134277344","-73.70760345458984"
"FOK","KFOK","Francis S Gabreski Airport","West Hampton Beach","40.8437004089","-72.6317977905"
"JBR","KJBR","Jonesboro Municipal Airport","Jonesboro","35.83169937133789","-90.64640045166016"
"XSD","KTNX","Tonopah Test Range Airport","Tonopah","37.7988014221","-116.78099823"
"LNA","KLNA","Palm Beach County Park Airport","West Palm Beach","26.59300041","-80.08509827"
"NZY","KNZY","North Island Naval Air Station-Halsey Field","San Diego","32.69919968","-117.2149963"
"BIF","KBIF","Biggs Army Air Field (Fort Bliss)","El Paso","31.84950066","-106.3799973"
"YUM","KNYL","Yuma MCAS/Yuma International Airport","Yuma","32.65660095","-114.6060028"
"CNM","KCNM","Cavern City Air Terminal","Carlsbad","32.337501525878906","-104.26300048828125"
"DLH","KDLH","Duluth International Airport","Duluth","46.8420982361","-92.19360351559999"
"BET","PABE","Bethel Airport","Bethel","60.77980042","-161.8379974"
"LOU","KLOU","Bowman Field","Louisville","38.2280006409","-85.6636962891"
"FHU","KFHU","Sierra Vista Municipal Libby Army Air Field","Fort Huachuca","31.588499069213867","-110.34400177001953"
"LIH","PHLI","Lihue Airport","Lihue","21.97599983215332","-159.33900451660156"
"HUF","","Terre Haute Regional Airport, Hulman Field","Terre Haute","39.4515","-87.307602"
"HVR","KHVR","Havre City County Airport","Havre","48.54299927","-109.762001"
"MWH","KMWH","Grant County International Airport","Grant County Airport","47.20769882","-119.3199997"
"MPV","KMPV","Edward F Knapp State Airport","Montpelier","44.20349884","-72.56230164"
"\N","","San Nicolas Island Nolf Airport","San Nicolas Island","33.23979949951172","-119.45800018310547"
"RIC","KRIC","Richmond International Airport","Richmond","37.50519943237305","-77.3197021484375"
"SHV","KSHV","Shreveport Regional Airport","Shreveport","32.446602","-93.8256"
"CDV","PACV","Merle K (Mudhole) Smith Airport","Cordova","60.4917984","-145.4779968"
"ORF","KORF","Norfolk International Airport","Norfolk","36.89459991455078","-76.20120239257812"
"BPT","KBPT","Southeast Texas Regional Airport","Beaumont","29.9507999420166","-94.02069854736328"
"SAV","KSAV","Savannah Hilton Head International Airport","Savannah","32.12760162","-81.20210266"
"HIF","KHIF","Hill Air Force Base","Ogden","41.12403","-111.973086"
"OME","PAOM","Nome Airport","Nome","64.51219940185547","-165.44500732421875"
"\N","","Scappoose Industrial Airpark","San Luis","45.770999908447266","-122.86199951171875"
"PIE","KPIE","St Petersburg Clearwater International Airport","St. Petersburg","27.91020012","-82.68740082"
"MNM","KMNM","Menominee Regional Airport","Macon","45.126701","-87.638397"
"CXO","KCXO","Conroe-North Houston Regional Airport","Conroe","30.351801","-95.414497"
"SCC","PASC","Deadhorse Airport","Deadhorse","70.19470215","-148.4649963"
"SAT","KSAT","San Antonio International Airport","San Antonio","29.533700942993164","-98.46980285644531"
"ROC","KROC","Greater Rochester International Airport","Rochester","43.118900299072266","-77.67240142822266"
"COF","KCOF","Patrick Air Force Base","Coco Beach","28.2348995209","-80.6100997925"
"TEB","KTEB","Teterboro Airport","Teterboro","40.85010147089999","-74.060798645"
"RCA","KRCA","Ellsworth Air Force Base","Rapid City","44.14500046","-103.1039963"
"RDU","KRDU","Raleigh Durham International Airport","Raleigh-durham","35.877601623535156","-78.7874984741211"
"DAY","KDAY","James M Cox Dayton International Airport","Dayton","39.902400970458984","-84.21939849853516"
"ENA","PAEN","Kenai Municipal Airport","Kenai","60.57310104370117","-151.2449951171875"
"MLC","KMLC","Mc Alester Regional Airport","Mcalester","34.882401","-95.783501"
"IAG","KIAG","Niagara Falls International Airport","Niagara Falls","43.1072998046875","-78.94619750976562"
"CFD","KCFD","Coulter Field","Bryan","30.715700149499998","-96.3313980103"
"LIY","KLHW","Wright AAF (Fort Stewart)/Midcoast Regional Airport","Wright","31.889099","-81.562303"
"PHF","KPHF","Newport News Williamsburg International Airport","Newport News","37.13190079","-76.49299622"
"ESF","KESF","Esler Regional Airport","Alexandria","31.3948993683","-92.2957992554"
"LTS","KLTS","Altus Air Force Base","Altus","34.667098999","-99.2667007446"
"TUS","KTUS","Tucson International Airport","Tucson","32.1161003112793","-110.94100189208984"
"MIB","KMIB","Minot Air Force Base","Minot","48.4156","-101.358002"
"BAB","KBAB","Beale Air Force Base","Marysville","39.136100769","-121.43699646"
"IKK","KIKK","Greater Kankakee Airport","Kankakee","41.07139968869999","-87.8462982178"
"GSB","KGSB","Seymour Johnson Air Force Base","Goldsboro","35.33940125","-77.96060181"
"PVD","KPVD","Theodore Francis Green State Airport","Providence","41.732601","-71.420403"
"SBY","KSBY","Salisbury Ocean City Wicomico Regional Airport","Salisbury","38.34049987792969","-75.51029968261719"
"\N","","Rancho Murieta Airport","Rancho Murieta","38.48680114746094","-121.10299682617188"
"BUR","KBUR","Bob Hope Airport","Burbank","34.20069885253906","-118.35900115966797"
"DTW","KDTW","Detroit Metropolitan Wayne County Airport","Detroit","42.212398529052734","-83.35340118408203"
"TPA","KTPA","Tampa International Airport","Tampa","27.975500106811523","-82.533203125"
"PMB","KPMB","Pembina Municipal Airport","Pembina","48.9425010681","-97.2407989502"
"POE","KPOE","Polk Army Air Field","Fort Polk","31.0447998","-93.1917038"
"EIL","PAEI","Eielson Air Force Base","Fairbanks","64.66570282","-147.102005"
"HIB","KHIB","Range Regional Airport","Hibbing","47.38660049","-92.83899689"
"LFK","KLFK","Angelina County Airport","Lufkin","31.2339992523","-94.75"
"MAF","KMAF","Midland International Airport","Midland","31.9424991607666","-102.2020034790039"
"GRB","KGRB","Austin Straubel International Airport","Green Bay","44.48509979248047","-88.12960052490234"
"ADM","KADM","Ardmore Municipal Airport","Ardmore","34.30301","-97.0196342"
"WRI","KWRI","Mc Guire Air Force Base","Wrightstown","40.0155983","-74.59169769"
"\N","","Cherry Point MCAS /Cunningham Field/","Cherry Point","34.90090179","-76.88069916"
"\N","","Emanuel County Airport","Santa Barbara","32.609100341796875","-82.36990356445312"
"AGS","KAGS","Augusta Regional At Bush Field","Bush Field","33.36989974975586","-81.9645004272461"
"ISN","","Sloulin Field International Airport","Williston","48.177898407","-103.641998291"
"LIT","KLIT","Bill & Hillary Clinton National Airport/Adams Field","Little Rock","34.729400634799994","-92.2242965698"
"SWF","KSWF","Stewart International Airport","Newburgh","41.50410079956055","-74.10479736328125"
"BDE","KBDE","Baudette International Airport","Baudette","48.7284011841","-94.612197876"
"SAC","KSAC","Sacramento Executive Airport","Sacramento","38.5125007629","-121.492996216"
"HOM","PAHO","Homer Airport","Homer","59.645599365234375","-151.4770050048828"
"TBN","KTBN","Waynesville-St. Robert Regional Forney field","Fort Leonardwood","37.74160004","-92.14070129"
"MGE","KMGE","Dobbins Air Reserve Base","Marietta","33.91540146","-84.51629639"
"SKA","KSKA","Fairchild Air Force Base","Spokane","47.6151008606","-117.65599823"
"HTL","KHTL","Roscommon County - Blodgett Memorial Airport","Houghton Lake","44.359798","-84.671095"
"PAM","KPAM","Tyndall Air Force Base","Panama City","30.0695991516","-85.57540130619999"
"DFW","KDFW","Dallas Fort Worth International Airport","Dallas-Fort Worth","32.896801","-97.038002"
"MLB","KMLB","Melbourne International Airport","Melbourne","28.102800369262695","-80.64530181884766"
"TCM","KTCM","McChord Air Force Base","Tacoma","47.1376991272","-122.475997925"
"AUS","KAUS","Austin Bergstrom International Airport","Austin","30.194499969482422","-97.6698989868164"
"LCK","KLCK","Rickenbacker International Airport","Columbus","39.813801","-82.927803"
"MQT","KSAW","Sawyer International Airport","Gwinn","46.353599548300004","-87.395401001"
"TYS","KTYS","McGhee Tyson Airport","Knoxville","35.81100082","-83.9940033"
"HLR","KHLR","Hood Army Air Field","Fort Hood","31.138700485199998","-97.71450042720001"
"STL","KSTL","St Louis Lambert International Airport","St. Louis","38.748697","-90.370003"
"MIV","KMIV","Millville Municipal Airport","Millville","39.367802","-75.072197"
"SPS","KSPS","Sheppard Air Force Base-Wichita Falls Municipal Airport","Wichita Falls","33.9888","-98.491898"
"LUK","KLUK","Cincinnati Municipal Airport Lunken Field","Cincinnati","39.10329819","-84.41860199"
"ATL","KATL","Hartsfield Jackson Atlanta International Airport","Atlanta","33.6367","-84.428101"
"MER","KMER","Castle Airport","Merced","37.38050079","-120.5680008"
"MCC","KMCC","Mc Clellan Airfield","Sacramento","38.66759872","-121.401001"
"GRR","KGRR","Gerald R. Ford International Airport","Grand Rapids","42.88079834","-85.52279663"
"INK","KINK","Winkler County Airport","Wink","31.779600143399996","-103.200996399"
"FAT","KFAT","Fresno Yosemite International Airport","Fresno","36.77619934082031","-119.71800231933594"
"VRB","KVRB","Vero Beach Regional Airport","Vero Beach","27.6556","-80.417901"
"IPL","KIPL","Imperial County Airport","Imperial","32.834201812699995","-115.57900238"
"BNA","KBNA","Nashville International Airport","Nashville","36.1245002746582","-86.6781997680664"
"LRD","KLRD","Laredo International Airport","Laredo","27.543800354003906","-99.46160125732422"
"EDF","PAED","Elmendorf Air Force Base","Anchorage","61.250999450683594","-149.8070068359375"
"OTZ","PAOT","Ralph Wien Memorial Airport","Kotzebue","66.88469696","-162.598999"
"AOO","KAOO","Altoona Blair County Airport","Altoona","40.29639816","-78.31999969"
"DYS","KDYS","Dyess Air Force Base","Abilene","32.4207992554","-99.854598999"
"ELD","KELD","South Arkansas Regional At Goodwin Field","El Dorado","33.22100067138672","-92.81330108642578"
"LGA","KLGA","La Guardia Airport","New York","40.77719879","-73.87259674"
"TLH","KTLH","Tallahassee Regional Airport","Tallahassee","30.396499633789062","-84.35030364990234"
"DPA","KDPA","Dupage Airport","West Chicago","41.90779877","-88.24859619"
"ACT","KACT","Waco Regional Airport","Waco","31.611299514770508","-97.23049926757812"
"AUG","KAUG","Augusta State Airport","Augusta","44.320598602299995","-69.7973022461"
"\N","","Hillsboro Municipal Airport","Hillsboro","32.08349991","-97.09719849"
"NIP","KNIP","Jacksonville Naval Air Station (Towers Field)","Jacksonville","30.2358","-81.680603"
"MKL","KMKL","McKellar-Sipes Regional Airport","Jackson","35.599899","-88.915604"
"MKK","PHMK","Molokai Airport","Molokai","21.15290069580078","-157.0959930419922"
"FTK","KFTK","Godman Army Air Field","Fort Knox","37.907100677500004","-85.9720993042"
"\N","","New River MCAS /H/ /Mccutcheon Fld/ Airport","Jacksonville","34.70840073","-77.43969727"
"SJT","KSJT","San Angelo Regional Mathis Field","San Angelo","31.35770034790039","-100.49600219726562"
"CXL","KCXL","Calexico International Airport","Calexico","32.6694984436","-115.513000488"
"CIC","KCIC","Chico Municipal Airport","Chico","39.79539871","-121.8580017"
"BTV","KBTV","Burlington International Airport","Burlington","44.471900939899996","-73.15329742429999"
"JAX","KJAX","Jacksonville International Airport","Jacksonville","30.49410057067871","-81.68789672851562"
"DRO","KDRO","Durango La Plata County Airport","Durango","37.1515007019","-107.753997803"
"IAD","KIAD","Washington Dulles International Airport","Washington","38.94449997","-77.45580292"
"CLL","KCLL","Easterwood Field","College Station","30.58860016","-96.36380005"
"SFF","KSFF","Felts Field","Spokane","47.682800292969","-117.32299804688"
"MKE","KMKE","General Mitchell International Airport","Milwaukee","42.947200775146484","-87.89659881591797"
"ABI","KABI","Abilene Regional Airport","Abilene","32.4113006592","-99.68190002440001"
"COU","KCOU","Columbia Regional Airport","Columbia","38.81809997558594","-92.21959686279297"
"PDX","KPDX","Portland International Airport","Portland","45.58869934","-122.5979996"
"TNT","KTNT","Dade Collier Training and Transition Airport","Miami","25.861799240112","-80.897003173828"
"PBI","KPBI","Palm Beach International Airport","West Palm Beach","26.68320083618164","-80.09559631347656"
"FTW","KFTW","Fort Worth Meacham International Airport","Fort Worth","32.819801","-97.362396"
"OGS","KOGS","Ogdensburg International Airport","Ogdensburg","44.6819000244","-75.46549987790002"
"FMH","KFMH","Cape Cod Coast Guard Air Station","Falmouth","41.6584014893","-70.5214004517"
"BFI","KBFI","Boeing Field King County International Airport","Seattle","47.529998779296875","-122.302001953125"
"SKF","KSKF","Lackland Air Force Base","San Antonio","29.38419914","-98.58110046"
"HNL","PHNL","Daniel K Inouye International Airport","Honolulu","21.32062","-157.924228"
"DSM","KDSM","Des Moines International Airport","Des Moines","41.534000396728516","-93.66310119628906"
"EWN","KEWN","Coastal Carolina Regional Airport","New Bern","35.0730018616","-77.04290008539999"
"SAN","KSAN","San Diego International Airport","San Diego","32.7336006165","-117.190002441"
"MLU","KMLU","Monroe Regional Airport","Monroe","32.51089859008789","-92.0376968383789"
"SSC","KSSC","Shaw Air Force Base","Sumter","33.97269821","-80.47059631"
"ONT","KONT","Ontario International Airport","Ontario","34.055999755859375","-117.60099792480469"
"GVT","KGVT","Majors Airport","Greenvile","33.0677986145","-96.0652999878"
"ROW","KROW","Roswell International Air Center Airport","Roswell","33.30160140991211","-104.53099822998047"
"DET","","Coleman A. Young Municipal Airport","Detroit","42.40919876","-83.00990295"
"BRO","KBRO","Brownsville South Padre Island International Airport","Brownsville","25.90679931640625","-97.4259033203125"
"DHN","KDHN","Dothan Regional Airport","Dothan","31.321300506591797","-85.44960021972656"
"WWD","KWWD","Cape May County Airport","Wildwood","39.008499145500004","-74.9083023071"
"NFL","KNFL","Fallon Naval Air Station","Fallon","39.41659927","-118.7009964"
"MTC","KMTC","Selfridge Air National Guard Base Airport","Mount Clemens","42.613463","-82.836919"
"FMN","KFMN","Four Corners Regional Airport","Farmington","36.741199493399996","-108.230003357"
"CRP","KCRP","Corpus Christi International Airport","Corpus Christi","27.77039909362793","-97.5011978149414"
"SYR","KSYR","Syracuse Hancock International Airport","Syracuse","43.11119842529297","-76.1063003540039"
"NQX","KNQX","Naval Air Station Key West/Boca Chica Field","Key West","24.57579994","-81.68890381"
"MDW","KMDW","Chicago Midway International Airport","Chicago","41.785999","-87.752403"
"SJC","KSJC","Norman Y. Mineta San Jose International Airport","San Jose","37.362598","-121.929001"
"HOB","KHOB","Lea County Regional Airport","Hobbs","32.6875","-103.2170029"
"PNE","KPNE","Northeast Philadelphia Airport","Philadelphia","40.081902","-75.010597"
"DEN","KDEN","Denver International Airport","Denver","39.861698150635","-104.672996521"
"PHL","KPHL","Philadelphia International Airport","Philadelphia","39.87189865112305","-75.24109649658203"
"SUX","KSUX","Sioux Gateway Col. Bud Day Field","Sioux City","42.40259933","-96.38439941"
"MCN","KMCN","Middle Georgia Regional Airport","Macon","32.69279861450195","-83.64920043945312"
"TCS","KTCS","Truth Or Consequences Municipal Airport","Truth Or Consequences","33.2369003296","-107.272003174"
"PMD","KPMD","Palmdale Regional/USAF Plant 42 Airport","Palmdale","34.62939835","-118.0849991"
"RND","KRND","Randolph Air Force Base","San Antonio","29.52969933","-98.27890015"
"NJK","KNJK","El Centro NAF Airport (Vraciu Field)","El Centro","32.829201","-115.671996"
"CMH","KCMH","John Glenn Columbus International Airport","Columbus","39.998001","-82.891899"
"FYV","KFYV","Drake Field","Fayetteville","36.00510025024414","-94.17009735107422"
"FSI","KFSI","Henry Post Army Air Field (Fort Sill)","Fort Sill","34.64979935","-98.40219879"
"\N","","Princeton Municipal Airport","Princeton","45.55989838","-93.60820007"
"FFO","KFFO","Wright-Patterson Air Force Base","Dayton","39.8260993958","-84.0483016968"
"GAL","PAGA","Edward G. Pitka Sr Airport","Galena","64.73619843","-156.9369965"
"\N","","Chandler Municipal Airport","Chandler","33.2691","-111.810997"
"MWL","KMWL","Mineral Wells Airport","Mineral Wells","32.7816009521","-98.0602035522"
"IAB","KIAB","Mc Connell Air Force Base","Wichita","37.62189865","-97.26820374"
"NBG","KNBG","New Orleans NAS JRB/Alvin Callender Field","New Orleans","29.82530022","-90.03500366"
"BFT","KARW","Beaufort County Airport","Beaufort","32.4122009277","-80.6343994141"
"TXK","KTXK","Texarkana Regional Webb Field","Texarkana","33.45370101928711","-93.99099731445312"
"PBG","KPBG","Plattsburgh International Airport","Plattsburgh","44.650901794433594","-73.46810150146484"
"APG","KAPG","Phillips Army Air Field","Aberdeen","39.466202","-76.1688"
"TCC","KTCC","Tucumcari Municipal Airport","Tucumcari","35.182800293","-103.602996826"
"ANC","PANC","Ted Stevens Anchorage International Airport","Anchorage","61.174400329589844","-149.99600219726562"
"GRK","KGRK","Robert Gray  Army Air Field Airport","Killeen","31.067199707","-97.82890319820001"
"\N","","Black Rock Airport","Zuni Pueblo","35.08319854736328","-108.79199981689453"
"BLI","KBLI","Bellingham International Airport","Bellingham","48.79280090332031","-122.53800201416016"
"NQA","KNQA","Millington-Memphis Airport","Millington","35.356701","-89.8703"
"EKN","KEKN","Elkins-Randolph Co-Jennings Randolph Field","Elkins","38.88940048","-79.85710144"
"HFD","KHFD","Hartford Brainard Airport","Hartford","41.736698150635","-72.649398803711"
"SFZ","KSFZ","North Central State Airport","Smithfield","41.9207992554","-71.49140167239999"
"MOB","KMOB","Mobile Regional Airport","Mobile","30.691200256348","-88.242797851562"
"NUQ","KNUQ","Moffett Federal Airfield","Mountain View","37.4161","-122.049004"
"SAF","KSAF","Santa Fe Municipal Airport","Santa Fe","35.617099762","-106.088996887"
"BKH","PHBK","Barking Sands Airport","Barking Sands","22.022800445599998","-159.785003662"
"DRI","KDRI","Beauregard Regional Airport","Deridder","30.8316993713","-93.33989715579999"
"BSF","PHSF","Bradshaw Army Airfield","Bradshaw Field","19.760099411","-155.554000854"
"OLS","KOLS","Nogales International Airport","Nogales","31.4177","-110.848"
"MCF","KMCF","Mac Dill Air Force Base","Tampa","27.84930038","-82.52120209"
"BLV","KBLV","Scott AFB/Midamerica Airport","Belleville","38.5452","-89.835197"
"OPF","KOPF","Opa-locka Executive Airport","Miami","25.907","-80.278397"
"DRT","KDRT","Del Rio International Airport","Del Rio","29.3742008209","-100.927001953"
"RSW","KRSW","Southwest Florida International Airport","Fort Myers","26.53619956970215","-81.75520324707031"
"AKN","PAKN","King Salmon Airport","King Salmon","58.67679977","-156.6490021"
"MUI","KMUI","Muir Army Air Field (Fort Indiantown Gap) Airport","Muir","40.434799","-76.569397"
"JHM","PHJH","Kapalua Airport","Lahania-kapalua","20.962900161743164","-156.67300415039062"
"JFK","KJFK","John F Kennedy International Airport","New York","40.63980103","-73.77890015"
"HST","KHST","Homestead ARB Airport","Homestead","25.48859978","-80.38359833"
"RAL","KRAL","Riverside Municipal Airport","Riverside","33.95190048","-117.4449997"
"FLV","KFLV","Sherman Army Air Field","Fort Leavenworth","39.3683013916","-94.9147033691"
"WAL","KWAL","Wallops Flight Facility Airport","Wallops Island","37.9402008057","-75.4664001465"
"HMN","KHMN","Holloman Air Force Base","Alamogordo","32.8525009155","-106.107002258"
"NXX","","Willow Grove Naval Air Station/Joint Reserve Base","Willow Grove","40.19979858","-75.14820099"
"CYS","KCYS","Cheyenne Regional Jerry Olson Field","Cheyenne","41.15570068","-104.8119965"
"SCK","KSCK","Stockton Metropolitan Airport","Stockton","37.894199371338","-121.2379989624"
"CHS","KCHS","Charleston Air Force Base-International Airport","Charleston","32.89860153","-80.04049683"
"RNO","KRNO","Reno Tahoe International Airport","Reno","39.49909973144531","-119.76799774169922"
"KTN","PAKT","Ketchikan International Airport","Ketchikan","55.35559845","-131.7140045"
"YIP","KYIP","Willow Run Airport","Detroit","42.23789978","-83.53040314"
"VBG","KVBG","Vandenberg Air Force Base","Lompoc","34.7373008728","-120.583999634"
"BHM","KBHM","Birmingham-Shuttlesworth International Airport","Birmingham","33.56290054","-86.75350189"
"NEL","KNEL","Lakehurst Maxfield Field Airport","Lakehurst","40.03329849","-74.353302"
"SYA","PASY","Eareckson Air Station","Shemya","52.71229935","174.1139984"
"LSV","KLSV","Nellis Air Force Base","Las Vegas","36.2361984253","-115.033996582"
"RIV","KRIV","March ARB Airport","Riverside","33.880699","-117.259003"
"MOD","KMOD","Modesto City Co-Harry Sham Field","Modesto","37.62580109","-120.9540024"
"SMF","KSMF","Sacramento International Airport","Sacramento","38.69540023803711","-121.59100341796875"
"UGN","KUGN","Waukegan National Airport","Chicago","42.422199249268","-87.867897033691"
"COS","KCOS","City of Colorado Springs Municipal Airport","Colorado Springs","38.805801","-104.700996"
"BUF","KBUF","Buffalo Niagara International Airport","Buffalo","42.94049835","-78.73220062"
"SKY","","Griffing Sandusky Airport","Sandusky","41.4333992004","-82.6522979736"
"PAE","KPAE","Snohomish County (Paine Field) Airport","Everett","47.90629959","-122.2819977"
"MUO","KMUO","Mountain Home Air Force Base","Mountain Home","43.043598","-115.872002"
"CDC","KCDC","Cedar City Regional Airport","Cedar City","37.70100021362305","-113.0989990234375"
"BDL","KBDL","Bradley International Airport","Windsor Locks","41.9388999939","-72.68319702149999"
"MFE","KMFE","Mc Allen Miller International Airport","Mcallen","26.17580032","-98.23860168"
"NGU","KNGU","Norfolk Naval Station (Chambers Field)","Norfolk","36.937599","-76.289299"
"CEF","","Westover ARB/Metropolitan Airport","Chicopee Falls","42.19400024","-72.53479767"
"LBB","KLBB","Lubbock Preston Smith International Airport","Lubbock","33.663601","-101.822998"
"ORD","KORD","Chicago O'Hare International Airport","Chicago","41.9786","-87.9048"
"BCT","KBCT","Boca Raton Airport","Boca Raton","26.3784999847","-80.1076965332"
"FAI","PAFA","Fairbanks International Airport","Fairbanks","64.81510162","-147.8560028"
"\N","","Quantico MCAF /Turner field","Quantico","38.50170135","-77.30529785"
"CVS","KCVS","Cannon Air Force Base","Clovis","34.3828010559","-103.321998596"
"NGF","PHNG","Kaneohe Bay MCAS (Marion E. Carl Field) Airport","Kaneohe Bay","21.4505004883","-157.768005371"
"OFF","KOFF","Offutt Air Force Base","Omaha","41.118301391602","-95.912498474121"
"GKN","PAGK","Gulkana Airport","Gulkana","62.1548996","-145.4570007"
"ART","KART","Watertown International Airport","Watertown","43.99190139770508","-76.02169799804688"
"PSP","KPSP","Palm Springs International Airport","Palm Springs","33.8297004699707","-116.50700378417969"
"AMA","KAMA","Rick Husband Amarillo International Airport","Amarillo","35.219398","-101.706001"
"FOD","KFOD","Fort Dodge Regional Airport","Fort Dodge","42.55149841","-94.19259644"
"BAD","KBAD","Barksdale Air Force Base","Shreveport","32.5018005371","-93.6626968384"
"FOE","KFOE","Topeka Regional Airport - Forbes Field","Topeka","38.950901031499995","-95.66359710690001"
"COT","KCOT","Cotulla-La Salle County Airport","Cotulla","28.45669937","-99.22029877"
"ILM","KILM","Wilmington International Airport","Wilmington","34.270599365234375","-77.90260314941406"
"BTR","KBTR","Baton Rouge Metropolitan Airport","Baton Rouge","30.533199","-91.149597"
"\N","","Meridian Naval Air Station","Meridian","32.55210114","-88.55560303"
"TYR","KTYR","Tyler Pounds Regional Airport","Tyler","32.35409927368164","-95.40239715576172"
"BWI","KBWI","Baltimore/Washington International Thurgood Marshall Airport","Baltimore","39.1754","-76.668297"
"HBR","KHBR","Hobart Regional Airport","Hobart","34.991317","-99.051313"
"LNY","PHNY","Lanai Airport","Lanai","20.785600662231445","-156.9510040283203"
"AEX","KAEX","Alexandria International Airport","Alexandria","31.32740020751953","-92.54979705810547"
"WSD","","Condron Army Air Field","White Sands","32.34149933","-106.4029999"
"CDB","PACD","Cold Bay Airport","Cold Bay","55.20610046386719","-162.72500610351562"
"TUL","KTUL","Tulsa International Airport","Tulsa","36.19839859008789","-95.88809967041016"
"SIT","PASI","Sitka Rocky Gutierrez Airport","Sitka","57.04710006713867","-135.36199951171875"
"ISP","KISP","Long Island Mac Arthur Airport","Islip","40.79520035","-73.10019684"
"MSP","KMSP","Minneapolis-St Paul International/Wold-Chamberlain Airport","Minneapolis","44.882","-93.221802"
"ILG","KILG","New Castle Airport","Wilmington","39.67869949","-75.60649872"
"DUT","PADU","Unalaska Airport","Unalaska","53.900100708","-166.544006348"
"MSY","KMSY","Louis Armstrong New Orleans International Airport","New Orleans","29.99340057373047","-90.25800323486328"
"PWM","KPWM","Portland International Jetport Airport","Portland","43.64619827","-70.30930328"
"OKC","KOKC","Will Rogers World Airport","Oklahoma City","35.39310073852539","-97.60070037841797"
"ALB","KALB","Albany International Airport","Albany","42.74829864501953","-73.80169677734375"
"VDZ","PAVD","Valdez Pioneer Field","Valdez","61.13389969","-146.2480011"
"LFI","KLFI","Langley Air Force Base","Hampton","37.082901001","-76.360496521"
"SNA","KSNA","John Wayne Airport-Orange County Airport","Santa Ana","33.67570114","-117.8679962"
"CBM","KCBM","Columbus Air Force Base","Colombus","33.6437988281","-88.44380187990001"
"TMB","KTMB","Kendall-Tamiami Executive Airport","Kendall-tamiami","25.6478996277","-80.432800293"
"NTU","KNTU","Oceana Naval Air Station","Oceana","36.820702","-76.033501"
"GUS","KGUS","Grissom Air Reserve Base","Peru","40.648101806599996","-86.1520996094"
"CPR","KCPR","Casper-Natrona County International Airport","Casper","42.908001","-106.463997"
"VPS","KVPS","Destin-Ft Walton Beach Airport","Valparaiso","30.4832","-86.525398"
"SEM","KSEM","Craig Field","Selma","32.343898773193","-86.987800598145"
"EYW","KEYW","Key West International Airport","Key West","24.556100845336914","-81.75959777832031"
"CLT","KCLT","Charlotte Douglas International Airport","Charlotte","35.2140007019043","-80.94309997558594"
"LAS","KLAS","McCarran International Airport","Las Vegas","36.08010101","-115.1520004"
"MCO","KMCO","Orlando International Airport","Orlando","28.429399490356445","-81.30899810791016"
"FLO","KFLO","Florence Regional Airport","Florence","34.18539810180664","-79.7238998413086"
"GTF","KGTF","Great Falls International Airport","Great Falls","47.48199844","-111.3710022"
"YNG","KYNG","Youngstown Warren Regional Airport","Youngstown","41.26070023","-80.67910004"
"FBK","PAFB","Ladd AAF Airfield","Fort Wainwright","64.83750153","-147.6139984"
"\N","","Mc Minnville Municipal Airport","Mackminnville","45.19440079","-123.1360016"
"WRB","KWRB","Robins Air Force Base","Macon","32.6400985718","-83.5919036865"
"BKK","VTBS","Suvarnabhumi Airport","Bangkok","13.681099891662598","100.74700164794922"
"NAH","WAMH","Naha Airport","Naha","3.6832098960876465","125.52799987792969"
"MXB","","Andi Jemma Airport","Masamba","-2.55803","120.323997"
"SQR","WAWS","Soroako Airport","Soroako","-2.5311999320983887","121.35800170898438"
"TTR","","Pongtiku Airport","Makale","-3.0447399616241","119.82199859619"
"KDI","WAWW","Wolter Monginsidi Airport","Kendari","-4.081610202789307","122.41799926757812"
"SBG","WITN","Maimun Saleh Airport","Sabang","5.87412977219","95.33969879150001"
"TSY","WICM","Cibeureum Airport","Tasikmalaya","-7.346600055690001","108.246002197"
"\N","","Iswahyudi Airport","Madiun","-7.615769863128662","111.43399810791016"
"MLG","WARA","Abdul Rachman Saleh Airport","Malang","-7.926559925079999","112.714996338"
"\N","","Budiarto Airport","Tangerang","-6.293171","106.57"
"BDO","WICC","Husein Sastranegara International Airport","Bandung","-6.900629997253418","107.57599639892578"
"CBN","WICD","Penggung Airport","Cirebon","-6.756140232090001","108.540000916"
"JOG","WAHH","Adi Sutjipto International Airport","Yogyakarta","-7.788179874420166","110.43199920654297"
"CXP","WAHL","Tunggul Wulung Airport","Cilacap","-7.645060062410001","109.033996582"
"PCB","WIHP","Pondok Cabe Air Base","Jakarta","-6.3369598388671875","106.76499938964844"
"SRG","WAHS","Achmad Yani Airport","Semarang","-6.97273","110.375"
"BTH","WIDD","Hang Nadim International Airport","Batam","1.12102997303","104.119003296"
"TJQ","WIKT","Buluh Tumbang (H A S Hanandjoeddin) Airport","Tanjung Pandan","-2.74571990967","107.754997253"
"PGK","WIKK","Pangkal Pinang (Depati Amir) Airport","Pangkal Pinang","-2.16219997406","106.138999939"
"TNJ","WIDN","Raja Haji Fisabilillah International Airport","Tanjung Pinang","0.922683000565","104.531997681"
"SIQ","WIDS","Dabo Airport","Singkep","-0.47918900847435","104.5790023803711"
"BDJ","WAOO","Syamsudin Noor Airport","Banjarmasin","-3.4423599243164062","114.76300048828125"
"BTW","WAOC","Batu Licin Airport","Batu Licin","-3.4124100208300003","115.995002747"
"PKN","WAGI","Iskandar Airport","Pangkalan Bun","-2.70519995689","111.672996521"
"PKY","WAGG","Tjilik Riwut Airport","Palangkaraya","-2.22513008118","113.943000793"
"MOF","WATC","Maumere(Wai Oti) Airport","Maumere","-8.64064979553","122.236999512"
"ENE","WATE","Ende (H Hasan Aroeboesman) Airport","Ende","-8.8492898941","121.661003113"
"RTG","WATG","Frans Sales Lega Airport","Ruteng","-8.5970096588135","120.47699737549"
"KOE","WATT","El Tari Airport","Kupang","-10.171600341796875","123.6709976196289"
"LBJ","WATO","Komodo Airport","Labuhan Bajo","-8.48666","119.889"
"BPN","WALL","Sultan Aji Muhamad Sulaiman Airport","Balikpapan","-1.26827001572","116.893997192"
"TRK","WAQQ","Juwata Airport","Taraken","3.326667","117.569444"
"SRI","","Temindung Airport","Samarinda","-0.484530985355","117.156997681"
"TSX","","Tanjung Santan Airport","Tanjung Santan","-0.0929730013013","117.45300293"
"AMI","","Selaparang Airport","Mataram","-8.560709953309999","116.095001221"
"BMU","WADB","Muhammad Salahuddin Airport","Bima","-8.5396499633789","118.68699645996"
"WGP","WATU","Umbu Mehang Kunda Airport","Waingapu","-9.66922","120.302002"
"SUB","WARR","Juanda International Airport","Surabaya","-7.3798298835754395","112.78700256347656"
"SOC","WAHQ","Adi Sumarmo Wiryokusumo Airport","Solo City","-7.516089916229248","110.75700378417969"
"ICN","RKSI","Incheon International Airport","Seoul","37.46910095214844","126.45099639892578"
"CNX","VTCC","Chiang Mai International Airport","Chiang Mai","18.766799926799997","98.962600708"
"CEI","VTCT","Chiang Rai International Airport","Chiang Rai","19.952299118","99.88289642330001"
"NST","VTSF","Nakhon Si Thammarat Airport","Nakhon Si Thammarat","8.539620399475098","99.9447021484375"
"NAK","VTUQ","Nakhon Ratchasima Airport","Nakhon Ratchasima","14.94950008392334","102.31300354003906"
"KOP","VTUW","Nakhon Phanom Airport","Nakhon Phanom","17.383800506591797","104.64299774169922"
"UBP","VTUU","Ubon Ratchathani Airport","Ubon Ratchathani","15.2512998581","104.870002747"
"KKC","VTUK","Khon Kaen Airport","Khon Kaen","16.466600418099997","102.783996582"
"THS","VTPO","Sukhothai Airport","Sukhothai","17.238000869750977","99.81819915771484"
"DPS","WADD","Ngurah Rai (Bali) International Airport","Denpasar","-8.7481698989868","115.16699981689"
"ATH","LGAV","Eleftherios Venizelos International Airport","Athens","37.9364013672","23.9444999695"
"NGO","RJGG","Chubu Centrair International Airport","Nagoya","34.8583984375","136.80499267578125"
"UKB","RJBE","Kobe Airport","Kobe","34.6328010559082","135.2239990234375"
"PUW","KPUW","Pullman Moscow Regional Airport","Pullman","46.7439","-117.110001"
"LWS","KLWS","Lewiston Nez Perce County Airport","Lewiston","46.3745002746582","-117.01499938964844"
"ELM","KELM","Elmira Corning Regional Airport","Elmira","42.1599006652832","-76.8916015625"
"ITH","KITH","Ithaca Tompkins Regional Airport","Ithaca","42.49100112915039","-76.4583969116211"
"MRY","KMRY","Monterey Peninsula Airport","Monterey","36.58700180053711","-121.84300231933594"
"SBA","KSBA","Santa Barbara Municipal Airport","Santa Barbara","34.42620087","-119.8399963"
"DAB","KDAB","Daytona Beach International Airport","Daytona Beach","29.179899","-81.058098"
"LPX","EVLA","Liepāja International Airport","Liepaja","56.51750183105469","21.096900939941406"
"RIX","EVRA","Riga International Airport","Riga","56.92359924316406","23.971099853515625"
"SQQ","EYSA","Šiauliai International Airport","Siauliai","55.89390182495117","23.395000457763672"
"HLJ","","Barysiai Airport","Barysiai","56.07059860229492","23.5580997467041"
"KUN","EYKA","Kaunas International Airport","Kaunas","54.96390151977539","24.084800720214844"
"\N","","S. Darius and S. Girėnas Airfield","Kaunas","54.879799","23.8815"
"PLQ","EYPA","Palanga International Airport","Palanga","55.973201751708984","21.093900680541992"
"VNO","EYVI","Vilnius International Airport","Vilnius","54.634102","25.285801"
"PNV","EYPP","Panevėžys Air Base","Panevezys","55.729400634765625","24.460800170898438"
"\N","","Erebuni Airport","Yerevan","40.122100830099996","44.465000152600005"
"\N","","Stepanavan Airport","Stepanavan","41.048500061","44.337200164799995"
"EVN","UDYZ","Zvartnots International Airport","Yerevan","40.1473007202","44.3959007263"
"LWN","UDSG","Gyumri Shirak Airport","Gyumri","40.7504005432","43.859298706100006"
"ASA","HHSB","Assab International Airport","Assab","13.071800231933594","42.64500045776367"
"ASM","HHAS","Asmara International Airport","Asmara","15.291899681091309","38.910701751708984"
"MSW","HHMS","Massawa International Airport","Massawa","15.670000076293945","39.37009811401367"
"GZA","","Yasser Arafat International Airport","Gaza","31.24640083313","34.276100158691"
"BUS","UGSB","Batumi International Airport","Batumi","41.6102981567","41.5997009277"
"KUT","UGKO","Kopitnari Airport","Kutaisi","42.176700592","42.4826011658"
"TBS","UGTB","Tbilisi International Airport","Tbilisi","41.6692008972","44.95470047"
"RIY","OYRN","Mukalla International Airport","Mukalla","14.662599563598633","49.375"
"TAI","OYTZ","Ta'izz International Airport","Taiz","13.6859998703","44.139099121099996"
"HOD","","Hodeidah International Airport","Hodeidah","14.753000259399414","42.97629928588867"
"ADE","OYAA","Aden International Airport","Aden","12.829500198364258","45.02880096435547"
"AXK","OYAT","Ataq Airport","Ataq","14.551300048828125","46.82619857788086"
"AAY","OYGD","Al Ghaidah International Airport","Al Ghaidah Intl","16.191699981689453","52.17499923706055"
"SAH","OYSN","Sana'a International Airport","Sanaa","15.476300239562988","44.21969985961914"
"BHN","OYBN","Beihan Airport","Beihan","14.781999588012695","45.72010040283203"
"SCT","OYSQ","Socotra International Airport","Socotra","12.63070011138916","53.905799865722656"
"\N","","Al Badie Airport","Al Badie","18.71929931640625","50.83689880371094"
"FMM","EDJA","Memmingen Allgau Airport","Memmingen","47.988800048799995","10.2395000458"
"NAV","LTAZ","Nevşehir Kapadokya Airport","Nevsehir","38.7719","34.5345"
"EZE","SAEZ","Ministro Pistarini International Airport","Buenos Aires","-34.8222","-58.5358"
"EBL","ORER","Erbil International Airport","Erbil","36.23759841918945","43.963199615478516"
"EMD","YEML","Emerald Airport","Emerald","-23.5674991608","148.179000854"
"HEW","","Athen Helenikon Airport","Athens","37.893299","23.726101"
"KIX","RJBB","Kansai International Airport","Osaka","34.42729949951172","135.24400329589844"
"JRB","","Downtown-Manhattan/Wall St Heliport","New York","40.70119858","-74.00900269"
"TAG","RPSP","Tagbilaran Airport","Tagbilaran","9.665442","123.853533"
"JAV","BGJN","Ilulissat Airport","Ilulissat","69.2432022095","-51.0570983887"
"JCH","BGCH","Qasigiannguit Heliport","Qasigiannguit","68.822815547","-51.1734473705"
"JEG","BGAA","Aasiaat Airport","Aasiaat","68.7218017578","-52.7846984863"
"PMI","LEPA","Palma De Mallorca Airport","Palma de Mallorca","39.551700592","2.73881006241"
"DRW","YPDN","Darwin International Airport","Darwin","-12.41469955444336","130.8769989013672"
"URT","VTSB","Surat Thani Airport","Surat Thani","9.13259983063","99.135597229"
"TKA","PATK","Talkeetna Airport","Talkeetna","62.320499420166","-150.09399414062"
"GZM","LMMG","Xewkija Heliport","Gozo","36.027199","14.2728"
"HVN","KHVN","Tweed New Haven Airport","New Haven","41.26369858","-72.88680267"
"AVL","KAVL","Asheville Regional Airport","Asheville","35.43619918823242","-82.54180145263672"
"GSO","KGSO","Piedmont Triad International Airport","Greensboro","36.097801208496094","-79.93730163574219"
"FSD","KFSD","Joe Foss Field Airport","Sioux Falls","43.582000732400004","-96.741897583"
"AYQ","YAYE","Ayers Rock Connellan Airport","Uluru","-25.1861","130.975998"
"MHT","KMHT","Manchester-Boston Regional Airport","Manchester NH","42.932598","-71.435699"
"APF","KAPF","Naples Municipal Airport","Naples","26.1525993347","-81.7752990723"
"RDN","WMPR","LTS Pulau Redang Airport","Redang","5.765279769897461","103.00700378417969"
"SDF","KSDF","Louisville International Standiford Field","Louisville","38.1744","-85.736"
"CHO","KCHO","Charlottesville Albemarle Airport","Charlottesville VA","38.13859939575195","-78.4529037475586"
"ROA","KROA","Roanoke–Blacksburg Regional Airport","Roanoke VA","37.3255","-79.975403"
"LEX","KLEX","Blue Grass Airport","Lexington KY","38.0364990234375","-84.60590362548828"
"EVV","KEVV","Evansville Regional Airport","Evansville","38.0369987488","-87.5324020386"
"ABQ","KABQ","Albuquerque International Sunport","Albuquerque","35.040199","-106.609001"
"BZN","KBZN","Gallatin Field","Bozeman","45.77750015","-111.1529999"
"BIL","KBIL","Billings Logan International Airport","Billings","45.807701110839844","-108.54299926757812"
"BTM","KBTM","Bert Mooney Airport","Butte","45.95479965209961","-112.49700164794922"
"TVC","KTVC","Cherry Capital Airport","Traverse City","44.74140167236328","-85.58219909667969"
"FRS","","Mundo Maya International Airport","Flores","16.913799285899998","-89.86640167239999"
"BHB","KBHB","Hancock County-Bar Harbor Airport","Bar Harbor","44.45000076","-68.3615036"
"RKD","KRKD","Knox County Regional Airport","Rockland","44.06010056","-69.09919739"
"JAC","KJAC","Jackson Hole Airport","Jacksn Hole","43.6072998046875","-110.73799896240234"
"RFD","KRFD","Chicago Rockford International Airport","Rockford","42.19540023803711","-89.09719848632812"
"DME","UUDD","Domodedovo International Airport","Moscow","55.40879821777344","37.90629959106445"
"SYX","ZJSY","Sanya Phoenix International Airport","Sanya","18.302900314331055","109.41200256347656"
"MFN","NZMF","Milford Sound Airport","Milford Sound","-44.673301696777344","167.92300415039062"
"LJG","ZPLJ","Lijiang Airport","Lijiang","26.6800003052","100.246002197"
"GSP","KGSP","Greenville Spartanburg International Airport","Greenville","34.8956985474","-82.2189025879"
"BMI","KBMI","Central Illinois Regional Airport at Bloomington-Normal","Bloomington","40.47710037","-88.91590118"
"GPT","KGPT","Gulfport Biloxi International Airport","Gulfport","30.40730094909668","-89.07009887695312"
"AZO","KAZO","Kalamazoo Battle Creek International Airport","Kalamazoo","42.234901428222656","-85.5521011352539"
"TOL","KTOL","Toledo Express Airport","Toledo","41.58679962","-83.80780029"
"FWA","KFWA","Fort Wayne International Airport","Fort Wayne","40.97850037","-85.19509888"
"DEC","KDEC","Decatur Airport","Decatur","39.834598541259766","-88.8656997680664"
"CID","KCID","The Eastern Iowa Airport","Cedar Rapids","41.884700775146484","-91.71080017089844"
"LSE","KLSE","La Crosse Municipal Airport","La Crosse","43.879002","-91.256699"
"CWA","KCWA","Central Wisconsin Airport","Wassau","44.7775993347","-89.6668014526"
"PIA","KPIA","General Wayne A. Downing Peoria International Airport","Peoria","40.664199829100006","-89.6932983398"
"ATW","KATW","Appleton International Airport","Appleton","44.258098602299995","-88.5190963745"
"RST","KRST","Rochester International Airport","Rochester","43.90829849243164","-92.5"
"CMI","KCMI","University of Illinois Willard Airport","Champaign","40.03919983","-88.27809906"
"MHK","KMHK","Manhattan Regional Airport","Manhattan","39.14099884033203","-96.6707992553711"
"KGC","YKSC","Kingscote Airport","Kingscote","-35.71390151977539","137.52099609375"
"HVB","YHBA","Hervey Bay Airport","Hervey Bay","-25.3188991547","152.880004883"
"DLU","ZPDL","Dali Airport","Dali","25.649401","100.319"
"MZV","WBMU","Mulu Airport","Mulu","4.048329830169678","114.80500030517578"
"SSH","HESH","Sharm El Sheikh International Airport","Sharm El Sheikh","27.9773006439","34.3950004578"
"FKL","KFKL","Venango Regional Airport","Franklin","41.3778991699","-79.8603973389"
"NBO","HKJK","Jomo Kenyatta International Airport","Nairobi","-1.31923997402","36.9277992249"
"SEU","HTSN","Seronera Airport","Seronera","-2.45806","34.822498"
"FTE","","El Calafate Airport","El Calafate","-50.2803","-72.053101"
"ARM","YARM","Armidale Airport","Armidale","-30.528099060099997","151.617004395"
"GJT","KGJT","Grand Junction Regional Airport","Grand Junction","39.1223983765","-108.527000427"
"SGU","KSGU","St George Municipal Airport","Saint George","37.036389","-113.510306"
"DWH","KDWH","David Wayne Hooks Memorial Airport","Houston","30.0618000031","-95.55280303960001"
"\N","","Port O'Connor Private Heliport","Port O\'Connor","28.429725","-96.444419"
"SRQ","KSRQ","Sarasota Bradenton International Airport","Sarasota","27.39539909362793","-82.55439758300781"
"BDA","TXKF","L.F. Wade International International Airport","Bermuda","32.36399841308594","-64.67870330810547"
"VNY","KVNY","Van Nuys Airport","Van Nuys","34.209800720215","-118.48999786377"
"MLI","KMLI","Quad City International Airport","Moline","41.44850158691406","-90.50749969482422"
"PFN","","Panama City-Bay Co International Airport","Panama City","30.212099","-85.6828"
"HIR","AGGH","Honiara International Airport","Honiara","-9.4280004501343","160.05499267578"
"PPT","NTAA","Faa'a International Airport","Papeete","-17.553699","-149.606995"
"INU","ANYN","Nauru International Airport","Nauru","-0.547458","166.919006"
"FUN","NGFU","Funafuti International Airport","Funafuti","-8.525","179.195999"
"OVB","UNNT","Tolmachevo Airport","Novosibirsk","55.012599945068","82.650703430176"
"\N","","Samsø Airport","Samsoe","55.88949966430664","10.613699913024902"
"XKH","VLXK","Xieng Khouang Airport","Phon Savan","19.450001","103.157997"
"BIS","KBIS","Bismarck Municipal Airport","Bismarck","46.772701263427734","-100.74600219726562"
"TEX","KTEX","Telluride Regional Airport","Telluride","37.9538002","-107.9079971"
"\N","","Yinchuan Airport","Yinchuan","38.481899","106.009003"
"HGN","VTCH","Mae Hong Son Airport","Mae Hong Son","19.301300048828125","97.97579956054688"
"RAP","KRAP","Rapid City Regional Airport","Rapid City","44.0452995300293","-103.05699920654297"
"CLD","KCRQ","Mc Clellan-Palomar Airport","Carlsbad","33.12829971","-117.2799988"
"FNT","KFNT","Bishop International Airport","Flint","42.96540069580078","-83.74359893798828"
"DVO","RPMD","Francisco Bangoy International Airport","Davao","7.1255202293396","125.64600372314453"
"FNC","LPMA","Madeira Airport","Funchal","32.697899","-16.7745"
"STM","SBSN","Maestro Wilson Fonseca Airport","Santarem","-2.4247219562530518","-54.785831451416016"
"KOS","VDSV","Sihanoukville International Airport","Sihanoukville","10.57970047","103.637001038"
"YOA","CYOA","Ekati Airport","Ekati","64.6988983154","-110.614997864"
"NPE","NZNR","Hawke's Bay Airport","NAPIER","-39.465801","176.869995"
"LEV","NFNB","Levuka Airfield","Levuka","-17.7110996246","178.759002686"
"LXA","ZULS","Lhasa Gonggar Airport","Lhasa","29.2978000641","90.91190338130001"
"RDD","KRDD","Redding Municipal Airport","Redding","40.50899887","-122.2929993"
"EUG","KEUG","Mahlon Sweet Field","Eugene","44.12459945678711","-123.21199798583984"
"IDA","KIDA","Idaho Falls Regional Airport","Idaho Falls","43.514599","-112.070999"
"MFR","KMFR","Rogue Valley International Medford Airport","Medford","42.37419891357422","-122.87300109863281"
"KBZ","NZKI","Kaikoura Airport","Kaikoura","-42.42499923706055","173.60499572753906"
"RDM","KRDM","Roberts Field","Redmond-Bend","44.2541008","-121.1500015"
"PCN","NZPN","Picton Aerodrome","Picton","-41.346099853516","173.95599365234"
"WDH","FYWH","Hosea Kutako International Airport","Windhoek","-22.4799","17.4709"
"YWH","CYWH","Victoria Harbour Seaplane Base","Victoria","48.4249858939","-123.388867378"
"\N","","Coal Harbour Seaplane Base","Vancouver","50.5999984741","-127.583000183"
"TNA","ZSJN","Yaoqiang Airport","Jinan","36.857200622558594","117.21600341796875"
"CZX","ZSCG","Changzhou Benniu Airport","Changzhou","31.919701","119.778999"
"YBP","ZUYB","Yibin Caiba Airport","Yibin","28.8005555556","104.545"
"TJM","USTR","Roshchino International Airport","Tyumen","57.189601898199996","65.3243026733"
"CAK","KCAK","Akron Canton Regional Airport","Akron","40.916099548339844","-81.44219970703125"
"HSV","KHSV","Huntsville International Carl T Jones Field","Huntsville","34.637199401855","-86.775100708008"
"PKB","KPKB","Mid Ohio Valley Regional Airport","PARKERSBURG","39.34510040283203","-81.43920135498047"
"MGM","KMGM","Montgomery Regional (Dannelly Field) Airport","MONTGOMERY","32.30059814","-86.39399719"
"TRI","KTRI","Tri-Cities Regional TN/VA Airport","BRISTOL","36.475201","-82.407401"
"PAH","KPAH","Barkley Regional Airport","PADUCAH","37.06079864501953","-88.7738037109375"
"JIB","HDAM","Djibouti-Ambouli Airport","Djibouti","11.547300338745117","43.15950012207031"
"HAK","ZJHK","Haikou Meilan International Airport","Haikou","19.934900283813477","110.45899963378906"
"MFA","HTMA","Mafia Island Airport","Mafia Island","-7.917478","39.668502"
"PGA","KPGA","Page Municipal Airport","Page","36.92610168","-111.447998"
"UII","MHUT","Utila Airport","Utila","16.1131","-86.880302"
"FCA","KGPI","Glacier Park International Airport","Kalispell","48.31050109863281","-114.25599670410156"
"MBS","KMBS","MBS International Airport","Saginaw","43.532901763916016","-84.07959747314453"
"BGM","KBGM","Greater Binghamton/Edwin A Link field","Binghamton","42.20869827","-75.97979736"
"BGW","ORBI","Baghdad International Airport","Baghdad","33.262500762900004","44.2346000671"
"NNT","VTCN","Nan Airport","Nan","18.807899475097656","100.78299713134766"
"ROI","VTUV","Roi Et Airport","Roi Et","16.11680030822754","103.77400207519531"
"BFV","VTUO","Buri Ram Airport","Buri Ram","15.229499816894531","103.25299835205078"
"TDX","VTBO","Trat Airport","Trat","12.274600029","102.319000244"
"BLH","KBLH","Blythe Airport","Blythe","33.6192016602","-114.717002869"
"IQA","ORAA","Al Asad Air Base","Al Asad","33.7855987549","42.4412002563"
"TQD","ORAT","Al Taqaddum Air Base","Al Taqaddum","33.33810043335","43.597099304199"
"XQC","","Joint Base Balad","Al Bakr","33.940200805699995","44.361598968500005"
"CRK","RPLC","Diosdado Macapagal International Airport","Angeles City","15.186","120.559998"
"SDK","WBKS","Sandakan Airport","Sandakan","5.900899887084961","118.05899810791016"
"LXG","VLLN","Luang Namtha Airport","Luang Namtha","20.966999","101.400002"
"ODY","VLOS","Oudomsay Airport","Muang Xay","20.68269920349121","101.99400329589844"
"SHE","ZYTX","Taoxian Airport","Shenyang","41.639801025390625","123.48300170898438"
"DOY","ZSDY","Dongying Shengli Airport","Dongying","37.5085983276","118.788002014"
"MNI","TRPG","John A. Osborne Airport","Geralds","16.791400909423828","-62.19329833984375"
"PSG","PAPG","Petersburg James A Johnson Airport","Petersburg","56.80170059","-132.9450073"
"LYA","ZHLY","Luoyang Airport","Luoyang","34.741100311299995","112.388000488"
"XUZ","ZSXZ","Xuzhou Guanyin Airport","Xuzhou","34.059056","117.555278"
"MWQ","VYMW","Magway Airport","Magwe","20.1656","94.941399"
"KHM","VYKI","Kanti Airport","Khamti","25.988300323486328","95.67440032958984"
"DLI","VVDL","Lien Khuong Airport","Dalat","11.75","108.366997"
"VDH","VVDH","Dong Hoi Airport","Dong Hoi","17.515","106.590556"
"VKG","VVRG","Rach Gia Airport","Rach Gia","9.95802997234","105.132379532"
"CAH","VVCM","Cà Mau Airport","Ca Mau","9.177667","105.177778"
"VCL","VVCA","Chu Lai International Airport","Chu Lai","15.403300285299999","108.706001282"
"TBB","VVTH","Dong Tac Airport","Tuy Hoa","13.049599647500001","109.333999634"
"PYY","","Mae Hong Son Airport","Pai","19.3719997406","98.43699646"
"BWK","LDSB","Bol Airport","Brac","43.285701751708984","16.67970085144043"
"NSI","FKYS","Yaoundé Nsimalen International Airport","Yaounde","3.722559928894043","11.553299903869629"
"CKY","GUCY","Conakry International Airport","Conakry","9.57689","-13.612"
"AAH","EDKA","Aachen-Merzbrück Airport","Aachen","50.823055267333984","6.186388969421387"
"FKB","EDSB","Karlsruhe Baden-Baden Airport","Karlsruhe/Baden-Baden","48.7793998718","8.08049964905"
"SFB","KSFB","Orlando Sanford International Airport","Sanford","28.777599334716797","-81.23750305175781"
"JST","KJST","John Murtha Johnstown Cambria County Airport","Johnstown","40.31610107421875","-78.83390045166016"
"LUA","VNLK","Lukla Airport","Lukla","27.686899185180664","86.72969818115234"
"BHP","VNBJ","Bhojpur Airport","Bhojpur","27.14739990234375","87.05079650878906"
"LDN","VNLD","Lamidanda Airport","Lamidanda","27.25309944152832","86.66999816894531"
"JMO","VNJS","Jomsom Airport","Jomsom","28.780426","83.723"
"NGX","VNMA","Manang Airport","Manang","28.641399","84.089203"
"PPL","VNPL","Phaplu Airport","Phaplu","27.517787","86.584454"
"RUM","VNRT","Rumjatar Airport","Rumjatar","27.303499221801758","86.55039978027344"
"DNP","VNDG","Tulsipur Airport","Dang","28.111099243164062","82.29419708251953"
"RUK","","Rukum Chaurjahari Airport","Rukumkot","28.627001","82.195"
"JUM","VNJL","Jumla Airport","Jumla","29.2742","82.193298"
"TPJ","VNTJ","Taplejung Airport","Taplejung","27.3509","87.69525"
"TMI","VNTR","Tumling Tar Airport","Tumling Tar","27.315001","87.193298"
"SKH","VNSK","Surkhet Airport","Surkhet","28.586","81.636002"
"IMK","VNST","Simikot Airport","Simikot","29.971099853515625","81.81890106201172"
"DOP","VNDP","Dolpa Airport","Dolpa","28.985700607299805","82.81909942626953"
"BJH","VNBG","Bajhang Airport","Bajhang","29.538999557495117","81.1854019165039"
"DHI","VNDH","Dhangarhi Airport","Dhangarhi","28.753299713134766","80.58190155029297"
"MWX","RKJB","Muan International Airport","Muan","34.991406","126.382814"
"JTY","LGPL","Astypalaia Airport","Astypalaia","36.5798988342","26.3757991791"
"JIK","LGIK","Ikaria Airport","Ikaria","37.6827011108","26.3470993042"
"JKL","LGKY","Kalymnos Airport","Kalymnos","36.9632987976","26.9405994415"
"MLO","LGML","Milos Airport","Milos","36.696899","24.4769"
"JNX","LGNX","Naxos Airport","Cyclades Islands","37.0811004639","25.3680992126"
"PAS","LGPA","Paros National Airport","Paros","37.020495","25.113195"
"KZS","LGKJ","Kastelorizo Airport","Kastelorizo","36.1417007446","29.576400756799995"
"RMF","HEMA","Marsa Alam International Airport","Marsa Alam","25.557100296","34.5836982727"
"NRN","EDLV","Weeze Airport","Weeze","51.6024017334","6.14216995239"
"USU","RPVV","Francisco B. Reyes Airport","Busuanga","12.1215000153","120.099998474"
"BXU","RPME","Bancasi Airport","Butuan","8.9515","125.4788"
"DPL","RPMG","Dipolog Airport","Dipolog","8.60198349877","123.341875076"
"LAO","RPLI","Laoag International Airport","Laoag","18.1781005859375","120.53199768066406"
"LGP","","Legazpi City International Airport","Legazpi","13.1575","123.735"
"OZC","RPMO","Labo Airport","Ozamis","8.178509712219238","123.84200286865234"
"CEB","RPVM","Mactan Cebu International Airport","Cebu","10.307499885559","123.97899627686"
"NOD","EDWS","Norden-Norddeich Airport","Norden","53.633056640599996","7.19027805328"
"JUI","EDWJ","Juist Airport","Juist","53.68111038208008","7.055832862854004"
"BPS","SBPS","Porto Seguro Airport","Porto Seguro","-16.438601","-39.080898"
"QIG","","Iguatu Airport","Iguatu","-6.346640110015869","-39.293800354003906"
"PMW","SBPJ","Brigadeiro Lysias Rodrigues Airport","Palmas","-10.291500091600001","-48.35699844359999"
"CLV","SBCN","Nelson Ribeiro Guimarães Airport","Caldas Novas","-17.725299835205","-48.607498168945"
"MSO","KMSO","Missoula International Airport","Missoula","46.91630173","-114.0910034"
"BKQ","YBCK","Blackall Airport","Blackall","-24.427799224900003","145.429000854"
"BDB","YBUD","Bundaberg Airport","Bundaberg","-24.903900146499996","152.319000244"
"GCN","KGCN","Grand Canyon National Park Airport","Grand Canyon","35.95240020751953","-112.14700317382812"
"SGR","KSGR","Sugar Land Regional Airport","Sugar Land","29.622299194336","-95.65650177002"
"\N","","Hayman Island Heliport","Hayman Island","-20.0599","148.8834"
"APA","KAPA","Centennial Airport","Denver","39.57009888","-104.848999"
"CVN","KCVN","Clovis Municipal Airport","Clovis","34.4250984192","-103.07900238"
"FST","KFST","Fort Stockton Pecos County Airport","Fort Stockton","30.9157009125","-102.916000366"
"LVS","KLVS","Las Vegas Municipal Airport","Las Vegas","35.6542015076","-105.141998291"
"IWS","KIWS","West Houston Airport","Houston","29.818199157699997","-95.67259979250001"
"\N","","La Junta Municipal Airport","La Junta","38.04970169","-103.5090027"
"LRU","KLRU","Las Cruces International Airport","Las Cruces","32.289398193359375","-106.9219970703125"
"BKD","KBKD","Stephens County Airport","Breckenridge","32.71900177","-98.89099884030001"
"TPL","KTPL","Draughon Miller Central Texas Regional Airport","Temple","31.15250015258789","-97.40779876708984"
"OZA","KOZA","Ozona Municipal Airport","Ozona","30.735300064087","-101.20300292969"
"KDM","VRMT","Kaadedhdhoo Airport","Kaadedhdhoo","0.48813098669052124","72.99690246582031"
"LAK","CYKD","Aklavik/Freddie Carmichael Airport","Aklavik","68.223297","-135.00599"
"YWJ","CYWJ","Déline Airport","Deline","65.21109771728516","-123.43599700927734"
"ZFN","CZFN","Tulita Airport","Tulita","64.909697","-125.572998"
"YGH","CYGH","Fort Good Hope Airport","Fort Good Hope","66.24079895019531","-128.6510009765625"
"TAH","NVVW","Tanna Airport","Tanna","-19.45509910583496","169.2239990234375"
"YPC","CYPC","Paulatuk (Nora Aliqatchialuk Ruben) Airport","Paulatuk","69.3608381154","-124.075469971"
"SRZ","SLET","El Trompillo Airport","Santa Cruz","-17.8115997314","-63.1715011597"
"SAB","TNCS","Juancho E. Yrausquin Airport","Saba","17.645000457763672","-63.220001220703125"
"EGE","KEGE","Eagle County Regional Airport","Vail","39.64260101","-106.9179993"
"SKN","ENSK","Stokmarknes Skagen Airport","Stokmarknes","68.578826904297","15.033416748047"
"CGF","KCGF","Cuyahoga County Airport","Richmond Heights","41.5651016235","-81.4863967896"
"MFD","KMFD","Mansfield Lahm Regional Airport","Mansfield","40.82139968869999","-82.5166015625"
"CSG","KCSG","Columbus Metropolitan Airport","Columbus","32.516300201416016","-84.93890380859375"
"LAW","KLAW","Lawton Fort Sill Regional Airport","Lawton","34.5676994324","-98.4166030884"
"FNL","KFNL","Northern Colorado Regional Airport","Fort Collins","40.451804","-105.011"
"FLG","KFLG","Flagstaff Pulliam Airport","Flagstaff","35.13850021","-111.6709976"
"TVL","KTVL","Lake Tahoe Airport","South Lake Tahoe","38.89390182495117","-119.99500274658203"
"TWF","KTWF","Joslin Field Magic Valley Regional Airport","Twin Falls","42.4818","-114.487999"
"MVY","KMVY","Martha's Vineyard Airport","Vineyard Haven MA","41.3931007385","-70.6143035889"
"CON","KCON","Concord Municipal Airport","Concord NH","43.20270157","-71.50229645"
"GON","KGON","Groton New London Airport","Groton CT","41.330101013183594","-72.04509735107422"
"STC","KSTC","St Cloud Regional Airport","Saint Cloud","45.546600341796875","-94.05989837646484"
"BPE","ZBDH","Qinhuangdao Beidaihe Airport","Bagan","39.666389","119.058889"
"GTR","KGTR","Golden Triangle Regional Airport","Columbus Mississippi","33.450298309299995","-88.5914001465"
"GOJ","UWGG","Nizhny Novgorod Strigino International Airport","Nizhniy Novgorod","56.230098724365","43.784000396729"
"HQM","KHQM","Bowerman Airport","Hoquiam","46.971199035599994","-123.93699646"
"ERI","KERI","Erie International Tom Ridge Field","Erie","42.0831270134","-80.1738667488"
"HYA","KHYA","Barnstable Municipal Boardman Polando Field","Barnstable","41.66930008","-70.28040314"
"SPR","","San Pedro Airport","San Pedro","17.9139","-87.9711"
"SDX","KSEZ","Sedona Airport","Sedona","34.848598480225","-111.78800201416"
"MGW","KMGW","Morgantown Municipal Walter L. Bill Hart Field","Morgantown","39.64289856","-79.91629791"
"CRW","KCRW","Yeager Airport","Charleston","38.37310028076172","-81.59320068359375"
"AVP","KAVP","Wilkes Barre Scranton International Airport","Scranton","41.338500976599995","-75.72339630130001"
"BJI","KBJI","Bemidji Regional Airport","Bemidji","47.50939941","-94.93370056"
"THG","YTNG","Thangool Airport","Biloela","-24.493900299072266","150.5760040283203"
"FGI","NSFI","Fagali'i Airport","Apia","-13.848699569699999","-171.740005493"
"BNK","YBNA","Ballina Byron Gateway Airport","Ballina Byron Bay","-28.8339004517","153.56199646"
"FAR","KFAR","Hector International Airport","Fargo","46.92070007324219","-96.81580352783203"
"MKC","KMKC","Charles B. Wheeler Downtown Airport","Kansas City","39.123199462890625","-94.5927963256836"
"RBE","VDRK","Ratanakiri Airport","Ratanakiri","13.729999542236328","106.98699951171875"
"GCC","KGCC","Gillette Campbell County Airport","Gillette","44.348899841299996","-105.539001465"
"TOF","UNTT","Bogashevo Airport","Tomsk","56.380298614502","85.208297729492"
"NZJ","","El Toro Marine Corps Air Station","Santa Ana","33.67610168457031","-117.73100280761719"
"PHY","VTPB","Phetchabun Airport","Phetchabun","16.6760005951","101.194999695"
"CJM","VTSE","Chumphon Airport","Chumphon","10.711199760437012","99.36170196533203"
"JZH","ZUJZ","Jiuzhai Huanglong Airport","Jiuzhaigou","32.8533333333","103.682222222"
"SWA","ZGOW","Jieyang Chaoshan International Airport","Shantou","23.552","116.5033"
"\N","","Enghien Moisselles Airfield","Enghien-moisselles","49.046398","2.35306"
"GEO","SYCJ","Cheddi Jagan International Airport","Georgetown","6.498549938201904","-58.25410079956055"
"AGT","SGES","Guarani International Airport","Ciudad del Este","-25.454516","-54.842682"
"OGL","SYEC","Eugene F. Correira International Airport","Georgetown","6.80628","-58.1059"
"KAI","SYKA","Kaieteur International Airport","Kaieteur","5.17275476456","-59.491481781"
"DNH","ZLDH","Dunhuang Airport","Dunhuang","40.16109848022461","94.80919647216797"
"AOI","LIPY","Ancona Falconara Airport","Ancona","43.616299","13.3623"
"\N","","Chamonate Airport","Copiapo","-27.2968997955","-70.4131011963"
"TCP","HETB","Taba International Airport","Taba","29.587799072299998","34.7780990601"
"LYB","MWCL","Edward Bodden Airfield","Little Cayman","19.660161","-80.088826"
"BJV","LTFE","Milas Bodrum International Airport","Bodrum","37.25059890749999","27.6643009186"
"TBJ","DTKA","Tabarka 7 Novembre Airport","Tabarka","36.97999954223633","8.87693977355957"
"SAW","LTFJ","Sabiha Gökçen International Airport","Istanbul","40.898601532","29.3092002869"
"SCE","KUNV","University Park Airport","State College Pennsylvania","40.8493003845","-77.84870147710001"
"BME","YBRM","Broome International Airport","Broome","-17.944700241088867","122.23200225830078"
"NTL","YWLM","Newcastle Airport","Newcastle","-32.79499816894531","151.83399963378906"
"\N","","Bakki Airport","Bakki","63.55609893798828","-20.137500762939453"
"KLU","LOWK","Klagenfurt Airport","Klagenfurt","46.642502","14.3377"
"HFT","ENHF","Hammerfest Airport","Hammerfest","70.679702758789","23.668600082397"
"HVG","ENHV","Valan Airport","Honningsvag","71.009696960449","25.983600616455"
"MEH","ENMH","Mehamn Airport","Mehamn","71.02970123291","27.826700210571"
"VDS","ENVD","Vadsø Airport","Vadsø","70.065299987793","29.844699859619"
"IKA","OIIE","Imam Khomeini International Airport","Tehran","35.416099548339844","51.152198791503906"
"MHD","OIMM","Mashhad International Airport","Mashhad","36.235198974609375","59.64099884033203"
"UIK","","Ust-Ilimsk Airport","Ust Ilimsk","58.13610076904297","102.56500244140625"
"MEI","KMEI","Key Field","Meridian","32.33259963989258","-88.75189971923828"
"SPI","KSPI","Abraham Lincoln Capital Airport","Springfield","39.84410095","-89.67790222"
"CEZ","KCEZ","Cortez Municipal Airport","Cortez","37.3030014038","-108.627998352"
"HDN","KHDN","Yampa Valley Airport","Hayden","40.48120117","-107.2180023"
"GUP","KGUP","Gallup Municipal Airport","Gallup","35.511100769","-108.789001465"
"LBL","KLBL","Liberal Mid-America Regional Airport","Liberal","37.0442009","-100.9599991"
"LAA","KLAA","Lamar Municipal Airport","Lamar","38.069698333699996","-102.68800354"
"GLD","KGLD","Renner Field-Goodland Municipal Airport","Goodland","39.37060165","-101.6989975"
"COD","KCOD","Yellowstone Regional Airport","Cody","44.520198822","-109.024002075"
"HOV","ENOV","Ørsta-Volda Airport, Hovden","Orsta-Volda","62.180000305176","6.0741000175476"
"ISC","EGHE","St. Mary's Airport","ST MARY\'S","49.913299560546875","-6.291669845581055"
"SGF","KSGF","Springfield Branson National Airport","Springfield","37.24570084","-93.38860321"
"NVK","","Narvik Framnes Airport","Narvik","68.436897277832","17.386699676514"
"BVG","ENBV","Berlevåg Airport","Berlevag","70.871399","29.034201"
"FBU","","Oslo, Fornebu Airport","Oslo","59.89580154418945","10.617199897766113"
"NSK","UOOO","Norilsk-Alykel Airport","Norilsk","69.31109619140625","87.33219909667969"
"AAQ","URKA","Anapa Vityazevo Airport","Anapa","45.002101898193","37.347301483154"
"JLN","KJLN","Joplin Regional Airport","Joplin","37.151798248291016","-94.49829864501953"
"ABE","KABE","Lehigh Valley International Airport","Allentown","40.652099609375","-75.44080352783203"
"XNA","KXNA","Northwest Arkansas Regional Airport","Bentonville","36.281898","-94.306801"
"GUW","UATG","Atyrau Airport","Atyrau","47.12189865112305","51.8213996887207"
"KZO","UAOO","Kzyl-Orda Southwest Airport","Kzyl-Orda","44.706902","65.592499"
"SBN","KSBN","South Bend Regional Airport","South Bend","41.70869827270508","-86.31729888916016"
"BKA","","Bykovo Airport","Moscow","55.6171989441","38.0600013733"
"ARH","ULAA","Talagi Airport","Arkhangelsk","64.60030364990234","40.71670150756836"
"RTW","","Saratov Central Airport","Saratov","51.564998626708984","46.04669952392578"
"NUX","USMU","Novy Urengoy Airport","Novy Urengoy","66.06939697265625","76.52030181884766"
"NOJ","USRO","Noyabrsk Airport","Noyabrsk","63.18330001831055","75.2699966430664"
"SCO","UATE","Aktau Airport","Aktau","43.8601","51.091999"
"UCT","UUYH","Ukhta Airport","Ukhta","63.566898345947266","53.8046989440918"
"USK","UUYS","Usinsk Airport","Usinsk","66.00469970703125","57.3671989440918"
"PEX","UUYP","Pechora Airport","Pechora","65.12110137939453","57.13079833984375"
"NNM","ULAM","Naryan Mar Airport","Naryan-Mar","67.63999938964844","53.12189865112305"
"PKV","ULOO","Pskov Airport","Pskov","57.78390121459961","28.395599365234375"
"KGP","USRK","Kogalym International Airport","Kogalym","62.190399169921875","74.53379821777344"
"KJA","UNKL","Yemelyanovo Airport","Krasnoyarsk","56.172901","92.493301"
"KGF","UAKK","Sary-Arka Airport","Karaganda","49.670799255371094","73.33439636230469"
"\N","","Novosibirsk North Airport","Novosibirsk","55.09170150756836","82.90670013427734"
"URJ","USHU","Uray Airport","Uraj","60.10329818725586","64.82669830322266"
"IWA","UUBI","Ivanovo South Airport","Ivanovo","56.93939971923828","40.940799713134766"
"CGQ","ZYCC","Longjia Airport","Changchun","43.9962005615","125.684997559"
"KIJ","RJSN","Niigata Airport","Niigata","37.9558982849","139.121002197"
"JON","","Johnston Atoll Airport","Johnston Island","16.7285995483","-169.533996582"
"SMD","KSMD","Smith Field","Fort Wayne IN","41.14339828","-85.15280151"
"ACV","KACV","California Redwood Coast-Humboldt County Airport","Arcata CA","40.978101","-124.109"
"OAJ","KOAJ","Albert J Ellis Airport","Jacksonville NC","34.8292007446","-77.61209869380001"
"TCL","KTCL","Tuscaloosa Regional Airport","Tuscaloosa AL","33.220600128174","-87.611396789551"
"DBQ","KDBQ","Dubuque Regional Airport","Dubuque IA","42.40200043","-90.70950317"
"HHP","VHSS","Shun Tak Heliport","Hong Kong","22.2893714905","114.152153015"
"ATD","AGAT","Uru Harbour Airport","Atoifi","-8.87333","161.011002"
"AKS","AGGA","Gwaunaru'u Airport","Auki","-8.70257","160.682007"
"BAS","AGGE","Ballalae Airport","Ballalae","-6.990745","155.886656"
"FRE","AGGF","Fera/Maringe Airport","Fera Island","-8.1075","159.576996"
"MBU","AGGI","Babanakira Airport","Mbambanakira","-9.7475004196167","159.83900451660156"
"IRA","AGGK","Ngorangora Airport","Kirakira","-10.449700355500001","161.897994995"
"SCZ","AGGL","Santa Cruz/Graciosa Bay/Luova Airport","Santa Cruz/Graciosa Bay/Luova","-10.72029972076416","165.7949981689453"
"MUA","AGGM","Munda Airport","Munda","-8.327969551086426","157.26300048828125"
"GZO","AGGN","Nusatupe Airport","Gizo","-8.09778022766","156.863998413"
"MNY","AGGO","Mono Airport","Stirling Island","-7.416940212249756","155.56500244140625"
"RNL","AGGR","Rennell/Tingoa Airport","Rennell Island","-11.533900260925293","160.06300354003906"
"RUS","AGGU","Marau Airport","Marau","-9.861669540409999","160.824996948"
"VAO","AGGV","Suavanao Airport","Suavanao","-7.585559844970703","158.7310028076172"
"KGE","AGKG","Kaghau Airport","Kagau Island","-7.3305","157.585"
"RBV","AGRM","Ramata Airport","Ramata","-8.168060302734375","157.64300537109375"
"BUA","AYBK","Buka Airport","Buka Island","-5.4223198890686035","154.67300415039062"
"CMU","AYCH","Chimbu Airport","Kundiawa","-6.024290084838867","144.9709930419922"
"DAU","AYDU","Daru Airport","Daru","-9.08675956726","143.207992554"
"GUR","AYGN","Gurney Airport","Gurney","-10.3114995956","150.333999634"
"PNP","AYGR","Girua Airport","Girua","-8.80453968048","148.309005737"
"HKN","AYHK","Kimbe Airport","Hoskins","-5.462170124053955","150.40499877929688"
"UNG","AYKI","Kiunga Airport","Kiunga","-6.1257100105285645","141.28199768066406"
"KRI","AYKK","Kikori Airport","Kikori","-7.424379825592041","144.2500762939453"
"KMA","AYKM","Kerema Airport","Kerema","-7.96361017227","145.770996094"
"KVG","AYKV","Kavieng Airport","Kavieng","-2.57940006256","150.807998657"
"MDU","AYMN","Mendi Airport","Mendi","-6.14774","143.656998"
"MAS","AYMO","Momote Airport","Momote","-2.06189","147.423996"
"MXH","AYMR","Moro Airport","Moro","-6.36332988739","143.238006592"
"MIS","AYMS","Misima Island Airport","Misima Island","-10.689200401299999","152.837997437"
"TIZ","AYTA","Tari Airport","Tari","-5.84499979019","142.947998047"
"TBG","AYTB","Tabubil Airport","Tabubil","-5.27861","141.225998"
"RAB","AYTK","Tokua Airport","Tokua","-4.34045982361","152.380004883"
"VAI","AYVN","Vanimo Airport","Vanimo","-2.6926","141.3028"
"WBM","AYWD","Wapenamanda Airport","Wapenamanda","-5.6433000564575195","143.89500427246094"
"LLU","","Alluitsup Paa Heliport","Alluitsup Paa","60.46445","-45.56917"
"CNP","BGCO","Neerlerit Inaat Airport","Neerlerit Inaat","70.7431030273","-22.6504993439"
"JFR","BGPT","Paamiut Heliport","Paamiut","61.9921989441","-49.6624984741"
"JGO","","Qeqertarsuaq Heliport","Qeqertarsuaq Airport","69.251181993","-53.5148763657"
"JJU","","Qaqortoq Heliport","Qaqortoq","60.715684155299996","-46.0299186409"
"JSU","BGMQ","Maniitsoq Airport","Maniitsoq","65.4124984741","-52.9393997192"
"JNN","","Nanortalik Heliport","Nanortalik","60.141883975899994","-45.232976675"
"JNS","","Narsaq Heliport","Narsaq","60.9172827256","-46.059923172"
"NAQ","BGQQ","Qaanaaq Airport","Qaanaaq","77.4886016846","-69.3887023926"
"JHS","BGSS","Sisimiut Airport","Sisimiut","66.9513015747","-53.7293014526"
"JUV","BGUK","Upernavik Airport","Upernavik","72.7901992798","-56.1305999756"
"JQA","BGUQ","Qaarsut Airport","Uummannaq","70.7341995239","-52.6962013245"
"GRY","BIGR","Grímsey Airport","Grímsey","66.5458","-18.0173"
"THO","BITN","Thorshofn Airport","Thorshofn","66.21849822998047","-15.335599899291992"
"VPN","BIVO","Vopnafjörður Airport","Vopnafjörður","65.72059631347656","-14.850600242614746"
"YWS","","Whistler/Green Lake Water Aerodrome","Whistler","50.1436004639","-122.948997498"
"YAA","","Anahim Lake Airport","Anahim Lake","52.45249938964844","-125.3030014038086"
"YWM","","Williams Harbour Airport","Williams Harbour","52.566898345947266","-55.784698486328125"
"YFX","","St. Lewis (Fox Harbour) Airport","St. Lewis","52.372798919677734","-55.67390060424805"
"YHA","","Port Hope Simpson Airport","Port Hope Simpson","52.528099060058594","-56.28609848022461"
"YRG","","Rigolet Airport","Rigolet","54.1796989440918","-58.45750045776367"
"YCK","CYVL","Colville Lake Airport","Colville Lake","67.0392","-126.08"
"YLE","","Whatì Airport","Whatì","63.13169860839844","-117.24600219726562"
"SUR","","Summer Beaver Airport","Summer Beaver","52.70859909057617","-88.54190063476562"
"YAX","","Wapekeka Airport","Angling Lake","53.84920120239258","-89.57939910888672"
"WNN","","Wunnumin Lake Airport","Wunnumin Lake","52.89390182495117","-89.28919982910156"
"YNO","","North Spirit Lake Airport","North Spirit Lake","52.4900016784668","-92.97109985351562"
"XBE","","Bearskin Lake Airport","Bearskin Lake","53.965599060058594","-91.0271987915039"
"KIF","","Kingfisher Lake Airport","Kingfisher Lake","53.01250076293945","-89.85530090332031"
"YOG","CYKP","Ogoki Post Airport","Ogoki Post","51.6585998535","-85.9017028809"
"YHP","CYHP","Poplar Hill Airport","Poplar Hill","52.1133","-94.2556"
"YKU","","Chisasibi Airport","Chisasibi","53.805599212646484","-78.91690063476562"
"ZTB","","Tête-à-la-Baleine Airport","Tête-à-la-Baleine","50.674400329589844","-59.38359832763672"
"ZLT","","La Tabatière Airport","La Tabatière","50.8307991027832","-58.97560119628906"
"YAC","CYAC","Cat Lake Airport","Cat Lake","51.72719955444336","-91.82440185546875"
"YAG","CYAG","Fort Frances Municipal Airport","Fort Frances","48.65420150756836","-93.439697265625"
"XKS","CYAQ","Kasabonika Airport","Kasabonika","53.52470016479492","-88.6427993774414"
"YKG","CYAS","Kangirsuk Airport","Kangirsuk","60.027198791503906","-69.99919891357422"
"YAT","CYAT","Attawapiskat Airport","Attawapiskat","52.9275016784668","-82.43190002441406"
"\N","","Lac Du Bonnet Airport","Lac Du Bonnet","50.2943992615","-96.0100021362"
"YBE","CYBE","Uranium City Airport","Uranium City","59.5614013671875","-108.48100280761719"
"YBX","CYBX","Lourdes de Blanc Sablon Airport","Lourdes-De-Blanc-Sablon","51.443599700899995","-57.185298919699996"
"YRF","CYCA","Cartwright Airport","Cartwright","53.68280029296875","-57.041900634765625"
"YCS","CYCS","Chesterfield Inlet Airport","Chesterfield Inlet","63.346900939899996","-90.73110198970001"
"YDP","CYDP","Nain Airport","Nain","56.549198150634766","-61.680301666259766"
"YER","CYER","Fort Severn Airport","Fort Severn","56.01890182495117","-87.67610168457031"
"YFA","CYFA","Fort Albany Airport","Fort Albany","52.20140075683594","-81.6968994140625"
"YFH","CYFH","Fort Hope Airport","Fort Hope","51.5619010925293","-87.90779876708984"
"YMN","CYFT","Makkovik Airport","Makkovik","55.076900482177734","-59.1864013671875"
"YGB","CYGB","Texada Gillies Bay Airport","Texada","49.69419860839844","-124.51799774169922"
"YGO","CYGO","Gods Lake Narrows Airport","Gods Lake Narrows","54.55889892578125","-94.49140167236328"
"YGT","CYGT","Igloolik Airport","Igloolik","69.3647003174","-81.8161010742"
"YGW","CYGW","Kuujjuarapik Airport","Kuujjuarapik","55.281898498535156","-77.76529693603516"
"YGX","CYGX","Gillam Airport","Gillam","56.35749816894531","-94.71060180664062"
"YGZ","CYGZ","Grise Fiord Airport","Grise Fiord","76.4261016846","-82.90920257570001"
"YQC","CYHA","Quaqtaq Airport","Quaqtaq","61.0463981628418","-69.6177978515625"
"CXH","CYHC","Vancouver Harbour Water Aerodrome","Vancouver","49.2943992615","-123.111000061"
"YNS","CYHH","Nemiscau Airport","Nemiscau","51.69110107421875","-76.1355972290039"
"YHO","CYHO","Hopedale Airport","Hopedale","55.448299407958984","-60.228599548339844"
"YHR","CYHR","Chevery Airport","Chevery","50.46889877319336","-59.63669967651367"
"YIK","CYIK","Ivujivik Airport","Ivujivik","62.417301177978516","-77.92530059814453"
"YIV","CYIV","Island Lake Airport","Island Lake","53.857200622558594","-94.65360260009766"
"AKV","CYKO","Akulivik Airport","Akulivik","60.818599700927734","-78.14859771728516"
"YKQ","CYKQ","Waskaganish Airport","Waskaganish","51.47330093383789","-78.75830078125"
"YPJ","CYLA","Aupaluk Airport","Aupaluk","59.29669952392578","-69.59970092773438"
"YLC","CYLC","Kimmirut Airport","Kimmirut","62.8499984741","-69.88330078119999"
"YLH","CYLH","Lansdowne House Airport","Lansdowne House","52.19559860229492","-87.93419647216797"
"\N","","St Georges Airport","Lutselk'e","46.096401","-70.714699"
"XGR","CYLU","Kangiqsualujjuaq (Georges River) Airport","Kangiqsualujjuaq","58.71139907836914","-65.9927978515625"
"YMH","CYMH","Mary's Harbour Airport","Mary's Harbour","52.302799224853516","-55.847198486328125"
"YMT","CYMT","Chapais Airport","Chibougamau","49.77190017700195","-74.5280990600586"
"YUD","CYMU","Umiujaq Airport","Umiujaq","56.53609848022461","-76.51830291748047"
"YNC","CYNC","Wemindji Airport","Wemindji","53.01060104370117","-78.83110046386719"
"YNE","CYNE","Norway House Airport","Norway House","53.95830154418945","-97.84420013427734"
"YNL","CYNL","Points North Landing Airport","Points North Landing","58.27669906616211","-104.08200073242188"
"YOH","CYOH","Oxford House Airport","Oxford House","54.93330001831055","-95.27890014648438"
"YPH","CYPH","Inukjuak Airport","Inukjuak","58.471900939941406","-78.07689666748047"
"YPM","CYPM","Pikangikum Airport","Pikangikum","51.819698333740234","-93.97329711914062"
"YPO","CYPO","Peawanuck Airport","Peawanuck","54.98809814453125","-85.44329833984375"
"YPW","CYPW","Powell River Airport","Powell River","49.83420181274414","-124.5"
"YQD","CYQD","The Pas Airport","The Pas","53.97140121459961","-101.09100341796875"
"YQN","CYQN","Nakina Airport","Nakina","50.18280029296875","-86.69640350341797"
"YRA","CYRA","Rae Lakes Airport","Gamètì","64.11609649658203","-117.30999755859375"
"YRL","CYRL","Red Lake Airport","Red Lake","51.066898345947266","-93.79309844970703"
"YSF","CYSF","Stony Rapids Airport","Stony Rapids","59.250301361083984","-105.84100341796875"
"YSK","CYSK","Sanikiluaq Airport","Sanikiluaq","56.5377998352","-79.2466964722"
"YST","CYST","St. Theresa Point Airport","St. Theresa Point","53.84560012817383","-94.85189819335938"
"YTL","CYTL","Big Trout Lake Airport","Big Trout Lake","53.81779861450195","-89.89689636230469"
"YVZ","CYVZ","Deer Lake Airport","Deer Lake","52.655799865722656","-94.0614013671875"
"YWP","CYWP","Webequie Airport","Webequie","52.9593933975","-87.3748683929"
"YXN","CYXN","Whale Cove Airport","Whale Cove","62.24000167849999","-92.59809875490001"
"YZG","CYZG","Salluit Airport","Salluit","62.17940139770508","-75.66719818115234"
"ZAC","CZAC","York Landing Airport","York Landing","56.08940124511719","-96.08920288085938"
"ILF","CZBD","Ilford Airport","Ilford","56.0614013672","-95.613899231"
"ZBF","CZBF","Bathurst Airport","Bathurst","47.629699707","-65.738899231"
"ZEM","CZEM","Eastmain River Airport","Eastmain River","52.22639846801758","-78.52249908447266"
"ZFD","CZFD","Fond-Du-Lac Airport","Fond-Du-Lac","59.33440017700195","-107.18199920654297"
"ZGI","CZGI","Gods River Airport","Gods River","54.839698791503906","-94.07859802246094"
"ZJN","CZJN","Swan River Airport","Swan River","52.120601654052734","-101.23600006103516"
"ZKE","CZKE","Kashechewan Airport","Kashechewan","52.282501220703125","-81.67780303955078"
"MSA","CZMD","Muskrat Dam Airport","Muskrat Dam","53.44139862060547","-91.76280212402344"
"ZMT","CZMT","Masset Airport","Masset","54.02750015258789","-132.125"
"ZPB","CZPB","Sachigo Lake Airport","Sachigo Lake","53.8911018371582","-92.19640350341797"
"ZRJ","CZRJ","Round Lake (Weagamow Lake) Airport","Round Lake","52.943599700927734","-91.31279754638672"
"ZSJ","CZSJ","Sandy Lake Airport","Sandy Lake","53.06420135498047","-93.34439849853516"
"ZTM","CZTM","Shamattawa Airport","Shamattawa","55.8656005859375","-92.0813980102539"
"ZUM","CZUM","Churchill Falls Airport","Churchill Falls","53.5619010925293","-64.10639953613281"
"ZWL","CZWL","Wollaston Lake Airport","Wollaston Lake","58.10689926147461","-103.1719970703125"
"BLJ","DABT","Batna Airport","Batna","35.752101898199996","6.308589935300001"
"CBH","DAOR","Béchar Boudghene Ben Ali Lotfi Airport","Béchar","31.645700454711914","-2.269860029220581"
"BMW","DATM","Bordj Badji Mokhtar Airport","Bordj Badji Mokhtar","21.375","0.923888981342"
"ELU","DAUO","Guemar Airport","Guemar","33.5113983154","6.77679014206"
"KMS","DGSI","Kumasi Airport","Kumasi","6.714560031890869","-1.5908199548721313"
"HDF","EDAH","Heringsdorf Airport","Heringsdorf","53.8787002563","14.152299881"
"HEI","EDXB","Heide-Büsum Airport","Büsum","54.153331756600004","8.90166664124"
"HGL","EDXH","Helgoland-Düne Airport","Helgoland","54.185279846200004","7.91583299637"
"SJY","EFSI","Seinäjoki Airport","Seinäjoki / Ilmajoki","62.692101","22.8323"
"NQT","EGBN","Nottingham Airport","Nottingham","52.91999816894531","-1.0791699886322021"
"DSA","","Robin Hood Doncaster Sheffield Airport","Doncaster, Sheffield","53.4805378105","-1.01065635681"
"CAL","EGEC","Campbeltown Airport","Campbeltown","55.437198638916016","-5.686389923095703"
"EOI","EGED","Eday Airport","Eday","59.19060134887695","-2.7722198963165283"
"FIE","EGEF","Fair Isle Airport","Fair Isle","59.53580093383789","-1.628059983253479"
"NRL","EGEN","North Ronaldsay Airport","North Ronaldsay","59.3675003052","-2.43443989754"
"PPW","EGEP","Papa Westray Airport","Papa Westray","59.351699829100006","-2.9002799987800003"
"SOY","EGER","Stronsay Airport","Stronsay","59.1553001404","-2.64139008522"
"NDY","EGES","Sanday Airport","Sanday","59.250301361083984","-2.576669931411743"
"LWK","EGET","Lerwick / Tingwall Airport","Lerwick","60.192199707","-1.24361002445"
"WRY","EGEW","Westray Airport","Westray","59.3502998352","-2.95000004768"
"LEQ","EGHC","Land's End Airport","Land's End","50.102798","-5.67056"
"PZE","EGHK","Penzance Heliport","Penzance","50.128101","-5.51845"
"VLY","EGOV","Anglesey Airport","Angelsey","53.2481002808","-4.53533983231"
"BRR","EGPR","Barra Airport","Barra","57.0228","-7.44306"
"CFN","EIDL","Donegal Airport","Dongloe","55.0442008972168","-8.340999603271484"
"\N","","Weston Airport","Leixlip","53.3521995544","-6.48611021042"
"CNL","EKSN","Sindal Airport","Sindal","57.503502","10.2294"
"LKN","ENLK","Leknes Airport","Leknes","68.152496337891","13.609399795532"
"OSY","ENNM","Namsos Høknesøra Airport","Namsos","64.472198486328","11.57859992981"
"MQN","ENRA","Mo i Rana Airport, Røssvoll","Mo i Rana","66.363899230957","14.301400184631"
"RVK","ENRM","Rørvik Airport, Ryum","Rørvik","64.838302612305","11.14610004425"
"RET","ENRS","Røst Airport","Røst","67.527801513672","12.103300094604"
"SDN","ENSD","Sandane Airport (Anda)","Sandane","61.830001831055","6.1058301925659"
"SOG","ENSG","Sogndal Airport","Sogndal","61.156101","7.13778"
"SVJ","ENSH","Svolvær Helle Airport","Svolvær","68.243301391602","14.669199943542"
"SOJ","ENSR","Sørkjosen Airport","Sorkjosen","69.786796569824","20.959400177002"
"VAW","ENSS","Vardø Airport, Svartnes","Vardø","70.355400085449","31.044900894165"
"VRY","","Værøy Heliport","Værøy","67.654555","12.727257"
"BZG","EPBY","Bydgoszcz Ignacy Jan Paderewski Airport","Bydgoszcz","53.096801757799994","17.9776992798"
"LCJ","EPLL","Łódź Władysław Reymont Airport","Lodz","51.721900939899996","19.3980998993"
"OSD","ESNZ","Åre Östersund Airport","Östersund","63.194400787354","14.50030040741"
"HFS","ESOH","Hagfors Airport","Hagfors","60.02009963989258","13.578900337219238"
"KSD","ESOK","Karlstad Airport","Karlstad","59.444698333699996","13.337400436400001"
"TYF","ESST","Torsby Airport","Torsby","60.1576004028","12.991299629199998"
"AGH","ESTA","Ängelholm-Helsingborg Airport","Ängelholm","56.29610061645508","12.847100257873535"
"SQO","ESUD","Storuman Airport","Mohed","64.96089935302734","17.69659996032715"
"HMV","ESUT","Hemavan Airport","Hemavan","65.80609893798828","15.082799911499023"
"VNT","EVVA","Ventspils International Airport","Ventspils","57.35779953","21.5442008972"
"QRA","FAGM","Rand Airport","Johannesburg","-26.2425003052","28.1511993408"
"MQP","FAKN","Kruger Mpumalanga International Airport","Mpumalanga","-25.3831996918","31.1056003571"
"AAM","FAMD","Malamala Airport","Malamala","-24.818099975585938","31.544599533081055"
"MBD","FAMM","Mmabatho International Airport","Mafeking","-25.798400878900004","25.548000335699996"
"GNZ","FBGZ","Ghanzi Airport","Ghanzi","-21.6924991607666","21.658100128173828"
"ORP","FBOR","Orapa Airport","Orapa","-21.266701","25.3167"
"SWX","FBSW","Shakawe Airport","Shakawe","-18.373899459838867","21.832599639892578"
"TLD","FBTL","Limpopo Valley Airport","Tuli Lodge","-22.189199447599997","29.126899719199997"
"DIS","FCPD","Ngot Nzoungou Airport","Loubomo","-4.20635","12.6599"
"CIP","FLCP","Chipata Airport","Chipata","-13.558300018310547","32.58720016479492"
"\N","","Los Alamitos Army Air Field","Solwesi","33.79000092","-118.052002"
"YVA","","Iconi Airport","Moroni","-11.710800170899999","43.2439002991"
"WAQ","FMMG","Antsalova Airport","Antsalova","-18.701273","44.614921"
"JVA","FMMK","Ankavandra Airport","Ankavandra","-18.80501","45.273467"
"BMD","FMML","Belo sur Tsiribihina Airport","Belo sur Tsiribihina","-19.6867008209","44.541900634799994"
"MXT","FMMO","Maintirano Airport","Maintirano","-18.049999","44.033001"
"TVA","FMMR","Morafenobe Airport","Morafenobe","-17.850083","44.920467"
"WTA","FMMU","Tambohorano Airport","Tambohorano","-17.47610092163086","43.972801208496094"
"WTS","FMMX","Tsiroanomandidy Airport","Tsiroanomandidy","-18.759677","46.054065"
"WAM","FMMZ","Ambatondrazaka Airport","Ambatondrazaka","-17.795378","48.442583"
"WPB","FMNG","Port Bergé Airport","Port Bergé","-15.584286","47.623587"
"\N","","Ambanja Airport","Ambanja","-13.645705","48.459427"
"DWB","FMNO","Soalala Airport","Soalala","-16.10169","45.358837"
"WMP","FMNP","Mampikony Airport","Mampikony","-16.0722693402","47.644164562200004"
"\N","","Nasa Shuttle Landing Facility Airport","Tsaratanana","28.614999771118164","-80.69450378417969"
"WMA","FMNX","Mandritsara Airport","Mandritsara","-15.833049","48.833284"
"MJA","FMSJ","Manja Airport","Manja","-21.426105","44.316509"
"CBT","FNCT","Catumbela Airport","Catumbela","-12.4792","13.4869"
"DUE","FNDU","Dundo Airport","Dundo","-7.400889873504639","20.818500518798828"
"VPE","FNGI","Ngjiva Pereira Airport","Ondjiva","-17.0435009003","15.683799743700002"
"MSZ","FNMO","Namibe Airport","Mocamedes","-15.261199951171875","12.14680004119873"
"KOU","FOGK","Koulamoutou Mabimbi Airport","Koulamoutou","-1.1846100091934","12.441300392151"
"MJL","FOGM","Mouilla Ville Airport","Mouila","-1.845139980316162","11.056699752807617"
"TCH","FOOT","Tchibanga Airport","Tchibanga","-2.8499999046325684","11.017000198364258"
"VPY","FQCH","Chimoio Airport","Chimoio","-19.15130043029785","33.42900085449219"
"SRH","FTTA","Sarh Airport","Sarh","9.14444","18.374399"
"CMK","FWCM","Club Makokola Airport","Club Makokola","-14.306900024414062","35.13249969482422"
"LUD","FYLZ","Luderitz Airport","Luderitz","-26.687400817871094","15.242899894714355"
"OND","FYOA","Ondangwa Airport","Ondangwa","-17.878201","15.9526"
"OMD","FYOG","Oranjemund Airport","Oranjemund","-28.5847","16.446699"
"SWP","FYSM","Swakopmund Airport","Swakopmund","-22.66189956665","14.568099975586"
"ERS","FYWE","Eros Airport","Windhoek","-22.612199783325195","17.080400466918945"
"BOA","FZAJ","Boma Airport","Boma","-5.854000091552734","13.064000129699707"
"MAT","FZAM","Tshimpi Airport","Matadi","-5.799610137939453","13.440400123596191"
"INO","FZBA","Inongo Airport","Inongo","-1.947219967842102","18.28580093383789"
"NIO","FZBI","Nioki Airport","Nioki","-2.7174999713897705","17.68470001220703"
"KRZ","FZBT","Basango Mboliasa Airport","Kiri","-1.434999942779541","19.02400016784668"
"BSU","FZEN","Basankusu Airport","Basankusu","1.2247200012207031","19.78890037536621"
"TSH","FZUK","Tshikapa Airport","Tshikapa","-6.43833","20.794701"
"LJA","FZVA","Lodja Airport","Lodja","-3.4170000553131104","23.450000762939453"
"PFR","FZVS","Ilebo Airport","Ilebo","-4.329919","20.590124"
"OUK","","Outer Skerries Airport","Outer Skerries","60.4252","-0.75"
"GMZ","GCGM","La Gomera Airport","La Gomera","28.029600143432617","-17.214599609375"
"BTE","","Sherbro International Airport","Bonthe","7.5324201583862305","-12.518899917602539"
"KBS","GFBO","Bo Airport","Bo","7.944399833679199","-11.76099967956543"
"KEN","GFKE","Kenema Airport","Kenema","7.891290187835693","-11.176600456237793"
"OXB","GGOV","Osvaldo Vieira International Airport","Bissau","11.894800186157227","-15.65369987487793"
"SMW","GMMA","Smara Airport","Smara","26.7318","-11.6847"
"VIL","GMMH","Dakhla Airport","Dakhla","23.7183","-15.932"
"ESU","GMMI","Mogador Airport","Essadouira","31.3974990845","-9.6816701889"
"EUN","GMML","Hassan I Airport","El Aaiún","27.151699","-13.2192"
"NDR","GMMW","Nador International Airport","El Aroui","34.988800048799995","-3.0282099247"
"RAI","GVNP","Praia International Airport","Praia, Santiago Island","14.924500465393066","-23.493499755859375"
"SFL","GVSF","São Filipe Airport","Sao Filipe, Fogo Island","14.8850002289","-24.4799995422"
"BCO","HABC","Baco Airport","Baco","5.78287","36.562"
"BEI","HABE","Beica Airport","Beica","9.38638973236084","34.52190017700195"
"DSE","HADC","Combolcha Airport","Dessie","11.082500457763672","39.71139907836914"
"DEM","HADD","Dembidollo Airport","Dembidollo","8.553999900817871","34.858001708984375"
"GDE","HAGO","Gode Airport","Gode","5.93513011932","43.5786018372"
"GOR","HAGR","Gore Airport","Gore","8.1614","35.5529"
"ABK","HAKD","Kabri Dehar Airport","Kabri Dehar","6.734","44.252998"
"MTF","HAMT","Mizan Teferi Airport","Mizan Teferi","6.9571","35.5547"
"TIE","HATP","Tippi Airport","Tippi","7.2024","35.415"
"ALU","HCMA","Alula Airport","Alula","11.9582","50.748"
"BSA","HCMF","Bosaso Airport","Bosaso","11.275300025939941","49.14939880371094"
"MGQ","HCMM","Aden Adde International Airport","Mogadishu","2.0144400596618652","45.3046989440918"
"GLK","HCMR","Galcaio Airport","Galcaio","6.78082990646","47.45470047"
"BUO","HCMV","Burao Airport","Burao","9.5275","45.5549"
"AAC","HEAR","El Arish International Airport","El Arish","31.073299408","33.8358001709"
"ATZ","HEAT","Assiut International Airport","Asyut","27.0464992523","31.0119991302"
"ASV","HKAM","Amboseli Airport","Amboseli National Park","-2.645050048828125","37.25310134887695"
"LKG","HKLK","Lokichoggio Airport","Lokichoggio","4.20412015914917","34.348201751708984"
"MYD","HKML","Malindi Airport","Malindi","-3.2293100357055664","40.10169982910156"
"NYK","HKNL","Nanyuki Airport","Nanyuki","-0.06239889934659004","37.04100799560547"
"SRX","HLGD","Gardabya Airport","Sirt","31.063499450699997","16.5949993134"
"TOB","","Gamal Abdel Nasser Airport","Tobruk","31.861","23.907"
"MJI","HLLM","Mitiga Airport","Tripoli","32.894100189208984","13.276000022888184"
"LAQ","HLLQ","La Abraq Airport","Al Bayda'","32.788700103759766","21.96430015563965"
"ATB","HSAT","Atbara Airport","Atbara","17.710344314575195","34.0570182800293"
"UYL","HSNN","Nyala Airport","Nyala","12.053500175476074","24.956199645996094"
"PZU","HSPN","Port Sudan New International Airport","Port Sudan","19.4335994720459","37.234100341796875"
"BKZ","HTBU","Bukoba Airport","Bukoba","-1.332","31.8212"
"TKQ","HTKA","Kigoma Airport","Kigoma","-4.8862","29.6709"
"LDI","HTLI","Lindi Airport","Lindi","-9.85111","39.757801"
"MUZ","HTMU","Musoma Airport","Musoma","-1.503","33.8021"
"SHY","HTSY","Shinyanga Airport","Shinyanga","-3.6093","33.5035"
"TBO","HTTB","Tabora Airport","Tabora","-5.076389789581299","32.83330154418945"
"RUA","HUAR","Arua Airport","Arua","3.049999952316284","30.91699981689453"
"ULU","HUGU","Gulu Airport","Gulu","2.8055601119995117","32.27180099487305"
"DIU","VADU","Diu Airport","Diu","20.71310043334961","70.92109680175781"
"ABR","KABR","Aberdeen Regional Airport","Aberdeen","45.449100494384766","-98.42179870605469"
"ABY","KABY","Southwest Georgia Regional Airport","Albany","31.535499572753906","-84.19450378417969"
"AHN","KAHN","Athens Ben Epps Airport","Athens","33.94860076904297","-83.32630157470703"
"ALM","KALM","Alamogordo White Sands Regional Airport","Alamogordo","32.8399009705","-105.990997314"
"ALO","KALO","Waterloo Regional Airport","Waterloo","42.557098388671875","-92.40029907226562"
"ALW","KALW","Walla Walla Regional Airport","Walla Walla","46.09489822","-118.288002"
"APN","KAPN","Alpena County Regional Airport","Alpena","45.0780983","-83.56030273"
"ATY","KATY","Watertown Regional Airport","Watertown","44.91400146","-97.15470123"
"BFD","KBFD","Bradford Regional Airport","Bradford","41.8031005859375","-78.64009857177734"
"BFF","KBFF","Western Neb. Rgnl/William B. Heilig Airport","Scottsbluff","41.87400055","-103.5960007"
"BKW","KBKW","Raleigh County Memorial Airport","Beckley","37.787300109899995","-81.1241989136"
"BQK","KBQK","Brunswick Golden Isles Airport","Brunswick","31.258800506591797","-81.46649932861328"
"BRL","KBRL","Southeast Iowa Regional Airport","Burlington","40.783199310302734","-91.12550354003906"
"CEC","KCEC","Jack Mc Namara Field Airport","Crescent City","41.78020096","-124.2369995"
"CGI","KCGI","Cape Girardeau Regional Airport","Cape Girardeau","37.22529983520508","-89.57080078125"
"CIU","KCIU","Chippewa County International Airport","Sault Ste Marie","46.25080108642578","-84.47239685058594"
"CKB","KCKB","North Central West Virginia Airport","Clarksburg","39.2966003418","-80.2281036377"
"CLM","KCLM","William R Fairchild International Airport","Port Angeles","48.120201110839844","-123.5"
"CMX","KCMX","Houghton County Memorial Airport","Hancock","47.168399810791016","-88.48909759521484"
"DDC","KDDC","Dodge City Regional Airport","Dodge City","37.76340103149414","-99.9655990600586"
"DUJ","KDUJ","DuBois Regional Airport","Du Bois","41.17829895","-78.8986969"
"EAU","KEAU","Chippewa Valley Regional Airport","Eau Claire","44.86579895019531","-91.48429870605469"
"EKO","KEKO","Elko Regional Airport","Elko","40.82490158081055","-115.79199981689453"
"EWB","KEWB","New Bedford Regional Airport","New Bedford","41.67610168457031","-70.95690155029297"
"FAY","KFAY","Fayetteville Regional Grannis Field","Fayetteville","34.9911994934082","-78.88030242919922"
"GGW","KGGW","Wokal Field Glasgow International Airport","Glasgow","48.212502","-106.614998"
"GRI","KGRI","Central Nebraska Regional Airport","Grand Island","40.967498779296875","-98.30960083007812"
"HOT","KHOT","Memorial Field","Hot Springs","34.47800064086914","-93.09619903564453"
"HTS","KHTS","Tri-State/Milton J. Ferguson Field","Huntington","38.36669922","-82.55799866"
"KIO","","Kili Airport","Kili Island","5.644515","169.119507"
"IRK","KIRK","Kirksville Regional Airport","Kirksville","40.09349822998047","-92.5448989868164"
"JMS","KJMS","Jamestown Regional Airport","Jamestown","46.92969894","-98.67819977"
"LAR","KLAR","Laramie Regional Airport","Laramie","41.31209945678711","-105.67500305175781"
"LBE","KLBE","Arnold Palmer Regional Airport","Latrobe","40.27590179","-79.40480042"
"LBF","KLBF","North Platte Regional Airport Lee Bird Field","North Platte","41.12620163","-100.6839981"
"LEB","KLEB","Lebanon Municipal Airport","Lebanon","43.626098632799994","-72.30419921880001"
"LMT","KLMT","Crater Lake-Klamath Regional Airport","Klamath Falls","42.156101","-121.733002"
"LNS","KLNS","Lancaster Airport","Lancaster","40.121700286865234","-76.29609680175781"
"LWT","KLWT","Lewistown Municipal Airport","Lewistown","47.04930114746094","-109.46700286865234"
"LYH","KLYH","Lynchburg Regional Preston Glenn Field","Lynchburg","37.326698303222656","-79.20040130615234"
"MKG","KMKG","Muskegon County Airport","Muskegon","43.16949844","-86.23819733"
"MLS","KMLS","Frank Wiley Field","Miles City","46.428001403808594","-105.88600158691406"
"MSL","KMSL","Northwest Alabama Regional Airport","Muscle Shoals","34.74530029","-87.61019897"
"OTH","KOTH","Southwest Oregon Regional Airport","North Bend","43.41709899902344","-124.24600219726562"
"OWB","KOWB","Owensboro Daviess County Airport","Owensboro","37.74010086","-87.16680145"
"PIB","KPIB","Hattiesburg Laurel Regional Airport","Hattiesburg/Laurel","31.467100143432617","-89.33709716796875"
"PIH","KPIH","Pocatello Regional Airport","Pocatello","42.9098014831543","-112.59600067138672"
"PIR","KPIR","Pierre Regional Airport","Pierre","44.38270187","-100.2860031"
"PLN","KPLN","Pellston Regional Airport of Emmet County Airport","Pellston","45.57089996","-84.79669952"
"PSM","KPSM","Portsmouth International at Pease Airport","Portsmouth","43.0778999329","-70.8233032227"
"RDG","KRDG","Reading Regional Carl A Spaatz Field","Reading","40.378501892089844","-75.96520233154297"
"RHI","KRHI","Rhinelander Oneida County Airport","Rhinelander","45.63119888305664","-89.46749877929688"
"RKS","KRKS","Southwest Wyoming Regional Airport","Rock Springs","41.5942","-109.065001"
"RUT","KRUT","Rutland - Southern Vermont Regional Airport","Rutland","43.52939987","-72.94960022"
"SBP","KSBP","San Luis County Regional Airport","San Luis Obispo","35.236801147499996","-120.641998291"
"SHR","KSHR","Sheridan County Airport","Sheridan","44.76919937133789","-106.9800033569336"
"SLK","KSLK","Adirondack Regional Airport","Saranac Lake","44.38529968261719","-74.2061996459961"
"SLN","KSLN","Salina Municipal Airport","Salina","38.79100036621094","-97.6521987915039"
"SMX","KSMX","Santa Maria Pub/Capt G Allan Hancock Field","Santa Maria","34.89889908","-120.4570007"
"TUP","KTUP","Tupelo Regional Airport","Tupelo","34.26810073852539","-88.7698974609375"
"UIN","KUIN","Quincy Regional Baldwin Field","Quincy","39.94269943","-91.19460297"
"VCT","KVCT","Victoria Regional Airport","Victoria","28.85260009765625","-96.91850280761719"
"VLD","KVLD","Valdosta Regional Airport","Valdosta","30.782499313354492","-83.27670288085938"
"WRL","KWRL","Worland Municipal Airport","Worland","43.9656982421875","-107.95099639892578"
"YKM","KYKM","Yakima Air Terminal McAllister Field","Yakima","46.56819916","-120.5439987"
"ECN","LCEN","Ercan International Airport","Nicosia","35.154701232910156","33.49610137939453"
"RJL","","Logroño-Agoncillo Airport","Logroño-Agoncillo","42.4609534888","-2.32223510742"
"IDY","LFEY","Île d'Yeu Airport","Île d'Yeu","46.71860122680664","-2.3911099433898926"
"ANE","LFJR","Angers-Loire Airport","Angers/Marcé","47.560299","-0.312222"
"LTT","LFTZ","La Môle Airport","La Môle","43.205399","6.482"
"JSY","LGSO","Syros Airport","Syros Island","37.4227981567","24.950899124099998"
"PEV","LHPP","Pécs-Pogány Airport","Pécs-Pogány","45.990898","18.240996"
"\N","","Győr-Pér International Airport","Győr","47.624401","17.813601"
"SOB","LHSM","Sármellék International Airport","Sármellék","46.686391","17.159084"
"AOT","LIMW","Aosta Airport","Aosta","45.738499","7.36872"
"QSR","LIRI","Salerno Costa d'Amalfi Airport","Salerno","40.620399","14.9113"
"CVU","LPCR","Corvo Airport","Corvo","39.671501","-31.1136"
"BNX","LQBK","Banja Luka International Airport","Banja Luka","44.94139862060547","17.297500610351562"
"USQ","LTBO","Uşak Airport","Usak","38.68149948120117","29.47170066833496"
"KSY","LTCF","Kars Airport","Kars","40.562198638916016","43.1150016784668"
"SFQ","","Şanlıurfa Airport","Sanliurfa","37.09429931640625","38.84709930419922"
"KCM","LTCN","Kahramanmaraş Airport","Kahramanmaras","37.5388259888","36.9535217285"
"AJI","LTCO","Ağrı Airport","Agri","39.654541015625","43.025978088378906"
"ADF","LTCP","Adıyaman Airport","Adiyaman","37.7313995361","38.4688987732"
"ISE","LTFC","Süleyman Demirel International Airport","Isparta","37.8554000854","30.368400573699997"
"EDO","LTFD","Balıkesir Körfez Airport","Balikesir Korfez","39.554599762","27.0137996674"
"SZF","LTFH","Samsun Çarşamba Airport","Samsun","41.254501","36.567101"
"ILZ","LZZI","Žilina Airport","Žilina","49.231498718299996","18.6135005951"
"GDT","MBGT","JAGS McCartney International Airport","Cockburn Town","21.444499969482422","-71.14230346679688"
"MDS","MBMC","Middle Caicos Airport","Middle Caicos","21.82602","-71.8025"
"SLX","MBSY","Salt Cay Airport","Salt Cay","21.333000183099998","-71.1999969482"
"AZS","MDCY","Samaná El Catey International Airport","Samana","19.2670001984","-69.7419967651"
"JBQ","MDJB","La Isabela International Airport","La Isabela","18.572500228881836","-69.98560333251953"
"PBR","MGPB","Puerto Barrios Airport","Puerto Barrios","15.7309","-88.583801"
"AAZ","MGQZ","Quezaltenango Airport","Quezaltenango","14.8656","-91.501999"
"UTK","","Utirik Airport","Utirik Island","11.222","169.852005"
"AHS","MHAH","Ahuas Airport","Ahuas","15.4722","-84.352203"
"PEU","MHPL","Puerto Lempira Airport","Puerto Lempira","15.2622","-83.781197"
"MIJ","","Mili Island Airport","Mili Island","6.08333","171.733002"
"CYW","MMCY","Captain Rogelio Castillo National Airport","Celaya","20.546","-100.887001"
"CUA","","Ciudad Constitución Airport","Ciudad Constitución","25.053800582886","-111.61499786377"
"GUB","MMGR","Guerrero Negro Airport","Guerrero Negro","28.0261","-114.024002"
"JAL","MMJA","El Lencero Airport","Jalapa","19.4750995636","-96.7975006104"
"CTD","MPCE","Alonso Valderrama Airport","Chitré","7.987840175628662","-80.40969848632812"
"ONX","MPEJ","Enrique Adolfo Jimenez Airport","Colón","9.356639862060547","-79.86740112304688"
"JQE","MPJE","Jaqué Airport","Jaqué","7.51777982711792","-78.1572036743164"
"PLP","","Captain Ramon Xatruch Airport","La Palma","8.406669616699219","-78.1417007446289"
"TTQ","MRBT","Aerotortuguero Airport","Roxana","10.42","-83.6095"
"BCL","MRBC","Barra del Colorado Airport","Pococi","10.768699645996094","-83.58560180664062"
"\N","","Cabo Velas Airport","Nicoya","10.355699539185","-85.852897644043"
"PBP","MRIA","Islita Airport","Nandayure","9.856109619140625","-85.37079620361328"
"PJM","MRPJ","Puerto Jimenez Airport","Puerto Jimenez","8.533329963684082","-83.30000305175781"
"SYQ","MRPV","Tobias Bolanos International Airport","San Jose","9.957050323486328","-84.13980102539062"
"\N","","(Duplicate) Playa Samara Airport","Playa Samara","9.87","-85.48"
"JEE","MTJE","Jérémie Airport","Jeremie","18.66309928894043","-74.17030334472656"
"PAX","MTPX","Port-de-Paix Airport","Port-de-Paix","19.9335994720459","-72.84860229492188"
"\N","","Cayo Coco Airport","Cayo Coco","22.513200759900002","-78.51100158690001"
"TND","MUTD","Alberto Delgado Airport","Trinidad","21.788299560546875","-79.99720001220703"
"COX","","Congo Town Airport","Andros","24.158701","-77.589798"
"ATC","MYCA","Arthur's Town Airport","Arthur's Town","24.6294","-75.673797"
"TBI","MYCB","New Bight Airport","Cat Island","24.3153","-75.452301"
"CRI","MYCI","Colonel Hill Airport","Colonel Hill","22.745599746699998","-74.1824035645"
"PID","","Nassau Paradise Island Airport","Nassau","25.08300018310547","-77.30000305175781"
"AIU","NCAT","Enua Airport","Atiu Island","-19.96780014038086","-158.11900329589844"
"MGS","NCMG","Mangaia Island Airport","Mangaia Island","-21.895986557006836","-157.9066619873047"
"MHX","NCMH","Manihiki Island Airport","Manihiki Island","-10.376700401306152","-161.0019989013672"
"MUK","NCMK","Mauke Airport","Mauke Island","-20.13610076904297","-157.34500122070312"
"MOI","NCMR","Mitiaro Island Airport","Mitiaro Island","-19.842500686645508","-157.7030029296875"
"PYE","NCPY","Tongareva Airport","Penrhyn Island","-9.01436996459961","-158.03240966796875"
"ICI","NFCI","Cicia Airport","Cicia","-17.7432994843","-179.341995239"
"PTF","NFFO","Malolo Lailai Island Airport","Malolo Lailai Island","-17.7779006958","177.197006226"
"KDV","NFKD","Vunisea Airport","Vunisea","-19.058099746699998","178.156997681"
"MNF","NFMA","Mana Island Airport","Mana Island","-17.6730995178","177.098007202"
"MFJ","NFMO","Moala Airport","Moala","-18.566699981699998","179.951004028"
"NGI","NFNG","Ngau Airport","Ngau","-18.115600585899998","179.339996338"
"LKB","NFNK","Lakeba Island Airport","Lakeba Island","-18.1991996765","-178.817001343"
"LBS","NFNL","Labasa Airport","Lambasa","-16.466699600219727","179.33999633789062"
"TVU","NFNM","Matei Airport","Matei","-16.6905994415","-179.876998901"
"KXF","NFNO","Koro Island Airport","Koro Island","-17.3458003998","179.42199707"
"RTA","NFNR","Rotuma Airport","Rotuma","-12.482500076293945","177.0709991455078"
"SVU","NFNS","Savusavu Airport","Savusavu","-16.8027992249","179.341003418"
"EUA","NFTE","Kaufana Airport","Eua Island","-21.378299713100002","-174.957992554"
"HPA","NFTL","Lifuka Island Airport","Lifuka","-19.777000427246094","-174.34100341796875"
"NFO","NFTO","Mata'aho Airport","Angaha, Niuafo'ou Island","-15.5707998276","-175.632995605"
"NTT","NFTP","Kuini Lavenia Airport","Niuatoputapu","-15.977297","-173.791089"
"VBV","NFVB","Vanua Balavu Airport","Vanua Balavu","-17.268999099731445","-178.9759979248047"
"IUE","NIUE","Niue International Airport","Alofi","-19.079030990600586","-169.92559814453125"
"FUT","NLWF","Pointe Vele Airport","Futuna Island","-14.3114004135","-178.065994263"
"MXS","NSMA","Maota Airport","Savaii Island","-13.742300033569336","-172.25799560546875"
"APK","NTGD","Apataki Airport","Apataki","-15.5736","-146.414993"
"AHE","NTHE","Ahe Airport","Ahe","-14.428099632263184","-146.2570037841797"
"AUQ","NTMN","Hiva Oa-Atuona Airport","Hiva-oa","-9.76879024506","-139.011001587"
"UAP","NTMP","Ua Pou Airport","Ua Pou","-9.35167","-140.078003"
"UAH","NTMU","Ua Huka Airport","Ua Huka","-8.93611","-139.552002"
"MTV","NVSA","Mota Lava Airport","Ablow","-13.6660003662","167.712005615"
"SLH","NVSC","Sola Airport","Sola","-13.8516998291","167.537002563"
"TOH","NVSD","Torres Airstrip","Loh/Linua","-13.3280000687","166.638000488"
"EAE","NVSE","Siwo Airport","Sangafa","-17.0902996063","168.343002319"
"CCV","NVSF","Craig Cove Airport","Craig Cove","-16.264999","167.923996"
"LOD","NVSG","Longana Airport","Longana","-15.3066997528","167.966995239"
"SSR","NVSH","Sara Airport","Pentecost Island","-15.4708003998","168.151992798"
"PBJ","NVSI","Tavie Airport","Paama Island","-16.438999176","168.257003784"
"LPM","NVSL","Lamap Airport","Lamap","-16.4611228","167.829253"
"LNB","NVSM","Lamen Bay Airport","Lamen Bay","-16.584199905400002","168.158996582"
"MWF","NVSN","Maewo-Naone Airport","Maewo Island","-15","168.082992554"
"LNE","NVSO","Lonorore Airport","Lonorore","-15.865599632299999","168.17199707"
"NUS","NVSP","Norsup Airport","Norsup","-16.0797","167.401001"
"ZGU","NVSQ","Gaua Island Airport","Gaua Island","-14.218099594099998","167.587005615"
"RCL","NVSR","Redcliffe Airport","Redcliffe","-15.472000122099999","167.835006714"
"SON","NVSS","Santo Pekoa International Airport","Santo","-15.505000114399998","167.220001221"
"TGH","NVST","Tongoa Airport","Tongoa Island","-16.8910999298","168.550994873"
"ULB","NVSU","Uléi Airport","Ambryn Island","-16.3297","168.3011"
"VLS","NVSV","Valesdir Airport","Valesdir","-16.796100616500002","168.177001953"
"SWJ","NVSX","Southwest Bay Airport","Malekula Island","-16.4864","167.4472"
"OLJ","NVSZ","North West Santo Airport","Olpoi","-14.881699562099998","166.557998657"
"AUY","NVVA","Aneityum Airport","Anelghowhat","-20.2492008209","169.770996094"
"AWD","NVVB","Aniwa Airport","Aniwa","-19.2346","169.6009"
"DLY","NVVD","Dillon's Bay Airport","Dillon's Bay","-18.7693996429","169.00100708"
"FTA","NVVF","Futuna Airport","Futuna Island","-19.516399383499998","170.231994629"
"IPA","NVVI","Ipota Airport","Ipota","-18.856389","169.283333"
"TGJ","NWWA","Tiga Airport","Tiga","-21.096099853515625","167.8040008544922"
"BMY","NWWC","Île Art - Waala Airport","Waala","-19.720600128173828","163.66099548339844"
"ILP","NWWE","Île des Pins Airport","Île des Pins","-22.588899612426758","167.45599365234375"
"FBD","OAFZ","Fayzabad Airport","Faizabad","37.121101","70.518097"
"\N","","Dawadmi Domestic Airport","Dawadmi","24.5","44.400001525878906"
"AJF","OESK","Al-Jawf Domestic Airport","Al-Jawf","29.78510093688965","40.099998474121094"
"WAE","OEWD","Wadi Al Dawasir Airport","Wadi-al-dawasir","20.504299163800003","45.199600219699995"
"KHD","OICK","Khoram Abad Airport","Khorram Abad","33.43539810180664","48.282901763916016"
"BXR","OIKM","Bam Airport","Bam","29.084199905395508","58.45000076293945"
"RJN","OIKR","Rafsanjan Airport","Rafsanjan","30.297700881958008","56.05110168457031"
"BJB","OIMN","Bojnord Airport","Bojnourd","37.49300003051758","57.30820083618164"
"AFZ","OIMS","Sabzevar National Airport","Sabzevar","36.16809844970703","57.59519958496094"
"NSH","OINN","Noshahr Airport","Noshahr","36.663299560546875","51.464698791503906"
"SRY","OINZ","Dasht-e Naz Airport","Dasht-e-naz","36.635799408","53.193599700899995"
"LRR","OISL","Lar Airport","Lar","27.6746997833","54.3833007812"
"ADU","OITL","Ardabil Airport","Ardabil","38.3256988525","48.4244003296"
"OMH","OITR","Urmia Airport","Uromiyeh","37.6680984497","45.0686988831"
"AAN","OMAL","Al Ain International Airport","Al Ain","24.261699676513672","55.60919952392578"
"BNP","OPBN","Bannu Airport","Bannu","32.9729","70.527901"
"BHV","OPBW","Bahawalpur Airport","Bahawalpur","29.348100662231445","71.71800231933594"
"CJL","OPCH","Chitral Airport","Chitral","35.886600494384766","71.80059814453125"
"DBA","OPDB","Dalbandin Airport","Dalbandin","28.878299713100002","64.3998031616"
"DEA","OPDG","Dera Ghazi Khan Airport","Dera Ghazi Khan","29.961000442504883","70.48590087890625"
"DSK","OPDI","Dera Ismael Khan Airport","Dera Ismael Khan","31.909400939941406","70.89659881591797"
"JIW","","Jiwani Airport","Jiwani","25.067800521900004","61.8054008484"
"HDD","OPKD","Hyderabad Airport","Hyderabad","25.3181","68.366096"
"KDD","OPKH","Khuzdar Airport","Khuzdar","27.790599823","66.6473007202"
"ORW","OPOR","Ormara Airport","Ormara Raik","25.274700164799995","64.58599853519999"
"PAJ","OPPC","Parachinar Airport","Parachinar","33.902099609400004","70.0716018677"
"KDU","OPSD","Skardu Airport","Skardu","35.33549880981445","75.53600311279297"
"SYW","OPSN","Sehwan Sharif Airport","Sehwan Sharif","26.473100662231445","67.71720123291016"
"TUK","OPTU","Turbat International Airport","Turbat","25.986400604248047","63.03020095825195"
"ISU","ORSU","Sulaymaniyah International Airport","Sulaymaniyah","35.5617485046","45.316738128699996"
"KAC","OSKL","Kamishly Airport","Kamishly","37.020599365234375","41.19139862060547"
"GXF","OYSY","Sayun International Airport","Sayun Intl","15.9660997391","48.78829956049999"
"ADK","PADK","Adak Airport","Adak Island","51.87799835205078","-176.64599609375"
"GST","PAGS","Gustavus Airport","Gustavus","58.4253006","-135.7070007"
"SGY","PAGY","Skagway Airport","Skagway","59.46009826660156","-135.3159942626953"
"HCR","PAHC","Holy Cross Airport","Holy Cross","62.18830108642578","-159.77499389648438"
"HNS","PAHN","Haines Airport","Haines","59.24380111694336","-135.5240020751953"
"KLG","PALG","Kalskag Airport","Kalskag","61.53630065917969","-160.34100341796875"
"MCG","PAMC","McGrath Airport","Mcgrath","62.95289993","-155.6060028"
"MOU","PAMO","Mountain Village Airport","Mountain Village","62.095401763916016","-163.6820068359375"
"ANI","PANI","Aniak Airport","Aniak","61.581600189208984","-159.54299926757812"
"VAK","PAVA","Chevak Airport","Chevak","61.5409","-165.6005"
"WRG","PAWG","Wrangell Airport","Wrangell","56.48429871","-132.3699951"
"OPU","AYBM","Balimo Airport","Balimo","-8.05000019073","142.932998657"
"VMU","AYBA","Baimuru Airport","Baimuru","-7.49686002731","144.819900513"
"LUP","PHLU","Kalaupapa Airport","Molokai","21.21100044","-156.973999"
"ENT","PKMA","Eniwetok Airport","Eniwetok Atoll","11.340700149536133","162.3280029296875"
"LZN","RCFG","Matsu Nangan Airport","Matsu Islands","26.1598","119.958"
"HCN","RCKW","Hengchun Airport","Hengchun","22.041099548339844","120.7300033569336"
"MFK","RCMT","Matsu Beigan Airport","Matsu Islands","26.224199","120.002998"
"KUH","RJCK","Kushiro Airport","Kushiro","43.041000366199995","144.192993164"
"OKD","RJCO","Okadama Airport","Sapporo","43.117447","141.38134"
"HSG","RJFS","Saga Airport","Saga","33.149700164799995","130.302001953"
"NKM","RJNA","Nagoya Airport","Nagoya","35.255001068115234","136.9239959716797"
"IWJ","RJOW","Iwami Airport","Iwami","34.676399231","131.789993286"
"FKS","RJSF","Fukushima Airport","Fukushima","37.22740173339844","140.43099975585938"
"ONJ","RJSR","Odate Noshiro Airport","Odate Noshiro","40.1918983459","140.371002197"
"SYO","RJSY","Shonai Airport","Shonai","38.81219863889999","139.787002563"
"MYE","RJTQ","Miyakejima Airport","Miyakejima","34.073600769","139.559997559"
"KUV","RKJK","Kunsan Air Base","Kunsan","35.90380096435547","126.61599731445312"
"MPK","","Mokpo Heliport","Mokpo","34.7588996887","126.379997253"
"WJU","RKNW","Wonju/Hoengseong Air Base (K-38/K-46)","Wonju","37.441201","127.963858"
"YNY","RKNY","Yangyang International Airport","Sokcho / Gangneung","38.061298","128.669006"
"HIN","RKPS","Sacheon Air Base/Airport","Sacheon","35.088591","128.071747"
"CJJ","RKTU","Cheongju International Airport/Cheongju Air Base (K-59/G-513)","Chongju","36.717008","127.498741"
"SFS","RPLB","Subic Bay International Airport","Olongapo City","14.794400215148926","120.27100372314453"
"CYU","RPLO","Cuyo Airport","Cuyo","10.858099937438965","121.06900024414062"
"\N","","Rajah Buayan Air Base","General Santos City","6.10644006729","125.23500061"
"CGM","RPMH","Camiguin Airport","Camiguin","9.253520011901855","124.70700073242188"
"JOL","RPMJ","Jolo Airport","Jolo","6.0536699295043945","121.01100158691406"
"TWT","RPMN","Sanga Sanga Airport","Sanga Sanga","5.046991","119.742996"
"SUG","RPMS","Surigao Airport","Sangley Point","9.755838325629998","125.480947495"
"TDG","RPMW","Tandag Airport","Tandag","9.072110176086426","126.1709976196289"
"WNP","RPUN","Naga Airport","Naga","13.58489990234375","123.2699966430664"
"BSO","RPUO","Basco Airport","Basco","20.4513","121.980003"
"SFE","RPUS","San Fernando Airport","San Fernando","16.595600128173828","120.3030014038086"
"TUG","RPUT","Tuguegarao Airport","Tuguegarao","17.6433676823","121.733150482"
"VRC","RPUV","Virac Airport","Virac","13.576399803161621","124.20600128173828"
"CYP","RPVC","Calbayog Airport","Calbayog City","12.072699546813965","124.54499816894531"
"CRM","RPVF","Catarman National Airport","Catarman","12.502400398254395","124.63600158691406"
"MBT","RPVJ","Moises R. Espinosa Airport","Masbate","12.369682","123.630095"
"RXS","RPVR","Roxas Airport","Roxas City","11.597700119018555","122.75199890136719"
"TTG","SAST","General Enrique Mosconi Airport","Tartagal","-22.619600296","-63.7937011719"
"LHS","SAVH","Las Heras Airport","Las Heras","-46.53829956049999","-68.9653015137"
"OES","SAVN","Antoine de Saint Exupéry Airport","San Antonio Oeste","-40.7512","-65.0343"
"ING","","Lago Argentino Airport","El Calafate","-50.336102","-72.248596"
"GGS","SAWR","Gobernador Gregores Airport","Gobernador Gregores","-48.7831","-70.150002"
"SST","SAZL","Santa Teresita Airport","Santa Teresita","-36.5423","-56.7218"
"NEC","SAZO","Necochea Airport","Necochea","-38.4831","-58.8172"
"JDO","SBJU","Orlando Bezerra de Menezes Airport","Juazeiro Do Norte","-7.21895980835","-39.270099639899996"
"LEC","SBLE","Coronel Horácio de Mattos Airport","Lençóis","-12.4822998047","-41.2770004272"
"MEA","SBME","Macaé Airport","Macaé","-22.343000412","-41.7659988403"
"MII","SBML","Frank Miloye Milenkowichi–Marília State Airport","Marília","-22.1968994141","-49.926399231"
"VDC","SBVC","Vitória da Conquista Airport","Vitória Da Conquista","-14.8627996445","-40.8630981445"
"RIA","SBSM","Santa Maria Airport","Santa Maria","-29.711399","-53.688202"
"TOW","SBTD","Toledo Airport","Toledo","-24.6863","-53.697498"
"ESR","SCES","Ricardo García Posada Airport","El Salvador","-26.311100006103516","-69.76519775390625"
"ZPC","SCPC","Pucón Airport","Pucon","-39.29280090332031","-71.91590118408203"
"SOD","SDCO","Sorocaba Airport","Sorocaba","-23.478001","-47.490002"
"SCY","SEST","San Cristóbal Airport","San Cristóbal","-0.910206","-89.617401"
"LOH","","Camilo Ponce Enriquez Airport","La Toma (Catamayo)","-3.99589","-79.371902"
"ESM","SETN","General Rivadeneira Airport","Esmeraldas","0.9785190224647522","-79.62660217285156"
"PSY","SFAL","Port Stanley Airport","Stanley","-51.685699462891","-57.777599334717"
"CRC","SKGO","Santa Ana Airport","Cartago","4.75818","-75.9557"
"\N","","La Jagua Airport","Garzón","2.1464","-75.6944"
"LQM","SKLG","Caucaya Airport","Puerto Leguízamo","-0.182278","-74.7708"
"LPD","SKLP","La Pedrera Airport","La Pedrera","-1.32861","-69.5797"
"NQU","SKNQ","Reyes Murillo Airport","Nuquí","5.6964","-77.2806"
"PDA","SKPD","Obando Airport","Puerto Inírida","3.85353","-67.9062"
"EYP","SKYP","El Yopal Airport","Yopal","5.31911","-72.384"
"GYA","","Capitán de Av. Emilio Beltrán Airport","Guayaramerín","-10.820599556","-65.3455963135"
"PUR","SLPR","Puerto Rico Airport","Puerto Rico/Manuripi","-11.107663","-67.551155"
"RIB","SLRI","Capitán Av. Selin Zeitun Lopez Airport","Riberalta","-11","-66"
"REY","SLRY","Reyes Airport","Reyes","-14.3044","-67.353401"
"SRJ","SLSB","Capitán Av. German Quiroga G. Airport","San Borja","-14.859199523925781","-66.73750305175781"
"ORG","SMZO","Zorg en Hoop Airport","Paramaribo","5.81108","-55.190701"
"MVS","SNMU","Mucuri Airport","Mucuri","-18.048900604248047","-39.864200592041016"
"\N","","Caballococha Airport","Caballococha","-3.91686010361","-70.5082015991"
"CJA","SPJR","Mayor General FAP Armando Revoredo Iglesias Airport","Cajamarca","-7.1391801834106445","-78.4894027709961"
"HUU","SPNC","Alferez Fap David Figueroa Fernandini Airport","Huánuco","-9.878809928894043","-76.20480346679688"
"NZC","SPZA","Maria Reiche Neuman Airport","Nazca","-14.854000091600001","-74.9615020752"
"SRA","SSZR","Santa Rosa Airport","Santa Rosa","-27.9067","-54.520401"
"\N","","El Jagüel / Punta del Este Airport","Maldonado","-34.9169998169","-54.916999816899995"
"MYC","SVBS","Escuela Mariscal Sucre Airport","Maracay","10.249978065490723","-67.64942169189453"
"VIG","SVVG","Juan Pablo Pérez Alfonso Airport","El Vigía","8.624139","-71.672668"
"JPR","","Ji-Paraná Airport","Ji-Paraná","-10.870800018299999","-61.8465003967"
"BBQ","TAPB","Codrington Airport","Codrington","17.635799","-61.828602"
"DSD","TFFA","La Désirade Airport","Grande Anse","16.296902","-61.0844"
"BBR","TFFB","Baillif Airport","Basse Terre","16.0132999420166","-61.7421989440918"
"SFC","TFFC","St-François Airport","St-François","16.25779914855957","-61.26250076293945"
"GBJ","TFFM","Les Bases Airport","Grand Bourg","15.86870002746582","-61.27000045776367"
"NEV","TKPN","Vance W. Amory International Airport","Charlestown","17.205699920654297","-62.589900970458984"
"VIJ","TUPW","Virgin Gorda Airport","Spanish Town","18.446399688720703","-64.42749786376953"
"BQU","TVSB","J F Mitchell Airport","Bequia","12.9884004593","-61.2620010376"
"UNI","TVSU","Union Island International Airport","Union Island","12.60013484954834","-61.41194534301758"
"KOV","UACK","Kokshetau Airport","Kokshetau","53.329102","69.594597"
"PPK","UACP","Petropavlosk South Airport","Petropavlosk","54.77470016479492","69.18389892578125"
"DZN","UAKD","Zhezkazgan Airport","Zhezkazgan","47.708302","67.733299"
"UKK","UASK","Ust-Kamennogorsk Airport","Ust Kamenogorsk","50.036598205566406","82.49420166015625"
"KSN","UAUU","Kostanay West Airport","Kostanay","53.20690155029297","63.55030059814453"
"KVD","","Ganja Airport","Ganja","40.737701416015625","46.31760025024414"
"NAJ","UBBN","Nakhchivan Airport","Nakhchivan","39.18880081176758","45.45840072631836"
"NER","UELL","Chulman Airport","Neryungri","56.913898468018","124.91400146484"
"PYJ","UERP","Polyarny Airport","Yakutia","66.4003982544","112.029998779"
"CKH","UESO","Chokurdakh Airport","Chokurdah","70.62310028076172","147.90199279785156"
"CYX","UESS","Cherskiy Airport","Cherskiy","68.7406005859375","161.33799743652344"
"IKS","UEST","Tiksi Airport","Tiksi","71.697700500488","128.90299987793"
"KXK","UHKK","Komsomolsk-on-Amur Airport","Komsomolsk-on-Amur","50.409000396728516","136.9340057373047"
"DYR","UHMA","Ugolny Airport","Anadyr","64.734902","177.740997"
"OHO","UHOO","Okhotsk Airport","Okhotsk","59.410064697265625","143.05650329589844"
"UJE","","Ujae Atoll Airport","Ujae Atoll","8.92805957794","165.761993408"
"MPW","UKCM","Mariupol International Airport","Mariupol International","47.07609939575195","37.44960021972656"
"VSG","","Luhansk International Airport","Lugansk","48.4174003601","39.3740997314"
"OZH","UKDE","Zaporizhzhia International Airport","Zaporozhye","47.867000579833984","35.31570053100586"
"KWG","UKDR","Kryvyi Rih International Airport","Krivoy Rog","48.04330062866211","33.209999084472656"
"HRK","UKHH","Kharkiv International Airport","Kharkov","49.924800872802734","36.290000915527344"
"IFO","UKLI","Ivano-Frankivsk International Airport","Ivano-Frankivsk","48.88420104980469","24.686100006103516"
"CWC","UKLN","Chernivtsi International Airport","Chernovtsk","48.259300231933594","25.98080062866211"
"RWN","UKLR","Rivne International Airport","Rivne","50.60710144042969","26.141599655151367"
"UDJ","UKLU","Uzhhorod International Airport","Uzhgorod","48.634300231933594","22.263399124145508"
"CSH","","Solovki Airport","Solovetsky Islands","65.0299987793","35.7333335876"
"CEE","ULWC","Cherepovets Airport","Cherepovets","59.273601532","38.015800476100004"
"AMV","ULDD","Amderma Airport","Amderma","69.76329803466797","61.556400299072266"
"KSZ","ULKK","Kotlas Airport","Kotlas","61.235801696777344","46.6974983215332"
"PES","ULPB","Petrozavodsk Airport","Petrozavodsk","61.88520050048828","34.154701232910156"
"GNA","UMMG","Hrodna Airport","Hrodna","53.60200119018555","24.053800582885742"
"MVQ","UMOO","Mogilev Airport","Mogilev","53.954898834228516","30.09510040283203"
"EIE","UNII","Yeniseysk Airport","Yeniseysk","58.47420120239258","92.11250305175781"
"KYZ","UNKY","Kyzyl Airport","Kyzyl","51.66939926147461","94.40059661865234"
"NOZ","UNWW","Spichenkovo Airport","Novokuznetsk","53.811401","86.877197"
"HTG","UOHH","Khatanga Airport","Khatanga","71.97810363769531","102.49099731445312"
"IAA","UOII","Igarka Airport","Igarka","67.43720245361328","86.62190246582031"
"\N","","Khankala Air Base","Grozny","43.298099517822266","45.78409957885742"
"NAL","URMN","Nalchik Airport","Nalchik","43.512901306152344","43.636600494384766"
"OGZ","URMO","Beslan Airport","Beslan","43.2051010132","44.6066017151"
"ESL","URWI","Elista Airport","Elista","46.3739013671875","44.33089828491211"
"WKK","","Aleknagik / New Airport","Aleknagik","59.2826004028","-158.617996216"
"BLF","KBLF","Mercer County Airport","Bluefield","37.295799255371094","-81.20770263671875"
"GLH","KGLH","Mid Delta Regional Airport","Greenville","33.4828987121582","-90.98560333251953"
"PSC","KPSC","Tri Cities Airport","Pasco","46.26470184326172","-119.11900329589844"
"KQA","","Akutan Seaplane Base","Akutan","54.1337704415","-165.778895617"
"LPS","","Lopez Island Airport","Lopez","48.4838981628418","-122.93800354003906"
"SLY","USDD","Salekhard Airport","Salekhard","66.5907974243164","66.61100006103516"
"HMA","USHH","Khanty Mansiysk Airport","Khanty-Mansiysk","61.028499603271484","69.08609771728516"
"NYA","USHN","Nyagan Airport","Nyagan","62.110001","65.614998"
"OVS","USHS","Sovetskiy Airport","Sovetskiy","61.326622009277344","63.60191345214844"
"IJK","USII","Izhevsk Airport","Izhevsk","56.82809829711914","53.45750045776367"
"KVX","USKK","Pobedilovo Airport","Kirov","58.503299713135","49.348300933838"
"NYM","USMM","Nadym Airport","Nadym","65.48090362548828","72.69889831542969"
"RAT","","Raduzhny Airport","Raduzhnyi","62.1585998535","77.32890319820001"
"NFG","USRN","Nefteyugansk Airport","Nefteyugansk","61.108299255371094","72.6500015258789"
"KRO","USUU","Kurgan Airport","Kurgan","55.47529983520508","65.41560363769531"
"LBD","UTDL","Khudzhand Airport","Khudzhand","40.21540069580078","69.6947021484375"
"AZN","UZFA","Andizhan Airport","Andizhan","40.7276992798","72.2939987183"
"FEG","UZFF","Fergana International Airport","Fergana","40.358798980699994","71.7450027466"
"NMA","UZFN","Namangan Airport","Namangan","40.9846000671","71.5567016602"
"NCU","UZNN","Nukus Airport","Nukus","42.488399505615234","59.62329864501953"
"UGC","UZNU","Urgench Airport","Urgench","41.58430099487305","60.641700744628906"
"KSQ","UZSK","Karshi Khanabad Airport","Khanabad","38.8335990906","65.9215011597"
"TMJ","UZST","Termez Airport","Termez","37.28670120239258","67.30999755859375"
"RYB","UUBK","Staroselye Airport","Rybinsk","58.10419845581055","38.92940139770508"
"EGO","UUOB","Belgorod International Airport","Belgorod","50.643798828125","36.5900993347168"
"URS","UUOK","Kursk East Airport","Kursk","51.7505989074707","36.29560089111328"
"LPK","UUOL","Lipetsk Airport","Lipetsk","52.70280075073242","39.53779983520508"
"VKT","UUYW","Vorkuta Airport","Vorkuta","67.48860168457031","63.993099212646484"
"UUA","UWKB","Bugulma Airport","Bugulma","54.63999938964844","52.801700592041016"
"JOK","UWKJ","Yoshkar-Ola Airport","Yoshkar-Ola","56.700599670410156","47.904701232910156"
"CSY","UWKS","Cheboksary Airport","Cheboksary","56.090301513671875","47.3473014831543"
"ULY","UWLW","Ulyanovsk East Airport","Ulyanovsk","54.4010009765625","48.80270004272461"
"OSW","UWOR","Orsk Airport","Orsk","51.0724983215332","58.59560012817383"
"PEZ","UWPP","Penza Airport","Penza","53.110599517822266","45.02109909057617"
"SKX","UWPS","Saransk Airport","Saransk","54.12512969970703","45.212257385253906"
"BWO","UWSB","Balakovo Airport","Balakovo","51.8582992554","47.7456016541"
"HBX","VOHB","Hubli Airport","Hubli","15.361700058","75.08489990230001"
"KCT","VCCK","Koggala Airport","Koggala","5.993680000305176","80.32029724121094"
"WRZ","VCCW","Weerawila Airport","Wirawila","6.25448989868","81.23519897460001"
"BBM","VDBG","Battambang Airport","Battambang","13.095600128173828","103.2239990234375"
"SHL","VEBI","Shillong Airport","Shillong","25.70359992980957","91.97869873046875"
"GAU","VEGT","Lokpriya Gopinath Bordoloi International Airport","Guwahati","26.10610008239746","91.58589935302734"
"DMU","VEMR","Dimapur Airport","Dimapur","25.883899688699998","93.77110290530001"
"TEZ","VETZ","Tezpur Airport","Tezpur","26.7091007232666","92.78469848632812"
"BZL","VGBR","Barisal Airport","Barisal","22.801000595092773","90.30120086669922"
"HOE","VLHS","Ban Huoeisay Airport","Huay Xai","20.2572994232","100.43699646"
"BHR","VNBP","Bharatpur Airport","Bharatpur","27.678101","84.429398"
"BDP","VNCG","Bhadrapur Airport","Chandragarhi","26.5708007812","88.07959747310001"
"MEY","VNMG","Meghauli Airport","Meghauli","27.5774","84.22875"
"KEP","VNNG","Nepalgunj Airport","Nepalgunj","28.103599548339844","81.66699981689453"
"GAN","VRMG","Gan International Airport","Gan Island","-0.693342","73.155602"
"HAQ","VRMH","Hanimaadhoo Airport","Haa Dhaalu Atoll","6.744229793548584","73.17050170898438"
"KDO","VRMK","Kadhdhoo Airport","Laamu Atoll","1.8591699600219727","73.52189636230469"
"MAQ","VTPM","Mae Sot Airport","Tak","16.699899673461914","98.54509735107422"
"BMV","VVBM","Buon Ma Thuot Airport","Buonmethuot","12.668299675","108.120002747"
"HPH","VVCI","Cat Bi International Airport","Haiphong","20.819400787353516","106.7249984741211"
"CXR","VVCR","Cam Ranh Airport","Nha Trang","11.998200416564941","109.21900177001953"
"VCS","VVCS","Co Ong Airport","Conson","8.73183","106.633003"
"VCA","VVCT","Can Tho International Airport","Can Tho","10.085100174","105.711997986"
"DIN","VVDB","Dien Bien Phu Airport","Dienbienphu","21.3974990845","103.008003235"
"UIH","VVPC","Phu Cat Airport","Phucat","13.955","109.042"
"PXU","VVPK","Pleiku Airport","Pleiku","14.004500389099121","108.01699829101562"
"VII","VVVH","Vinh Airport","Vinh","18.7376003265","105.67099762"
"BMO","VYBM","Banmaw Airport","Banmaw","24.268999099731445","97.24620056152344"
"TVY","VYDW","Dawei Airport","Dawei","14.103899955749512","98.20359802246094"
"KAW","VYKT","Kawthoung Airport","Kawthoung","10.049300193786621","98.53800201416016"
"LIW","VYLK","Loikaw Airport","Loikaw","19.691499710083008","97.21479797363281"
"MNU","VYMM","Mawlamyine Airport","Mawlamyine","16.444700241088867","97.66069793701172"
"BSX","VYPN","Pathein Airport","Pathein","16.815201","94.7799"
"PKK","VYPU","Pakhokku Airport","Pakhokku","21.4043","95.11125"
"SWQ","WADS","Sumbawa Besar Airport","Sumbawa Island","-8.48904037475586","117.41200256347656"
"TMC","WATK","Tambolaka Airport","Waikabubak-Sumba Island","-9.40972","119.244003"
"BUI","","Bokondini Airport","Bokondini-Papua Island","-3.6822","138.6755"
"SEH","WAJS","Senggeh Airport","Senggeh-Papua Island","-3.45","140.779"
"TJS","","Tanjung Harapan Airport","Tanjung Selor-Borneo Island","2.83583333333","117.373611111"
"DTD","WALJ","Datadawai Airport","Datadawai-Borneo Island","0.8106","114.5306"
"BEJ","WAQT","Kalimarau Airport","Tanjung Redep-Borneo Island","2.1555","117.431999"
"TJG","WAON","Warukin Airport","Tanjung-Borneo Island","-2.21655988693","115.435997009"
"SMQ","WAGS","Sampit(Hasan) Airport","Sampit-Borneo Island","-2.49919009209","112.974998474"
"LUV","WAPF","Dumatumbun Airport","Langgur-Kei Islands","-5.661620140075684","132.7310028076172"
"ARD","WATM","Mali Airport","Alor Island","-8.132340431213379","124.59700012207031"
"BLG","WBGC","Belaga Airport","Belaga","2.65000009537","113.766998291"
"LGL","WBGF","Long Lellang Airport","Long Datih","3.4210000038099997","115.153999329"
"ODN","WBGI","Long Seridan Airport","Long Seridan","3.9670000076293945","115.05000305175781"
"MKM","WBGK","Mukah Airport","Mukah","2.90639","112.080002"
"BKM","WBGQ","Bakalalan Airport","Bakalalan","3.9739999771118164","115.61799621582031"
"LWY","WBGW","Lawas Airport","Lawas","4.84917","115.407997"
"BBN","WBGZ","Bario Airport","Bario","3.7338900566101074","115.47899627685547"
"TMG","WBKM","Tomanggong Airport","Tomanggong","5.40257","118.65763"
"KUD","WBKT","Kudat Airport","Kudat","6.922500133514404","116.83599853515625"
"TKG","WILL","Radin Inten II (Branti) Airport","Bandar Lampung-Sumatra Island","-5.240556","105.175556"
"HLP","WIHH","Halim Perdanakusuma International Airport","Jakarta","-6.266610145568848","106.89099884033203"
"NTX","","Ranai Airport","Ranai-Natuna Besar Island","3.90871","108.388"
"PSU","WIOP","Pangsuma Airport","Putussibau-Borneo Island","0.8355780243873596","112.93699645996094"
"SQG","WIOS","Sintang(Susilo) Airport","Sintang-Borneo Island","0.06361900269985199","111.4729995727539"
"PDO","WIPQ","Pendopo Airport","Talang Gudang-Sumatra Island","-3.2860701084136963","103.87999725341797"
"LSW","WIMA","Malikus Saleh Airport","Lhok Seumawe-Sumatra Island","5.226679801940918","96.95030212402344"
"PKG","WMPA","Pulau Pangkor Airport","Pangkor Island","4.244719982147217","100.5530014038086"
"LBW","WAQJ","Long Bawan Airport","Long Bawan-Borneo Island","3.9028","115.6921"
"NNX","WAQA","Nunukan Airport","Nunukan-Nunukan Island","4.13333333333","117.666666667"
"LPU","WAQL","Long Apung Airport","Long Apung-Borneo Island","1.704486","114.970297"
"ALH","YABA","Albany Airport","Albany","-34.94329833984375","117.80899810791016"
"GYL","YARG","Argyle Airport","Argyle","-16.6369","128.451004"
"AUU","YAUR","Aurukun Airport","Aurukun","-13.354067","141.72065"
"BCI","YBAR","Barcaldine Airport","Barcaldine","-23.5652999878","145.307006836"
"BDD","YBAU","Badu Island Airport","Badu Island","-10.149999618499999","142.1734"
"BVI","YBDV","Birdsville Airport","Birdsville","-25.897499084472656","139.34800720214844"
"BHQ","YBHI","Broken Hill Airport","Broken Hill","-32.0013999939","141.472000122"
"HTI","YBHM","Hamilton Island Airport","Hamilton Island","-20.3581008911","148.95199585"
"BEU","YBIE","Bedourie Airport","Bedourie","-24.346099853515625","139.4600067138672"
"BRK","YBKE","Bourke Airport","Bourke","-30.039199829101562","145.95199584960938"
"BUC","YBKT","Burketown Airport","Burketown","-17.748600006103516","139.53399658203125"
"GIC","YBOI","Boigu Airport","Boigu","-9.23278045654","142.218002319"
"OKY","YBOK","Oakey Airport","Oakey","-27.411399841308594","151.73500061035156"
"BQL","YBOU","Boulia Airport","Boulia","-22.913299560546875","139.89999389648438"
"BHS","YBTH","Bathurst Airport","Bathurst","-33.4094009399","149.651992798"
"BLT","YBTR","Blackwater Airport","Blackwater","-23.603099822998047","148.8070068359375"
"CVQ","YCAR","Carnarvon Airport","Carnarvon","-24.880211","113.67174"
"CAZ","YCBA","Cobar Airport","Cobar","-31.538299560546875","145.79400634765625"
"CPD","YCBP","Coober Pedy Airport","Coober Pedy","-29.040000915527344","134.7209930419922"
"CNC","YCCT","Coconut Island Airport","Coconut Island","-10.050000190734863","143.07000732421875"
"CNJ","YCCY","Cloncurry Airport","Cloncurry","-20.668600082399998","140.503997803"
"CED","YCDU","Ceduna Airport","Ceduna","-32.13059997558594","133.7100067138672"
"CTN","YCKN","Cooktown Airport","Cooktown","-15.444700241088867","145.1840057373047"
"CMA","YCMU","Cunnamulla Airport","Cunnamulla","-28.030000686645508","145.6219940185547"
"CNB","YCNM","Coonamble Airport","Coonamble","-30.983299255371094","148.37600708007812"
"CUQ","YCOE","Coen Airport","Coen","-13.761133","143.113311"
"OOM","YCOM","Cooma Snowy Mountains Airport","Cooma","-36.3005981445","148.973999023"
"DMD","YDMG","Doomadgee Airport","Doomadgee","-17.9403","138.822006"
"NLF","YDNI","Darnley Island Airport","Darnley Island","-9.583330154418945","143.76699829101562"
"DPO","YDPO","Devonport Airport","Devonport","-41.1697006226","146.429992676"
"ELC","YELD","Elcho Island Airport","Elcho Island","-12.019399642899998","135.570999146"
"EPR","YESP","Esperance Airport","Esperance","-33.684399","121.822998"
"FLS","YFLI","Flinders Island Airport","Flinders Island","-40.0917015076","147.992996216"
"GET","YGEL","Geraldton Airport","Geraldton","-28.796101","114.707001"
"GLT","YGLA","Gladstone Airport","Gladstone","-23.869699","151.223007"
"GTE","YGTE","Groote Eylandt Airport","Groote Eylandt","-13.975000381500001","136.460006714"
"GFF","YGTH","Griffith Airport","Griffith","-34.2508010864","146.067001343"
"HID","YHID","Horn Island Airport","Horn Island","-10.586400032","142.289993286"
"HOK","YHOO","Hooker Creek Airport","Hooker Creek","-18.3367004395","130.638000488"
"MHU","YHOT","Mount Hotham Airport","Mount Hotham","-37.0475006104","147.333999634"
"HGD","YHUG","Hughenden Airport","Hughenden","-20.815000534057617","144.22500610351562"
"JCK","YJLC","Julia Creek Airport","Julia Creek","-20.66830062866211","141.72300720214844"
"KAX","YKBR","Kalbarri Airport","Kalbarri","-27.692813","114.259169"
"KNS","YKII","King Island Airport","King Island","-39.877498626708984","143.8780059814453"
"KFG","YKKG","Kalkgurung Airport","Kalkgurung","-17.431900024414062","130.80799865722656"
"KRB","YKMB","Karumba Airport","Karumba","-17.45669937133789","140.8300018310547"
"KWM","YKOW","Kowanyama Airport","Kowanyama","-15.485600471496582","141.75100708007812"
"KUG","YKUB","Kubin Airport","Kubin","-10.225000381500001","142.218002319"
"LNO","YLEO","Leonora Airport","Leonora","-28.87809944152832","121.31500244140625"
"LEL","YLEV","Lake Evella Airport","Lake Evella","-12.498900413513184","135.80599975585938"
"LDH","YLHI","Lord Howe Island Airport","Lord Howe Island","-31.5382995605","159.07699585"
"IRG","YLHR","Lockhart River Airport","Lockhart River","-12.7869","143.304993"
"LSY","YLIS","Lismore Airport","Lismore","-28.8302993774","153.259994507"
"LHG","YLRD","Lightning Ridge Airport","Lightning Ridge","-29.45669937133789","147.98399353027344"
"LRE","YLRE","Longreach Airport","Longreach","-23.4342002869","144.279998779"
"LER","YLST","Leinster Airport","Leinster","-27.843299865722656","120.7030029296875"
"LVO","YLTN","Laverton Airport","Laverton","-28.61359977722168","122.42400360107422"
"UBB","YMAA","Mabuiag Island Airport","Mabuiag Island","-9.949999809265137","142.18299865722656"
"MKR","YMEK","Meekatharra Airport","Meekatharra","-26.6117000579834","118.5479965209961"
"MIM","YMER","Merimbula Airport","Merimbula","-36.9085998535","149.901000977"
"MGT","YMGB","Milingimbi Airport","Milingimbi","-12.0944004059","134.893997192"
"MNG","YMGD","Maningrida Airport","Maningrida","-12.0560998917","134.23399353"
"MCV","YMHU","McArthur River Mine Airport","McArthur River Mine","-16.4424991608","136.083999634"
"MQL","YMIA","Mildura Airport","Mildura","-34.229198455799995","142.085998535"
"MMG","YMOG","Mount Magnet Airport","Mount Magnet","-28.116100311279297","117.84200286865234"
"MRZ","YMOR","Moree Airport","Moree","-29.498899459799997","149.845001221"
"MOV","YMRB","Moranbah Airport","Moranbah","-22.057800293","148.07699585"
"MYA","YMRY","Moruya Airport","Moruya","-35.8978004456","150.143997192"
"MGB","YMTG","Mount Gambier Airport","Mount Gambier","-37.745601654052734","140.78500366210938"
"ONG","YMTI","Mornington Island Airport","Mornington Island","-16.662500381469727","139.17799377441406"
"MYI","YMAE","Murray Island Airport","Murray Island","-9.91666984558","144.054992676"
"MBH","YMYB","Maryborough Airport","Maryborough","-25.5133","152.714996"
"NRA","YNAR","Narrandera Airport","Narrandera","-34.7022018433","146.511993408"
"NAA","YNBR","Narrabri Airport","Narrabri","-30.3192005157","149.82699585"
"NTN","YNTN","Normanton Airport","Normanton","-17.68409","141.069664"
"ZNE","YNWN","Newman Airport","Newman","-23.417800903299998","119.803001404"
"OLP","YOLD","Olympic Dam Airport","Olympic Dam","-30.485000610399997","136.876998901"
"PUG","YPAG","Port Augusta Airport","Argyle","-32.506900787353516","137.7169952392578"
"PMK","YPAM","Palm Island Airport","Palm Island","-18.755300521850586","146.58099365234375"
"PBO","YPBO","Paraburdoo Airport","Paraburdoo","-23.1711006165","117.745002747"
"CCK","YPCC","Cocos (Keeling) Islands Airport","Cocos Keeling Island","-12.1883001328","96.8339004517"
"GOV","YPGV","Gove Airport","Gove","-12.269399642899998","136.817993164"
"PKE","YPKS","Parkes Airport","Parkes","-33.131401062","148.238998413"
"PLO","YPLC","Port Lincoln Airport","Port Lincoln","-34.6053009033","135.880004883"
"EDR","YPMP","Pormpuraaw Airport","Pormpuraaw","-14.896451","141.60908"
"PQQ","YPMQ","Port Macquarie Airport","Port Macquarie","-31.4358005524","152.863006592"
"PTJ","YPOD","Portland Airport","Portland","-38.31809997558594","141.4709930419922"
"ULP","YQLP","Quilpie Airport","Quilpie","-26.612199783325195","144.2530059814453"
"RAM","YRNG","Ramingining Airport","Ramingining","-12.356399536132812","134.8979949951172"
"RMA","YROM","Roma Airport","Roma","-26.545000076300003","148.774993896"
"SGO","YSGE","St George Airport","St George","-28.049699783325195","148.59500122070312"
"MJK","YSHK","Shark Bay Airport","Shark Bay","-25.8938999176","113.577003479"
"SBR","YSII","Saibai Island Airport","Saibai Island","-9.378330230710002","142.625"
"SRN","YSRN","Strahan Airport","Strahan","-42.154998779296875","145.29200744628906"
"XTG","YTGM","Thargomindah Airport","Thargomindah","-27.986400604248047","143.81100463867188"
"TCA","YTNK","Tennant Creek Airport","Tennant Creek","-19.6343994140625","134.18299865722656"
"VCD","YVRD","Victoria River Downs Airport","Victoria River Downs","-16.402124404907227","131.00497436523438"
"SYU","YWBS","Warraber Island Airport","Sue Islet","-10.20829963684082","142.8249969482422"
"WNR","YWDH","Windorah Airport","Windorah","-25.41309928894043","142.66700744628906"
"WYA","YWHA","Whyalla Airport","Whyalla","-33.05889892578125","137.51400756835938"
"WUN","YWLU","Wiluna Airport","Wiluna","-26.629199981689453","120.22100067138672"
"WOL","","Wollongong Airport","Wollongong","-34.561100006103516","150.78900146484375"
"WIN","YWTN","Winton Airport","Winton","-22.36359977722168","143.08599853515625"
"BWT","YWYY","Wynyard Airport","Burnie","-40.9989013671875","145.7310028076172"
"OKR","YYKI","Yorke Island Airport","Yorke Island","-9.752801","143.405673"
"XMY","YYMI","Yam Island Airport","Yam Island","-9.90110969543457","142.7760009765625"
"NAY","ZBNY","Beijing Nanyuan Airport","Beijing","39.782798767089844","116.38800048828125"
"CIF","ZBCF","Chifeng Airport","Chifeng","42.23500061035156","118.90799713134766"
"CIH","ZBCZ","Changzhi Airport","Changzhi","36.247501","113.125999"
"DAT","ZBDT","Datong Airport","Datong","40.060299","113.482002"
"HET","ZBHH","Baita International Airport","Hohhot","40.851398","111.823997"
"BAV","ZBOW","Baotou Airport","Baotou","40.560001373291016","109.99700164794922"
"SJW","ZBSJ","Shijiazhuang Daguocun International Airport","Shijiazhuang","38.28070068359375","114.6969985961914"
"TGO","ZBTL","Tongliao Airport","Tongliao","43.556702","122.199997"
"HLH","ZBUL","Ulanhot Airport","Ulanhot","46.195333","122.008333"
"XIL","ZBXH","Xilinhot Airport","Xilinhot","43.91559982299805","115.96399688720703"
"BHY","ZGBH","Beihai Airport","Beihai","21.5394","109.293999"
"CGD","ZGCD","Changde Airport","Changde","28.9188995361","111.63999939"
"DYG","ZGDY","Dayong Airport","Dayong","29.1028","110.443001"
"MXZ","ZGMX","Meixian Airport","Meixian","24.350000381469727","116.13300323486328"
"ZUH","ZGSD","Zhuhai Jinwan Airport","Zhuhai","22.006399","113.375999"
"LZH","ZGZH","Liuzhou Bailian Airport","Liuzhou","24.2075","109.390999"
"ZHA","ZGZJ","Zhanjiang Airport","Zhanjiang","21.214399","110.358002"
"ENH","ZHES","Enshi Airport","Enshi","30.3202991486","109.48500061"
"NNY","ZHNY","Nanyang Jiangying Airport","Nanyang","32.980801","112.614998"
"XFN","ZHXF","Xiangyang Liuji Airport","Xiangfan","32.1506","112.291"
"YIH","ZHYC","Yichang Sanxia Airport","Yichang","30.55655","111.479988"
"AKA","ZLAK","Ankang Wulipu Airport","Ankang","32.708099","108.931"
"GOQ","ZLGM","Golmud Airport","Golmud","36.4006","94.786102"
"HZG","ZLHZ","Hanzhong Chenggu Airport","Hanzhong","33.134136","107.206014"
"IQN","ZLQY","Qingyang Airport","Qingyang","35.799702","107.602997"
"XNN","ZLXN","Xining Caojiabu Airport","Xining","36.5275","102.042999"
"ENY","ZLYA","Yan'an Ershilipu Airport","Yan'an","36.636902","109.554001"
"UYN","ZLYL","Yulin Yuyang Airport","Yulin","38.35971","109.590927"
"AVK","ZMAH","Arvaikheer Airport","Arvaikheer","46.250301361083984","102.802001953125"
"LTI","ZMAT","Altai Airport","Altai","46.376399993896484","96.22109985351562"
"BYN","ZMBH","Bayankhongor Airport","Bayankhongor","46.163299560546875","100.7040023803711"
"DLZ","ZMDZ","Dalanzadgad Airport","Dalanzadgad","43.59170150756836","104.43000030517578"
"HVD","ZMKD","Khovd Airport","Khovd","47.9541015625","91.6281967163086"
"MXV","ZMMN","Mörön Airport","Muren","49.663299560546875","100.0989990234375"
"DIG","ZPDQ","Diqing Airport","Shangri-La","27.7936","99.6772"
"LUM","ZPMS","Mangshi Airport","Luxi","24.4011","98.5317"
"SYM","ZPSM","Pu'er Simao Airport","Simao","22.793301","100.959"
"ZAT","ZPZT","Zhaotong Airport","Zhaotong","27.325599670410156","103.75499725341797"
"KOW","ZSGZ","Ganzhou Airport","Ganzhou","25.853333","114.778889"
"JDZ","ZSJD","Jingdezhen Airport","Jingdezhen","29.3386001587","117.176002502"
"JIU","ZSJJ","Jiujiang Lushan Airport","Jiujiang","29.476944","115.801111"
"JUZ","ZSJU","Quzhou Airport","Quzhou","28.965799","118.899002"
"LYG","ZSLG","Lianyungang Airport","Lianyungang","34.571667","118.873611"
"HYN","ZSLQ","Huangyan Luqiao Airport","Huangyan","28.56220054626465","121.42900085449219"
"LYI","ZSLY","Shubuling Airport","Linyi","35.04610061645508","118.41200256347656"
"JJN","ZSQZ","Quanzhou Jinjiang International Airport","Quanzhou","24.7964","118.589996"
"TXN","ZSTX","Tunxi International Airport","Huangshan","29.733299255371094","118.25599670410156"
"WEF","ZSWF","Weifang Airport","Weifang","36.646702","119.119003"
"WEH","ZSWH","Weihai Airport","Weihai","37.18709945678711","122.22899627685547"
"WUX","ZSWX","Sunan Shuofang International Airport","Wuxi","31.494400024399997","120.429000854"
"WUS","ZSWY","Nanping Wuyishan Airport","Wuyishan","27.7019","118.000999"
"WNZ","ZSWZ","Wenzhou Longwan International Airport","Wenzhou","27.912201","120.851997"
"YNZ","ZSYN","Yancheng Airport","Yancheng","33.425833","120.203056"
"YIW","ZSYW","Yiwu Airport","Yiwu","29.3446998596","120.031997681"
"HSN","ZSZS","Zhoushan Airport","Zhoushan","29.9342002869","122.361999512"
"BPX","ZUBD","Qamdo Bangda Airport","Bangda","30.553600311279297","97.1082992553711"
"DAX","ZUDX","Dachuan Airport","Dazhou","31.1302","107.4295"
"GYS","ZUGU","Guangyuan Airport","Guangyuan","32.3911018371582","105.7020034790039"
"LZO","ZULZ","Luzhou Airport","Luzhou","28.85219955444336","105.39299774169922"
"MIG","ZUMY","Mianyang Airport","Mianyang","31.4281005859375","104.74099731445312"
"NAO","ZUNC","Nanchong Airport","Nanchong","30.79545","106.1626"
"LZY","ZUNZ","Nyingchi Airport","Nyingchi","29.303300857543945","94.33529663085938"
"WXN","ZUWX","Wanxian Airport","Wanxian","30.8017","108.433"
"AKU","ZWAK","Aksu Airport","Aksu","41.262501","80.291702"
"IQM","ZWCM","Qiemo Yudu Airport","Qiemo","38.233611","85.465556"
"KCA","ZWKC","Kuqa Airport","Kuqa","41.677856","82.872917"
"KRL","ZWKL","Korla Airport","Korla","41.69779968261719","86.12889862060547"
"KRY","ZWKM","Karamay Airport","Karamay","45.46655","84.9527"
"YIN","ZWYN","Yining Airport","Yining","43.955799","81.330299"
"HEK","ZYHE","Heihe Airport","Heihe","50.1716209371","127.308883667"
"JMU","ZYJM","Jiamusi Airport","Jiamusi","46.84339904789999","130.464996338"
"JNZ","ZYJZ","Jinzhou Airport","Jinzhou","41.10139846801758","121.06199645996094"
"NDG","ZYQQ","Qiqihar Sanjiazi Airport","Qiqihar","47.239601135253906","123.91799926757812"
"YNJ","ZYYJ","Yanji Chaoyangchuan Airport","Yanji","42.8828010559","129.451004028"
"WKL","","Waikoloa Heliport","Waikoloa Village","19.9205","-155.8607"
"WME","YMNE","Mount Keith Airport","Mount Keith","-27.286399841308594","120.55500030517578"
"LRV","SVRS","Los Roques Airport","Los Roques","11.9499998093","-66.66999816890001"
"IOR","EIIM","Inishmore Aerodrome","Inis Mor","53.1067008972168","-9.653610229492188"
"NNR","EICA","Connemara Regional Airport","Indreabhan","53.23030090332031","-9.467780113220215"
"GTI","EDCG","Rügen Airport","Ruegen","54.3833312988","13.3255558014"
"EZV","","Berezovo Airport","Berezovo","63.92100143432617","65.03050231933594"
"\N","","Szczecin-Dąbie Airport","Szczecin","53.3921012878418","14.63379955291748"
"ORH","KORH","Worcester Regional Airport","Worcester","42.26729965209961","-71.87570190429688"
"AQG","ZSAQ","Anqing Tianzhushan Airport","Anqing","30.582199","117.050003"
"SHP","","Shanhaiguan Airport","Qinhuangdao","39.968102","119.731003"
"YCU","ZBYC","Yuncheng Guangong Airport","Yuncheng","35.116391","111.031388889"
"\N","","Lanzhou City Airport","Lanzhou","36.033333","103.86667"
"JGN","ZLJQ","Jiayuguan Airport","Jiayuguan","39.856899","98.3414"
"DDG","ZYDD","Dandong Airport","Dandong","40.0247","124.286003"
"DSN","ZBDS","Ordos Ejin Horo Airport","Dongsheng","39.49","109.861388889"
"PZI","ZUZH","Bao'anying Airport","Panzhihua","26.54","101.79852"
"PWT","KPWT","Bremerton National Airport","Bremerton","47.490200042725","-122.76499938965"
"SPW","KSPW","Spencer Municipal Airport","Spencer","43.165500640869","-95.202796936035"
"JEF","KJEF","Jefferson City Memorial Airport","Jefferson City","38.5912017822","-92.15609741210001"
"\N","","Tannheim Airfield","Tannheim","48.009998","10.098611"
"UNT","","Unst Airport","Unst","60.74720001220703","-0.8538500070571899"
"\N","","Berkley Structures Heliport","Pagerungan","47.682043","-122.148456"
"PVC","KPVC","Provincetown Municipal Airport","Provincetown","42.0718994141","-70.2213973999"
"\N","","Anduki Airport","Seria","4.637000083920001","114.382003784"
"SBH","TFFJ","Gustaf III Airport","Gustavia","17.904399871826172","-62.84360122680664"
"KMW","UUBA","Kostroma Sokerkino Airport","Kostroma","57.7969017029","41.019401550299996"
"SUI","UGSS","Sukhumi Dranda Airport","Sukhumi","42.8582000732","41.128101348899996"
"TBW","UUOT","Donskoye Airport","Tambow","52.806098937988","41.482799530029"
"OBN","EGEO","Oban Airport","North Connel","56.4635009765625","-5.399670124053955"
"ERM","SSER","Erechim Airport","Erechim","-27.66189956665039","-52.2682991027832"
"\N","","La Côte Airport","Prangins","46.40639877319336","6.258059978485107"
"CVF","LFLJ","Courchevel Airport","Courcheval","45.39670181274414","6.6347198486328125"
"FUL","KFUL","Fullerton Municipal Airport","Fullerton","33.8720016479","-117.980003357"
"USA","KJQF","Concord-Padgett Regional Airport","Concord","35.387798","-80.709099"
"\N","","Isle of Wight / Sandown Airport","Isle Of Wight","50.653099","-1.18221998"
"NVI","UZSA","Navoi Airport","Navoi","40.1171989440918","65.1707992553711"
"\N","","Andernos Les Bains Airport","Andernos-Les-Bains","44.7561","-1.06333"
"\N","","Bienenfarm Airport","Nauen","52.661667","12.745833"
"QSF","DAAS","Ain Arnat Airport","Setif","36.178100585900005","5.3244900703399995"
"LRH","LFBH","La Rochelle-Île de Ré Airport","La Rochelle","46.17919921875","-1.1952799558639526"
"SUN","KSUN","Friedman Memorial Airport","Hailey","43.50439835","-114.2959976"
"\N","","Yverdon-les-Bains Airport","Yverdon-Les-Bains","46.7619018555","6.61332988739"
"\N","","Bielsko Biala Airport","Bielsko-Biala","49.80500030517578","19.00189971923828"
"MCW","KMCW","Mason City Municipal Airport","Mason City","43.157798767100005","-93.3312988281"
"AZA","KIWA","Phoenix-Mesa-Gateway Airport","Mesa","33.30780029","-111.6549988"
"XAU","SOOS","Saúl Airport","Saul","3.61361","-53.204201"
"\N","","Tekapo Aerodrome","Lake Tekapo","-44.0052986145","170.444000244"
"\N","","Niederoeblarn Airport","Niederoeblarn","47.478298","14.0083"
"\N","","Vöslau Airport","Bad Voeslau","47.96500015258789","16.260000228881836"
"\N","","Uetersen/Heist Airport","Uetersen","53.64638900756836","9.704167366027832"
"AKP","PAKP","Anaktuvuk Pass Airport","Anaktuvuk Pass","68.13359833","-151.7429962"
"ANV","PANV","Anvik Airport","Anvik","62.646702","-160.190994"
"ATK","PATQ","Atqasuk Edward Burnell Sr Memorial Airport","Atqasuk","70.46730041503906","-157.43600463867188"
"GAM","PAGM","Gambell Airport","Gambell","63.76679992675781","-171.73300170898438"
"HPB","PAHP","Hooper Bay Airport","Hooper Bay","61.52389908","-166.1470032"
"KAL","PAKV","Kaltag Airport","Kaltag","64.31909943","-158.7409973"
"KSM","PASM","St Mary's Airport","St Mary's","62.0605011","-163.302002"
"KVL","PAVL","Kivalina Airport","Kivalina","67.73619842529297","-164.56300354003906"
"MYU","PAMY","Mekoryuk Airport","Mekoryuk","60.37139892578125","-166.27099609375"
"RBY","PARY","Ruby Airport","Ruby","64.72720337","-155.4700012"
"SHH","PASH","Shishmaref Airport","Shishmaref","66.249604","-166.089112"
"SVA","PASA","Savoonga Airport","Savoonga","63.6864013671875","-170.4929962158203"
"WTK","PAWN","Noatak Airport","Noatak","67.56610107421875","-162.97500610351562"
"OMC","RPVO","Ormoc Airport","Ormoc City","11.057999610900879","124.56500244140625"
"YPX","CYPX","Puvirnituq Airport","Puvirnituq","60.05059814453125","-77.28690338134766"
"YTQ","CYTQ","Tasiujaq Airport","Tasiujaq","58.66780090332031","-69.95580291748047"
"ARC","PARC","Arctic Village Airport","Arctic Village","68.1147","-145.578995"
"QOW","DNIM","Sam Mbakwe International Airport","Imo","5.427060127258301","7.206029891967773"
"FON","MRAN","Arenal Airport","La Fortuna/San Carlos","10.478","-84.634499"
"TMU","MRTR","Tambor Airport","Nicoya","9.73852","-85.013802"
"CYZ","RPUY","Cauayan Airport","Cauayan","16.9298992157","121.752998352"
"KVK","","Kirovsk-Apatity Airport","Apatity","67.46330261230469","33.58829879760742"
"GVR","SBGV","Coronel Altino Machado de Oliveira Airport","Governador Valadares","-18.89520072937","-41.982200622559"
"KPC","PAPC","Port Clarence Coast Guard Station","Port Clarence","65.2537002563","-166.85899353"
"PJA","ESUP","Pajala Airport","Pajala","67.24559783935547","23.068899154663086"
"QBC","CYBD","Bella Coola Airport","Bella Coola","52.387501","-126.596001"
"HGR","KHGR","Hagerstown Regional Richard A Henson Field","Hagerstown","39.707901","-77.72949982"
"ACR","SKAC","Araracuara Airport","Araracuara","-0.5833","-72.4083"
"GOP","VEGK","Gorakhpur Airport","Gorakhpur","26.739700317399997","83.4496994019"
"SDP","PASD","Sand Point Airport","Sand Point","55.314998626708984","-160.5229949951172"
"HMI","ZWHM","Hami Airport","Hami","42.8414","93.669197"
"WUZ","ZGWZ","Wuzhou Changzhoudao Airport","Wuzhou","23.456699","111.248001"
"TBH","RPVU","Tugdan Airport","Romblon","12.3109998703","122.084999084"
"ACP","OITM","Sahand Airport","Maragheh","37.347999572753906","46.127899169921875"
"GBT","OING","Gorgan Airport","Gorgan","36.909400939899996","54.4012985229"
"IIL","OICI","Ilam Airport","Ilam","33.58660125732422","46.40480041503906"
"PFQ","OITP","Parsabade Moghan Airport","Parsabad","39.60359954834","47.881500244141"
"\N","","Tocache Airport","Tocache","-8.1829996109","-76.516998291"
"TCG","ZWTC","Tacheng Airport","Tacheng","46.67250061035156","83.3407974243164"
"MQM","LTCR","Mardin Airport","Mardin","37.223300933800004","40.6316986084"
"AFS","UZSN","Sugraly Airport","Zarafshan","41.61389923095703","64.23320007324219"
"DRG","PADE","Deering Airport","Deering","66.0696029663","-162.76600647"
"LEN","LELN","Leon Airport","Leon","42.5890007019043","-5.65556001663208"
"RGS","LEBG","Burgos Airport","Burgos","42.357601","-3.62076"
"EGM","AGGS","Sege Airport","Sege","-8.578889846801758","157.87600708007812"
"CQD","OIFS","Shahrekord Airport","Shahre Kord","32.2971992493","50.842201232899995"
"DHM","VIGG","Kangra Airport","Kangra","32.16510009765625","76.26339721679688"
"NDC","","Nanded Airport","Nanded","19.1833000183","77.31670379639999"
"SLV","VISM","Shimla Airport","Shimla","31.0818","77.068001"
"IGG","PAIG","Igiugig Airport","Igiugig","59.32400131225586","-155.90199279785156"
"KNW","PANW","New Stuyahok Airport","New Stuyahok","59.4499015808","-157.32800293"
"KVC","PAVC","King Cove Airport","King Cove","55.11629867553711","-162.26600646972656"
"PTH","PAPH","Port Heiden Airport","Port Heiden","56.95909881591797","-158.63299560546875"
"TOG","PATG","Togiak Airport","Togiak Village","59.052799224853516","-160.39700317382812"
"EGN","HSGN","Geneina Airport","Geneina","13.48169994354248","22.467199325561523"
"LKH","WBGL","Long Akah Airport","Long Akah","3.299999952316284","114.78299713134766"
"WLH","NVSW","Walaha Airport","Walaha","-15.411999702500001","167.690994263"
"CHG","ZYCY","Chaoyang Airport","Chaoyang","41.538101","120.434998"
"UAS","HKSB","Buffalo Spring","Samburu South","0.530583","37.534195"
"BHG","","Brus Laguna Airport","Brus Laguna","15.7631","-84.543602"
"YVB","CYVB","Bonaventure Airport","Bonaventure","48.07109832763672","-65.46029663085938"
"SKT","OPST","Sialkot Airport","Sialkot","32.5355567932","74.3638916016"
"PDP","SULS","Capitan Corbeta CA Curbelo International Airport","Punta del Este","-34.855098724365234","-55.09429931640625"
"WVB","FYWB","Walvis Bay Airport","Walvis Bay","-22.9799","14.6453"
"MPA","FYKM","Katima Mulilo Airport","Mpacha","-17.634399","24.176701"
"AOE","LTBY","Anadolu Airport","Eskissehir","39.809898","30.5194"
"CKZ","LTBH","Çanakkale Airport","Canakkale","40.1376991272","26.4267997742"
"MSR","LTCK","Muş Airport","Mus","38.747798919677734","41.66120147705078"
"NOP","LTCM","Sinop Airport","Sinop","42.015800476074","35.066398620605"
"TEQ","LTBU","Tekirdağ Çorlu Airport","Çorlu","41.13819885253906","27.919099807739258"
"YEI","LTBR","Bursa Yenişehir Airport","Yenisehir","40.2551994324","29.5625991821"
"LSS","TFFS","Terre-de-Haut Airport","Les Saintes","15.86439991","-61.5806007385"
"KMV","VYKL","Kalay Airport","Kalemyo","23.188800811767578","94.05110168457031"
"VQS","TJVQ","Vieques Airport","Vieques Island","18.115800857500002","-65.4226989746"
"YIF","CYIF","St Augustin Airport","St-Augustin","51.2117004395","-58.6582984924"
"HDM","OIHH","Hamadan Airport","Hamadan","34.86920166015625","48.5525016784668"
"MRQ","RPUW","Marinduque Airport","Gasan","13.361000061035156","121.82599639892578"
"GFN","YGFN","Grafton Airport","Grafton","-29.7593994140625","153.02999877929688"
"OAG","YORG","Orange Airport","Orange","-33.3816986084","149.132995605"
"TRO","YTRE","Taree Airport","Taree","-31.8885993958","152.514007568"
"COQ","ZMCD","Choibalsan Airport","Choibalsan","48.13570022583008","114.64600372314453"
"HOH","LOIH","Hohenems-Dornbirn Airport","Hohenems","47.3849983215","9.69999980927"
"\N","","Weser-Wümme Airport","Hellwege","53.053890228271484","9.208610534667969"
"\N","","Krems Airport","Krems","48.446389","15.634167"
"ESC","KESC","Delta County Airport","Escanaba","45.7226982117","-87.0936965942"
"YAK","PAYA","Yakutat Airport","Yakutat","59.5032997131","-139.660003662"
"GUL","YGLB","Goulburn Airport","Goulburn","-34.810298919677734","149.7259979248047"
"CES","YCNK","Cessnock Airport","Cessnock","-32.787498","151.341995"
"NSO","YSCO","Scone Airport","Scone","-32.037200927734375","150.83200073242188"
"DGE","YMDG","Mudgee Airport","Mudgee","-32.5625","149.610992432"
"MTL","YMND","Maitland Airport","Maitland","-32.701265","151.492912"
"CPX","TJCP","Benjamin Rivera Noriega Airport","Culebra Island","18.313289","-65.304324"
"\N","","Raron Airport","Raron","46.3036003112793","7.823329925537109"
"\N","","Borovaya Airfield","Minsk","53.9604611","27.6505961"
"\N","","Amlikon Glider Airport","Amlikon","47.57419967651367","9.047499656677246"
"\N","","Lommis Airfield","Lommis","47.524399","9.00306"
"MWA","KMWA","Williamson County Regional Airport","Marion","37.75500107","-89.01110077"
"\N","","Burnet Municipal Kate Craddock Field","Bamburi","30.73889923095703","-98.23860168457031"
"OCN","KOKB","Oceanside Municipal Airport","Fraser Island","33.217300415039","-117.35399627686"
"\N","","Flugplatz Finsterwalde/Heinrichsruh","Finsterwalde","51.634445","13.675556"
"KIK","ORKK","Kirkuk Air Base","Kirkuk","35.46950149536133","44.348899841308594"
"XJD","OTBH","Al Udeid Air Base","Doha","25.1173000336","51.3149986267"
"GBZ","NZGB","Great Barrier Aerodrome","Claris","-36.24140167236328","175.4720001220703"
"IMT","KIMT","Ford Airport","Iron Mountain","45.8184013367","-88.1145019531"
"\N","","Marquette Airport","Marquette","46.53390121459961","-87.5614013671875"
"AET","PFAL","Allakaket Airport","Allakaket","66.5518035889","-152.621994019"
"\N","","Dinslaken/Schwarze Heide Airport","Dinslaken","51.616112","6.865278"
"\N","","Höxter-Holzminden Airport","Hoexter Holzminden","51.80666732788086","9.37833309173584"
"\N","","Niijima Airport","Niijima","34.3694000244","139.268997192"
"MGC","KMGC","Michigan City Municipal Airport","Michigan City","41.703300476100004","-86.8211975098"
"SWD","PAWD","Seward Airport","Seward","60.12689971923828","-149.41900634765625"
"GRM","KCKC","Grand Marais Cook County Airport","Grand Marais","47.8382987976","-90.38289642330001"
"AUW","KAUW","Wausau Downtown Airport","Wausau","44.9262008667","-89.6266021729"
"\N","","Kalundborg Airport","Kalundborg","55.70029830932617","11.25"
"MYP","UTAM","Mary Airport","Mary","37.6194","61.896702"
"\N","","Bungle Bungle Airport","Bungle Bungle","-17.545299530029297","128.3070068359375"
"\N","","Sazená Airport","Sazena","50.3246994019","14.2588996887"
"\N","","Spray View Airport","Spray View","-17.91699981689453","25.816999435424805"
"MVA","BIRL","Reykjahlíð Airport","Myvatn","65.65579986572266","-16.918100357055664"
"QSA","","Sabadell Airport","Sabadell","41.52090072631836","2.1050798892974854"
"WSY","YSHR","Whitsunday Island Airport","Airlie Beach","-20.27611","148.755"
"MIE","KMIE","Delaware County Johnson Field","Muncie","40.2422981262207","-85.3958969116211"
"LAF","KLAF","Purdue University Airport","Lafayette","40.41230010986328","-86.93689727783203"
"\N","","Brown County Airport","Georgetown","38.881900787353516","-83.88269805908203"
"VGT","KVGT","North Las Vegas Airport","Las Vegas","36.21070098877","-115.19400024414"
"ENW","KENW","Kenosha Regional Airport","Kenosha","42.59569931","-87.92780304"
"MTJ","KMTJ","Montrose Regional Airport","Montrose CO","38.509799957300004","-107.893997192"
"RIW","KRIW","Riverton Regional Airport","Riverton WY","43.064201355","-108.459999084"
"PDT","KPDT","Eastern Oregon Regional At Pendleton Airport","Pendleton","45.695098877","-118.841003418"
"LYM","","Lympne Airport","Lympne","51.08","1.013"
"PKH","","Porto Cheli Airport","Porto Heli","37.297501","23.1478"
"\N","","Zell Am See Airport","Zell am See","47.292222","12.7875"
"\N","","RAAF Base Amberley","Amberley","-27.6406","152.712006"
"KTR","YPTN","Tindal Airport","Katherine","-14.521100044250488","132.3780059814453"
"\N","","RAAF Williams, Laverton Base","Laverton","-37.86360168457031","144.74600219726562"
"NOA","YSNW","Nowra Airport","Nowra","-34.94889831542969","150.53700256347656"
"UCK","UKLC","Lutsk Airport","Lutsk","50.678404","25.487165"
"CEJ","","Chernihiv Shestovitsa Airport","Chernigov","51.4021987915","31.1583003998"
"\N","","Ternopil International Airport","Ternopol","49.5242","25.7001"
"BQT","UMBB","Brest Airport","Brest","52.108299","23.8981"
"OSH","KOSH","Wittman Regional Airport","Oshkosh","43.98440170288086","-88.55699920654297"
"\N","","Harle Airport","Harlesiel","53.706668853759766","7.820278167724609"
"AGE","EDWG","Wangerooge Airport","Wangerooge","53.782779693603516","7.913888931274414"
"\N","","RAAF Base Pearce","Perth","-31.667800903320312","116.01499938964844"
"BXG","YBDG","Bendigo Airport","Bendigo","-36.7393989563","144.330001831"
"EAT","KEAT","Pangborn Memorial Airport","Wenatchee","47.3988990784","-120.207000732"
"ARE","TJAB","Antonio Nery Juarbe Pol Airport","Arecibo","18.4500007629","-66.6753005981"
"RIN","AGRC","Ringi Cove Airport","Ringi Cove","-8.12639045715332","157.14300537109375"
"KCK","UIKK","Kirensk Airport","Kirensk","57.773","108.064"
"UKX","UITT","Ust-Kut Airport","Ust-Kut","56.8567008972168","105.7300033569336"
"RMT","NTAM","Rimatara Airport","Rimatara","-22.63725","-152.8059"
"\N","","Triengen Airport","Triengen","47.22669982910156","8.078060150146484"
"QLS","","Lausanne-Blécherette Airport","Lausanne","46.54529953","6.61667013168"
"\N","","Speck-Fehraltorf Airport","Fehraltorf","47.376399993896484","8.757499694824219"
"ZJI","","Locarno Airport","Locarno","46.160800933800004","8.87860965729"
"QNC","","Neuchatel Airport","Neuchatel","46.9575004578","6.86471986771"
"TGK","URRT","Taganrog Yuzhny Airport","Taganrog","47.1983333","38.8491667"
"GDZ","URKG","Gelendzhik Airport","Gelendzhik","44.5820926295","38.0124807358"
"ZIA","UUBW","Zhukovsky International Airport","Ramenskoe","55.553299","38.150002"
"\N","","Irkutsk Northwest Airport","Irkutsk","52.36830139160156","104.18299865722656"
"\N","","Khabarovsk Airport","Khabarovsk","48.525001525878906","135.1529998779297"
"\N","","Dzemgi Airport","Komsomolsk-on-Amur","50.60559844970703","137.08099365234375"
"\N","","Belaya Air Base","Sredniiy","52.915000915527344","103.57499694824219"
"IAR","UUDL","Tunoshna Airport","Yaroslavl","57.560699462890625","40.15739822387695"
"OHE","ZYMH","Gu-Lian Airport","Mohe County","52.912777777799995","122.43"
"JNG","ZSJG","Jining Qufu Airport","Jining","35.292778","116.346667"
"DRK","MRDK","Drake Bay Airport","Puntarenas","8.71889019012","-83.6417007446"
"AAT","ZWAT","Altay Air Base","Altay","47.7498855591","88.08580780030002"
"TZL","LQTZ","Tuzla International Airport","Null","44.45869827270508","18.72480010986328"
"FWH","KNFW","NAS Fort Worth JRB/Carswell Field","Dallas","32.76919937","-97.4414978"
"NYT","VYNT","Naypyidaw Airport","Naypyidaw","19.623501","96.200996"
"\N","","Kyaukhtu South Airport","Kyauktu","21.406700134277344","94.13030242919922"
"\N","","Jan Mayensfield","Jan Mayen","70.9441166","-8.6520736"
"VBP","VYBP","Bokpyinn Airport","Bokepyin","11.1494","98.735901"
"NZH","ZBMZ","Manzhouli Xijiao Airport","Manzhouli","49.566667","117.33"
"WUA","ZBUH","Wuhai Airport","Wuhai","39.7934","106.7993"
"GYY","","Gary Chicago International Airport","Gary","41.61629867553711","-87.41280364990234"
"BRD","KBRD","Brainerd Lakes Regional Airport","Brainerd","46.39830017","-94.13809967"
"LWB","KLWB","Greenbrier Valley Airport","Lewisburg","37.8582992554","-80.3994979858"
"PGV","KPGV","Pitt Greenville Airport","Greenville","35.6352005","-77.38529968"
"CYF","PACK","Chefornak Airport","Chefornak","60.1492004395","-164.285995483"
"OXR","KOXR","Oxnard Airport","Oxnard","34.200801849365","-119.20700073242"
"BKG","KBBG","Branson Airport","Branson","36.532082","-93.200544"
"TEN","ZUTR","Tongren Fenghuang Airport","Tongren","27.883333","109.308889"
"JGS","ZSGS","Jinggangshan Airport","Jian","26.856899261499997","114.736999512"
"NIU","NTKN","Naiu Airport","Niau","-16.1191","-146.3683"
"SCH","KSCH","Schenectady County Airport","Scotia NY","42.852500915527","-73.928901672363"
"NBC","UWKE","Begishevo Airport","Nizhnekamsk","55.564701080322266","52.092498779296875"
"QRW","DNSU","Warri Airport","Osubi","5.59611","5.81778"
"\N","","Volkel Air Base","Volkel","51.657222","5.7077778"
"IAO","RPNS","Siargao Airport","Siargao","9.8591","126.014"
"LGO","EDWL","Langeoog Airport","Langeoog","53.74250030517578","7.497777938842773"
"\N","","Biel-Kappelen Airport","Biel","47.08919906616211","7.289999961853027"
"NLP","FANS","Nelspruit Airport","Nelspruit","-25.5","30.9137992859"
"CKC","UKKE","Cherkasy International Airport","Cherkassy","49.41559982299805","31.99530029296875"
"UST","KSGJ","Northeast Florida Regional Airport","St. Augustine Airport","29.9592","-81.339798"
"NLV","","Mykolaiv International Airport","Nikolayev","47.057899475097656","31.9197998046875"
"RHP","VNRC","Ramechhap Airport","Ramechhap","27.393999099731445","86.0614013671875"
"STS","KSTS","Charles M. Schulz Sonoma County Airport","Santa Rosa","38.50899887","-122.8130035"
"ISM","KISM","Kissimmee Gateway Airport","Kissimmee","28.2898006439","-81.4371032715"
"LCQ","KLCQ","Lake City Gateway Airport","Lake City","30.1819992065","-82.57689666750001"
"\N","","Deland Municipal Sidney H Taylor Field","DeLand","29.06699944","-81.28379822"
"\N","","Haller Airpark","Green Cove Springs","29.904057","-81.68515"
"\N","","Palmar Airport","Santa Lucia","-18.97166633605957","-62.97533416748047"
"LGU","KLGU","Logan-Cache Airport","Logan","41.7911987305","-111.851997375"
"BMC","KBMC","Brigham City Regional Airport","Brigham City","41.552399","-112.061996"
"\N","","Malad City Airport","Malad City","42.16659927368164","-112.2969970703125"
"ASE","KASE","Aspen-Pitkin Co/Sardy Field","Aspen","39.22320175","-106.8690033"
"ULV","UWLL","Ulyanovsk Baratayevka Airport","Ulyanovsk","54.26829910279999","48.226699829100006"
"ERV","KERV","Kerrville Municipal Louis Schreiner Field","Kerrville","29.9766998291","-99.08570098879999"
"\N","","Birrfeld Airport","Birrfeld","47.4436","8.23361"
"GED","KGED","Sussex County Airport","Georgetown","38.68920135","-75.35890198"
"ZSW","CZSW","Prince Rupert/Seal Cove Seaplane Base","Prince Rupert","54.33330154418945","-130.2830047607422"
"GBD","KGBD","Great Bend Municipal Airport","Great Bend","38.3442993164","-98.8591995239"
"HYS","KHYS","Hays Regional Airport","Hays","38.84220123","-99.27320099"
"SUS","KSUS","Spirit of St Louis Airport","Null","38.662101745605","-90.652000427246"
"LYU","KELO","Ely Municipal Airport","Ely","47.82450104","-91.83070374"
"GPZ","KGPZ","Grand Rapids Itasca Co-Gordon Newstrom field","Grand Rapids MN","47.21110153","-93.50980377"
"TVF","KTVF","Thief River Falls Regional Airport","Thief River Falls","48.06570053","-96.18499756"
"EGV","KEGV","Eagle River Union Airport","Eagle River","45.932300567599995","-89.26830291750001"
"ARV","KARV","Lakeland-Noble F. Lee Memorial field","Minocqua - Woodruff","45.92789841","-89.73090363"
"\N","","Ankeny Regional Airport","Ankeny","41.69139862060547","-93.56639862060547"
"YBV","CYBV","Berens River Airport","Berens River","52.358898","-97.018303"
"\N","","Corpus Christi Naval Air Station/Truax Field","Corpus Christi","27.69260025","-97.29109955"
"AVX","KAVX","Catalina Airport","Catalina Island","33.4049","-118.416"
"MHV","KMHV","Mojave Airport","Mojave","35.05939865","-118.1520004"
"ZIN","","Interlaken Air Base","Interlaken","46.6766014","7.8790798"
"INQ","EIIR","Inisheer Aerodrome","Inisheer","53.064701080322266","-9.510899543762207"
"SWT","UNSS","Strezhevoy Airport","Strezhevoy","60.709400177","77.66000366210001"
"HUT","KHUT","Hutchinson Municipal Airport","Hutchinson","38.0654983521","-97.86060333250002"
"OAI","OAIX","Bagram Air Base","Kabul","34.9460983276","69.26499938959999"
"AKH","OEPS","Prince Sultan Air Base","Al Kharj","24.062700271606445","47.580501556396484"
"STJ","KSTJ","Rosecrans Memorial Airport","Rosecrans","39.771900177002","-94.909698486328"
"\N","","Pápa Air Base","Papa","47.3636016846","17.5007991791"
"\N","","Whiting Field Naval Air Station South Airport","Cuxhaven","30.70439910888672","-87.02300262451172"
"VOK","KVOK","Volk Field","Camp Douglas","43.938999176025","-90.253402709961"
"GUC","KGUC","Gunnison Crested Butte Regional Airport","Gunnison","38.53390121","-106.9329987"
"SIA","ZLSN","Xi'an Xiguan Airport","Xi\'AN","34.376701","109.120003"
"TOA","KTOA","Zamperini Field","Torrance","33.803398132324","-118.33999633789"
"MBL","KMBL","Manistee Co Blacker Airport","Manistee","44.2723999","-86.24690247"
"PGD","KPGD","Charlotte County Airport","Punta Gorda","26.92020035","-81.9905014"
"WFK","KFVE","Northern Aroostook Regional Airport","Frenchville","47.2854995728","-68.31279754639999"
"JHW","KJHW","Chautauqua County-Jamestown Airport","Jamestown","42.15340042","-79.25800323"
"YTM","CYFJ","La Macaza / Mont-Tremblant International Inc Airport","Mont-Tremblant","46.409400939899996","-74.7799987793"
"SME","KSME","Lake Cumberland Regional Airport","Somerset","37.053398132299996","-84.6158981323"
"SHD","KSHD","Shenandoah Valley Regional Airport","Weyers Cave","38.2638015747","-78.8964004517"
"DVL","KDVL","Devils Lake Regional Airport","Devils Lake","48.11420059","-98.90879822"
"DIK","KDIK","Dickinson Theodore Roosevelt Regional Airport","Dickinson","46.7974014282","-102.802001953"
"SDY","KSDY","Sidney - Richland Regional Airport","Sidney","47.706902","-104.193001"
"CDR","KCDR","Chadron Municipal Airport","Chadron","42.837600708","-103.095001221"
"AIA","KAIA","Alliance Municipal Airport","Alliance","42.0531997681","-102.804000854"
"MCK","KMCK","Mc Cook Ben Nelson Regional Airport","McCook","40.20629883","-100.5920029"
"MTH","KMTH","The Florida Keys Marathon Airport","Marathon","24.726101","-81.051399"
"GDV","KGDV","Dawson Community Airport","Glendive","47.13869858","-104.8069992"
"OLF","KOLF","L M Clayton Airport","Wolf Point","48.094501495399996","-105.574996948"
"WYS","KWYS","Yellowstone Airport","West Yellowstone","44.68840027","-111.1179962"
"ALS","KALS","San Luis Valley Regional Bergman Field","Alamosa","37.434898","-105.866997"
"CNY","KCNY","Canyonlands Field","Moab","38.75500107","-109.7549973"
"ELY","KELY","Ely Airport Yelland Field","Ely","39.29970169","-114.8420029"
"VEL","KVEL","Vernal Regional Airport","Vernal","40.4408989","-109.5100021"
"RUI","KSRR","Sierra Blanca Regional Airport","Ruidoso","33.462799072266","-105.53500366211"
"SOW","KSOW","Show Low Regional Airport","Show Low","34.265499115","-110.005996704"
"MYL","KMYL","McCall Municipal Airport","McCall","44.88970184","-116.1009979"
"SMN","KSMN","Lemhi County Airport","Salmon","45.1237983704","-113.880996704"
"MMH","KMMH","Mammoth Yosemite Airport","Mammoth Lakes","37.62409973","-118.8379974"
"FRD","KFHR","Friday Harbor Airport","Friday Harbor","48.5219993591","-123.024002075"
"ESD","KORS","Orcas Island Airport","Eastsound","48.7081985474","-122.910003662"
"AST","KAST","Astoria Regional Airport","Astoria","46.158000946","-123.878997803"
"ONP","KONP","Newport Municipal Airport","Newport","44.580399","-124.057999"
"EMK","PAEM","Emmonak Airport","Emmonak","62.78609848","-164.4909973"
"UNK","PAUN","Unalakleet Airport","Unalakleet","63.88840103","-160.798996"
"UUK","PAKU","Ugnu-Kuparuk Airport","Kuparuk","70.33080291750001","-149.598007202"
"SHX","PAHX","Shageluk Airport","Shageluk","62.6922988892","-159.569000244"
"CHU","","Chuathbaluk Airport","Chuathbaluk","61.579102","-159.216003"
"NUI","PAQT","Nuiqsut Airport","Nuiqsut","70.2099990845","-151.005996704"
"EEK","PAEE","Eek Airport","Eek","60.21367264","-162.0438843"
"KUK","PFKA","Kasigluk Airport","Kasigluk","60.87440109","-162.5240021"
"KWT","PFKW","Kwethluk Airport","Kwethluk","60.790298461899994","-161.444000244"
"KWK","PAGG","Kwigillingok Airport","Kwigillingok","59.876499","-163.169005"
"MLL","PADM","Marshall Don Hunter Sr Airport","Marshall","61.8642997742","-162.026000977"
"RSH","PARS","Russian Mission Airport","Russian Mission","61.7788848877","-161.319458008"
"KGK","PAJZ","Koliganek Airport","Koliganek","59.726600647","-157.259002686"
"KMO","PAMB","Manokotak Airport","Manokotak","58.990200042699996","-159.050003052"
"CIK","PACI","Chalkyitsik Airport","Chalkyitsik","66.6449966431","-143.740005493"
"EAA","PAEG","Eagle Airport","Eagle","64.77639771","-141.151001"
"HUS","PAHU","Hughes Airport","Hughes","66.04109955","-154.2630005"
"HSL","PAHL","Huslia Airport","Huslia","65.69789886","-156.3509979"
"NUL","PANU","Nulato Airport","Nulato","64.729301","-158.074005"
"VEE","PAVE","Venetie Airport","Venetie","67.0086975098","-146.365997314"
"WBQ","PAWB","Beaver Airport","Beaver","66.362197876","-147.406997681"
"CEM","PACE","Central Airport","Central","65.57379913","-144.7830048"
"SHG","PAGH","Shungnak Airport","Shungnak","66.88809967041","-157.16200256348"
"IYK","KIYK","Inyokern Airport","Inyokern","35.65879822","-117.8300018"
"VIS","KVIS","Visalia Municipal Airport","Visalia","36.3186988831","-119.392997742"
"MCE","KMCE","Merced Regional Macready Field","Merced","37.28469849","-120.5139999"
"CYR","SUCA","Laguna de Los Patos International Airport","Colonia","-34.456401824951","-57.770599365234"
"CPQ","","Amarais Airport","Campinas","-22.85919952392578","-47.10820007324219"
"GYR","KGYR","Phoenix Goodyear Airport","Goodyear","33.4225006104","-112.375999451"
"TWB","YTWB","Toowoomba Airport","Toowoomba","-27.542801","151.916"
"BBL","YLLE","Ballera Airport","Ballera","-27.405633","141.809458"
"\N","","Gatton Campus Airport","Gatton","-27.5604060653","152.340459824"
"AYK","UAUR","Arkalyk North Airport","Arkalyk","50.318599700927734","66.95279693603516"
"\N","","Nabern/Teck Airport","Kirchheim-Teck","48.61277771","9.477222442629998"
"AGN","PAGN","Angoon Seaplane Base","Angoon","57.503601","-134.585007"
"ELV","PAEL","Elfin Cove Seaplane Base","Elfin Cove","58.195201873799995","-136.347000122"
"FNR","PANR","Funter Bay Seaplane Base","Funter Bay","58.2543983459","-134.897994995"
"HNH","PAOH","Hoonah Airport","Hoonah","58.0961","-135.410111"
"\N","","Kake Airport","Kake","56.9613990784","-133.910003662"
"MTM","PAMM","Metlakatla Seaplane Base","Metakatla","55.131001","-131.578003"
"HYG","PAHY","Hydaburg Seaplane Base","Hydaburg","55.206298828125","-132.8280029296875"
"EGX","PAII","Egegik Airport","Egegik","58.1855010986","-157.375"
"KPV","PAPE","Perryville Airport","Perryville","55.905998","-159.162993"
"PIP","PAPN","Pilot Point Airport","Pilot Point","57.5803985596","-157.572006226"
"WSN","PFWS","South Naknek Nr 2 Airport","South Naknek","58.7033996582","-157.007995605"
"AKK","PAKH","Akhiok Airport","Akhiok","56.9387016296","-154.182998657"
"KYK","PAKY","Karluk Airport","Karluk","57.5671005249","-154.449996948"
"KLN","PALB","Larsen Bay Airport","Larsen Bay","57.5350990295","-153.977996826"
"ABL","PAFM","Ambler Airport","Ambler","67.1063","-157.856989"
"BKC","PABL","Buckland Airport","Buckland","65.9815979004","-161.149002075"
"IAN","PAIK","Bob Baker Memorial Airport","Kiana","66.9759979248","-160.43699646"
"OBU","PAOB","Kobuk Airport","Kobuk","66.9123001099","-156.897003174"
"ORV","PFNO","Robert (Bob) Curtis Memorial Airport","Noorvik","66.81790161","-161.0189972"
"WLK","PASK","Selawik Airport","Selawik","66.60009766","-159.9859924"
"KTS","PFKT","Brevig Mission Airport","Brevig Mission","65.3312988281","-166.466003418"
"ELI","PFEL","Elim Airport","Elim","64.61470032","-162.2720032"
"GLV","PAGL","Golovin Airport","Golovin","64.5504989624","-163.007003784"
"TLA","PATE","Teller Airport","Teller","65.2404022217","-166.339004517"
"WAA","PAIW","Wales Airport","Wales","65.622593","-168.095"
"WMO","PAWM","White Mountain Airport","White Mountain","64.689201355","-163.412994385"
"KKA","PAKK","Koyuk Alfred Adams Airport","Koyuk","64.9394989014","-161.154006958"
"SMK","PAMK","St Michael Airport","St. Michael","63.49010086","-162.1100006"
"SKK","PFSH","Shaktoolik Airport","Shaktoolik","64.37110138","-161.223999"
"TNC","PATC","Tin City Long Range Radar Station Airport","Tin City","65.56310272","-167.9219971"
"AKB","PAAK","Atka Airport","Atka","52.22029877","-174.2059937"
"IKO","PAKO","Nikolski Air Station","Nikolski","52.94160079956055","-168.8489990234375"
"CYT","PACY","Yakataga Airport","Yakataga","60.080974","-142.494541"
"AUK","","Alakanuk Airport","Alakanuk","62.680042266799994","-164.659927368"
"KPN","PAKI","Kipnuk Airport","Kipnuk","59.932998657199995","-164.031005859"
"KFP","PAKF","False Pass Airport","False Pass","54.8474006652832","-163.41000366210938"
"NLG","PAOU","Nelson Lagoon Airport","Nelson Lagoon","56.007499694824","-161.16000366211"
"PML","PAAL","Port Moller Airport","Cold Bay","56.0060005188","-160.561004639"
"KLW","PAKW","Klawock Airport","Klawock","55.579200744599994","-133.076004028"
"KWN","PAQH","Quinhagak Airport","Quinhagak","59.7551","-161.845"
"KOT","PFKO","Kotlik Airport","Kotlik","63.0306015015","-163.533004761"
"KYU","PFKU","Koyukuk Airport","Koyukuk","64.8760986328","-157.727005005"
"SCM","PACM","Scammon Bay Airport","Scammon Bay","61.845298767100005","-165.570999146"
"NNL","PANO","Nondalton Airport","Nondalton","59.980201721191","-154.8390045166"
"KKH","PADY","Kongiganak Airport","Kongiganak","59.960800170899994","-162.880996704"
"NIB","PAFS","Nikolai Airport","Nikolai","63.0186","-154.358002"
"AKI","PFAK","Akiak Airport","Akiak","60.9029006958","-161.231002808"
"AIN","PAWI","Wainwright Airport","Wainwright","70.6380004883","-159.994995117"
"APZ","SAHZ","Zapala Airport","ZAPALA","-38.975498","-70.113602"
"RDS","SAHS","Rincon De Los Sauces Airport","Rincon de los Sauces","-37.3905982971","-68.9041976929"
"PNT","SCNT","Tte. Julio Gallardo Airport","Puerto Natales","-51.67150115966797","-72.52839660644531"
"SGV","SAVS","Sierra Grande Airport","Sierra Grande","-41.5917015076","-65.33940124509999"
"IGB","SAVJ","Cabo F.A.A. H. R. Bordón Airport","Ingeniero Jacobacci","-41.320899963399995","-69.5748977661"
"NCN","PFCB","Chenega Bay Airport","Chenega","60.0773010254","-147.992004395"
"TKJ","PFTO","Tok Junction Airport","Tok","63.32949829","-142.9539948"
"IRC","PACR","Circle City /New/ Airport","Circle","65.830498","-144.076008"
"SLQ","PASL","Sleetmute Airport","Sleetmute","61.7005004883","-157.166000366"
"\N","","Healy River Airport","Healy","63.8661994934082","-148.968994140625"
"\N","","Klawock Seaplane Base","Klawock","55.5546989440918","-133.1020050048828"
"LMA","PAMH","Minchumina Airport","Lake Minchumina","63.886002","-152.302002"
"MLY","PAML","Manley Hot Springs Airport","Manley Hot Springs","64.99759674069999","-150.643997192"
"YNP","","Natuashish Airport","Natuashish","55.913898","-61.184399"
"YSO","","Postville Airport","Postville","54.9105","-59.78507"
"YWB","CYKG","Kangiqsujuaq (Wakeham Bay) Airport","Kangiqsujuaq","61.5886001587","-71.929397583"
"YTF","CYTF","Alma Airport","Alma","48.50889968869999","-71.64189910889999"
"YGV","CYGV","Havre St Pierre Airport","Havre-Saint-Pierre","50.281898498535156","-63.61140060424805"
"YXK","CYXK","Rimouski Airport","Rimouski","48.47809982299805","-68.49690246582031"
"XTL","CYBQ","Tadoule Lake Airport","Tadoule Lake","58.7061","-98.512199"
"XLB","CZWH","Lac Brochet Airport","Lac Brochet","58.6175003052","-101.46900177"
"XSI","CZSN","South Indian Lake Airport","South Indian Lake","56.7928009033","-98.9072036743"
"YBT","CYBT","Brochet Airport","Brochet","57.8894","-101.679001"
"ZGR","CZGR","Little Grand Rapids Airport","Little Grand Rapids","52.04560089111328","-95.4657974243164"
"YCR","CYCR","Cross Lake (Charlie Sinclair Memorial) Airport","Cross Lake","54.610599517822266","-97.76080322265625"
"YRS","CYRS","Red Sucker Lake Airport","Red Sucker Lake","54.167198181152344","-93.55719757080078"
"YOP","CYOP","Rainbow Lake Airport","Rainbow Lake","58.49140167236328","-119.40799713134766"
"YBY","CYBF","Bonnyville Airport","Bonnyville","54.304199","-110.744003"
"ZNA","","Nanaimo Harbour Water Airport","Nanaimo","49.1833000183","-123.949996948"
"YGG","","Ganges Seaplane Base","Ganges","48.8545","-123.4969"
"\N","","Fort St James Airport","Fort St. James","54.39720153808594","-124.26300048828125"
"YDT","CZBB","Boundary Bay Airport","Boundary Bay","49.0742","-123.012001"
"YLY","CYNJ","Langley Airport","Langley Township","49.10079956049999","-122.630996704"
"\N","","Denny Island Airport","Bella Bella","52.137937","-128.059748"
"YFJ","CYWE","Wekweètì Airport","Wekweeti","64.190804","-114.077002"
"\N","","Camaguey-Campo Cuatro Milpas Airport","Guasave","25.652200698853","-108.53800201416"
"\N","","Cabo San Lucas International Airport","Cabo San Lucas","22.947701","-109.936996"
"RNI","MNCI","Corn Island","Corn Island","12.1628999710083","-83.06379699707031"
"BZA","MNBZ","San Pedro Airport","Bonanza","13.949999809265137","-84.5999984741211"
"RFS","MNRT","Rosita Airport","Rosita","13.889699935913086","-84.40889739990234"
"SIU","MNSI","Siuna","Siuna","13.727222442626953","-84.77777862548828"
"WSP","MNWP","Waspam Airport","Waspam","14.7391996383667","-83.96939849853516"
"NCR","MNSC","San Carlos","San Carlos","11.133399963378906","-84.7699966430664"
"PLD","MRCR","Playa Samara/Carrillo Airport","Carrillo","9.8705101013184","-85.481399536133"
"COZ","MDCZ","Constanza - Expedición 14 de Junio National Airport","Constanza","18.907499313354","-70.721900939941"
"NEG","MKNG","Negril Airport","Negril","18.34280014038086","-78.33209991455078"
"NRR","TJRV","José Aponte de la Torre Airport","Ceiba","18.245300293","-65.6434020996"
"SPB","","Charlotte Amalie Harbor Seaplane Base","Charlotte Amalie","18.338600158691406","-64.9406967163086"
"ARR","SAVR","D. Casimiro Szlapelis Airport","Alto Rio Senguer","-45.013599","-70.812202"
"JSM","SAWS","Jose De San Martin Airport","Jose de San Martin","-44.048599243199995","-70.4589004517"
"UYU","SLUY","Uyuni Airport","Uyuni","-20.446300506599997","-66.8483963013"
"RBQ","SLRQ","Rurenabaque Airport","Rerrenabaque","-14.427900314299999","-67.4968032837"
"ABF","NGAB","Abaiang Airport","Abaiang Atoll","1.798609972000122","173.04100036621094"
"\N","","Afobakka Airstrip","Afobaka","4.998505","-54.992033"
"\N","","Alalapadu Airstrip","Alapadu","2.5235","-56.3247"
"ABN","SMBN","Albina Airport","Albina","5.512720108032227","-54.05009841918945"
"\N","","Lawa Anapaike Airstrip","Anapaike","3.411301","-54.028049"
"\N","","Apetina Airstrip","Apetina","3.50278","-55.058791"
"DRJ","SMDA","Drietabbetje Airport","Drietabbetje","4.111359","-54.672766"
"\N","","Kabalebo Airport","Kabalebo","4.406","-57.223"
"\N","","Kayser Airport","Kayser","3.094343","-56.472702"
"\N","","Kwamalasoemoetoe Airport","Kwamelasemoetoe","2.354427","-56.792431"
"MOJ","SMMO","Moengo Airstrip","Moengo","5.6076","-54.4003"
"ICK","SMNI","Nieuw Nickerie Airport","Nieuw Nickerie","5.955560207366943","-57.039398193359375"
"OEM","SMPA","Vincent Fayks Airport","Paloemeu","3.3452799320220947","-55.442501068115234"
"\N","","Sarakreek Airstrip","Sarakreek","4.319444","-54.966667"
"\N","","Sipaliwini Airport","Sipaliwini","2.026438","-56.126412"
"SMZ","SMST","Stoelmanseiland Airport","Stoelmans Eiland","4.349999904632568","-54.41666793823242"
"TOT","SMCO","Totness Airport","Totness","5.865829944610596","-56.32749938964844"
"AGI","SMWA","Wageningen Airstrip","Wageningen","5.841128","-56.673328"
"\N","","Codela Airport","Guapiles","10.4139995575","-85.0916976929"
"ORJ","SYOR","Orinduik Airport","Orinduik","4.725269794464111","-60.03499984741211"
"NAI","SYAN","Annai Airport","Annai","3.959439992904663","-59.12419891357422"
"\N","","Apoteri Airport","Apoteri","4.013879776000977","-58.60499954223633"
"IMB","SYIB","Imbaimadai Airport","Imbaimadai","5.7081098556518555","-60.2942008972168"
"KAR","SYKM","Kamarang Airport","Kamarang","5.865340232849121","-60.614200592041016"
"USI","SYMB","Mabaruma Airport","Mabaruma","8.199999809265137","-59.78329849243164"
"MHA","SYMD","Mahdia Airport","Mahdia","5.277490139007568","-59.151100158691406"
"PJC","SGPJ","Dr Augusto Roberto Fuster International Airport","Pedro Juan Caballero","-22.639999389648438","-55.83000183105469"
"ACD","SKAD","Alcides Fernández Airport","Acandi","8.51667","-77.3"
"RVE","SKSA","Los Colonizadores Airport","Saravena","6.951868","-71.857179"
"BQJ","UEBB","Batagay Airport","Batagay","67.648002624512","134.69500732422"
"VGZ","SKVG","Villa Garzón Airport","Villa Garzon","0.978767","-76.6056"
"EBG","SKEB","El Bagre Airport","El Bagre","7.59647","-74.8089"
"CAQ","SKCU","Juan H White Airport","Caucasia","7.96847","-75.1985"
"COG","SKCD","Mandinga Airport","Condoto","5.08333","-76.7"
"TLU","SKTL","Golfo de Morrosquillo Airport","Tolu","9.50945","-75.5854"
"CFB","SBCB","Cabo Frio Airport","Cabo Frio","-22.921699523900003","-42.074298858599995"
"OPS","SBSI","Presidente João Batista Figueiredo Airport","Sinop","-11.885000228881836","-55.58610916137695"
"GRP","SWGI","Gurupi Airport","Gurupi","-11.73960018157959","-49.132198333740234"
"CMP","","Santana do Araguaia Airport","Santana do Araguaia","-9.31997013092041","-50.32849884033203"
"BVS","SNVS","Breves Airport","Breves","-1.6365300416946411","-50.443599700927734"
"SFK","","Soure Airport","Soure","-0.6994310021400452","-48.520999908447266"
"PIN","SWPI","Parintins Airport","Parintins","-2.6730198860168457","-56.777198791503906"
"BRA","SNBR","Barreiras Airport","Barreiras","-12.078900337219238","-45.00899887084961"
"STZ","","Santa Terezinha Airport","Santa Terezinha","-10.4647216796875","-50.518611907958984"
"MQH","","Minaçu Airport","Minacu","-13.5491","-48.195301"
"AUX","SWGN","Araguaína Airport","Araguaina","-7.22787","-48.240501"
"NVP","SWNA","Novo Aripuanã Airport","Novo Aripuana","-5.118030071258545","-60.364898681640625"
"\N","","Fazenda Colen Airport","Lucas do Rio Verde","-13.314443588256836","-56.11277770996094"
"FRC","SIMK","Tenente Lund Pressoto Airport","Franca","-20.592199","-47.3829"
"DOU","","Dourados Airport","Dourados","-22.2019","-54.926601"
"LBR","SWLB","Lábrea Airport","Labrea","-7.278969764709473","-64.76950073242188"
"ROO","SBRD","Maestro Marinho Franco Airport","Rondonopolis","-16.586","-54.7248"
"GPB","","Tancredo Thomas de Faria Airport","Guarapuava","-25.3875007629","-51.520198822"
"JCB","SSJA","Santa Terezinha Airport","Joacaba","-27.1714000702","-51.5532989502"
"RVD","SWLC","General Leite de Castro Airport","Rio Verde","-17.8347225189209","-50.956111907958984"
"AAX","SBAX","Romeu Zema Airport","Araxa","-19.563199996948","-46.960399627686"
"MBZ","SWMW","Maués Airport","Maues","-3.37217","-57.7248"
"RBB","SWBR","Borba Airport","Borba","-4.4063401222229","-59.60240173339844"
"CIZ","SWKO","Coari Airport","Coari","-4.134059906005859","-63.132598876953125"
"BAZ","SWBC","Barcelos Airport","Barcelos","-0.981292","-62.919601"
"DMT","SWDM","Diamantino Airport","Diamantino","-14.376899719238281","-56.40039825439453"
"GNM","SNGI","Guanambi Airport","Guanambi","-14.208200454711914","-42.74610137939453"
"QDJ","","Tsletsi Airport","Djelfa","34.6657","3.351"
"NZA","FNZG","Nzagi Airport","Nzagi","-7.716939926149999","21.358200073200003"
"LBZ","FNLK","Lucapa Airport","Lucapa","-8.445727348330001","20.7320861816"
"KNP","FNCP","Capanda Airport","Kapanda","-9.76937007904","15.4553194046"
"AMC","FTTN","Am Timan Airport","Am Timan","11.0340003967","20.274000167799997"
"GSQ","HEOW","Shark El Oweinat International Airport","Sharq Al-Owainat","22.5856990814209","28.71660041809082"
"MRB","KMRB","Eastern WV Regional Airport/Shepherd Field","Martinsburg","39.40190125","-77.98459625"
"AWA","HALA","Awassa Airport","Awasa","7.066999912261963","38.5"
"JIJ","HAJJ","Wilwal International Airport","Jijiga","9.3325","42.9121"
"MKS","HAMA","Mekane Selam Airport","Mekane Selam","10.7254","38.7415"
"DBM","HADM","Debra Marcos Airport","Debre Marqos","10.350000381469727","37.71699905395508"
"DBT","HADT","Debre Tabor Airport","Debre Tabor","11.967000007629395","38"
"QHR","HAHM","Harar Meda Airport","Debre Zeyit","8.7163","39.0059"
"GOB","HAGB","Robe Airport","Goba","7.1160634","40.0463033"
"MYB","FOOY","Mayumba Airport","Mayumba","-3.4584197998046875","10.674076080322266"
"MRE","HKMS","Mara Serena Lodge Airstrip","Masai Mara","-1.406111","35.008057"
"JJM","HKMK","Mulika Lodge Airport","Meru National Park","0.165083006024","38.1951408386"
"RBX","","Rumbek Airport","Rumbek","6.8249998092699995","29.6690006256"
"\N","","Yei Airport","Yei","4.13028160099","30.7280731201"
"CPA","GLCP","Cape Palmas Airport","Greenville","4.3790202140808105","-7.6969499588012695"
"\N","","Ecuvillens Airport","Ecuvillens","46.755001068115234","7.076109886169434"
"IHC","FQIA","Inhaca Airport","Inhaca","-25.9971446991","32.929351806599996"
"MAX","GOSM","Ouro Sogui Airport","Matam","15.593600273132324","-13.322799682617188"
"BDI","FSSB","Bird Island Airport","Bird Island","-3.72472","55.205299"
"WHF","HSSW","Wadi Halfa Airport","Wadi Halfa","21.802698135375977","31.521577835083008"
"NBE","DTNH","Enfidha - Hammamet International Airport","Enfidha","36.075833","10.438611"
"\N","","Kidepo Airport","Kidepo","3.7176","33.7487"
"\N","","Kitgum Airport","Kitgum","3.2817","32.8882"
"\N","","Bugungu Airport","Pakuba","2.2","31.55"
"\N","","Svea Airport","Sveagruva","77.8969444","16.725"
"\N","","Ny-Ålesund Airport (Hamnerabben)","Ny-Alesund","78.9274978638","11.8743"
"HTY","LTDA","Hatay Airport","Hatay","36.36277771","36.282222747800006"
"\N","","Kihnu Airfield","Kihnu","58.14830017089844","24.002500534057617"
"\N","","Ruhnu Airfield","Ruhnu","57.78390121459961","23.26609992980957"
"RVV","NTAV","Raivavae Airport","Raivavae","-23.885200500499998","-147.662002563"
"FUO","ZGFS","Foshan Shadi Airport","Foshan","23.083299636799996","113.069999695"
"HUZ","ZGHZ","Huizhou Airport","Huizhou","23.0499992371","114.599998474"
"ILD","LEDA","Lleida-Alguaire Airport","Lleida","41.728185","0.535023"
"\N","","Ouessant Airport","Ouessant","48.463199615478516","-5.06358003616333"
"BIU","BIBD","Bildudalur Airport","Bildudalur","65.64129638671875","-23.546199798583984"
"GJR","BIGJ","Gjögur Airport","Gjogur","65.99530029296875","-21.326900482177734"
"SAK","BIKR","Sauðárkrókur Airport","Saudarkrokur","65.73169708249999","-19.572799682599996"
"\N","","Selfoss Airport","Selfoss","63.92919921875","-21.037799835205078"
"IIA","EIMN","Inishmaan Aerodrome","Inishmaan","53.09299850463867","-9.568059921264648"
"\N","","Ak Bashat Airport","Taldykorgan","42.88958","73.602004"
"ULG","ZMUL","Ulgii Mongolei Airport","Olgii","48.9933013916","89.9225006104"
"KQT","UTDT","Qurghonteppa International Airport","Kurgan Tyube","37.86640167236328","68.86470031738281"
"VGD","ULWW","Vologda Airport","Vologda","59.282501220703125","39.944400787353516"
"\N","","Severo-Evensk Airport","Evensk","61.92166519165039","159.22999572753906"
"ONK","UERO","Olenyok Airport","Olenyok","68.514999","112.480003"
"SYS","UERS","Saskylakh Airport","Saskylakh","71.92790222168","114.08000183105"
"LDG","ULAL","Leshukonskoye Airport","Arkhangelsk","64.8960037231","45.7229995728"
"\N","","Nizhneangarsk Airport","Nizhneangarsk","55.80080032348633","109.59500122070312"
"\N","","Vanavara Airport","Vanavara","60.35969924926758","102.3239974975586"
"\N","","Aykhal Airport","Aykhal","65.959197998047","111.54650115967"
"\N","","Uktus Airport","Yekaterinburg","56.701698303222656","60.790000915527344"
"\N","","Baykit Airport","Baykit","61.676700592041016","96.3550033569336"
"\N","","Biysk Airport","Biysk","52.47999954223633","85.33999633789062"
"HSK","LEHC","Huesca/Pirineos Airport","Huesca","42.0760993958","-0.316666990519"
"CQM","LERL","Ciudad Real Central Airport","Ciudad Real","38.8563888889","-3.97"
"NJF","ORNI","Al Najaf International Airport","Najaf","31.989853","44.404317"
"CSA","","Colonsay Airstrip","Colonsay","56.0574989319","-6.243060112"
"RKH","KUZA","Rock Hill - York County Airport","Rock Hill","34.9878006","-81.05719757"
"AGC","KAGC","Allegheny County Airport","Pittsburgh","40.354400634765625","-79.9301986694336"
"VQQ","KVQQ","Cecil Airport","Jacksonville","30.2187004089","-81.876701355"
"FTY","KFTY","Fulton County Airport Brown Field","Atlanta","33.7790985107","-84.5214004517"
"\N","","Tresco Heliport","Tresco","49.94559860229492","-6.331389904022217"
"TII","OATN","Tarin Kowt Airport","Tarin Kowt","32.604198455799995","65.8657989502"
"ZAJ","OAZJ","Zaranj Airport","Zaranj","30.972222","61.865833"
"CCN","OACC","Chakcharan Airport","Chaghcharan","34.53300094604492","65.26699829101562"
"FUG","ZSFY","Fuyang Xiguan Airport","Fuyang","32.882157","115.734364"
"LCX","ZSLO","Longyan Guanzhishan Airport","Longyan","25.6746997833","116.747001648"
"BSD","ZPBS","Baoshan Yunduan Airport","Baoshan","25.053301","99.168297"
"ACX","ZUYI","Xingyi Airport","Xingyi","25.0863888889","104.959444444"
"HZH","ZUNP","Liping Airport","Liping","26.32217","109.1499"
"\N","","Stepanakert Air Base","Stepanakert","39.90140151977539","46.7869987487793"
"OSU","KOSU","The Ohio State University Airport - Don Scott Field","Columbus","40.0798","-83.072998"
"ADS","KADS","Addison Airport","Addison","32.9686012268","-96.8364028931"
"DSI","KDTS","Destin Executive Airport","Destin","30.40010071","-86.47149658"
"KHE","UKOH","Kherson International Airport","Kherson","46.6758","32.506401"
"SZS","NZRC","Ryan's Creek Aerodrome","Stewart Island","-46.8997","168.100998"
"\N","","Assumption Island Airport","Assumption Island","-9.7422199993","46.506802"
"HJJ","ZGCJ","Zhijiang Airport","Zhijiang","27.4411111111","109.7"
"YQI","CYQI","Yarmouth Airport","Yarmouth","43.826900482177734","-66.08809661865234"
"ISO","KISO","Kinston Regional Jetport At Stallings Field","Kinston","35.331401825","-77.60880279540001"
"FFA","KFFA","First Flight Airport","Kill Devil Hills","36.0181999207","-75.67130279540001"
"LNJ","ZPLC","Lintsang Airfield","Lincang","23.738100051900002","100.025001526"
"\N","","Maturacá Airport","Maturaca","0.6282690167427063","-66.11509704589844"
"CKS","SBCJ","Carajás Airport","Parauapebas","-6.11527776718","-50.0013885498"
"\N","","Centro de Lançamento de Alcântara Airport","Alcantara","-2.372999906539917","-44.396400451660156"
"MWK","","Tarempa Airport","Anambas Islands","3.3481199741363525","106.25800323486328"
"\N","","Würzburg-Schenkenturm Airport","Wuerzburg","49.81778","9.8975"
"\N","","São Jacinto Airport","Aveiro","40.656741","-8.741544"
"\N","","Hopsten Air Base","Hopsten","52.33869934082031","7.541329860687256"
"PGU","OIBP","Persian Gulf International Airport","Khalije Fars","27.379601","52.737701"
"YES","OISY","Yasouj Airport","Yasuj","30.700500488281","51.545101165771"
"OSM","ORBM","Mosul International Airport","Mosul","36.305801","43.1474"
"TJH","RJBT","Tajima Airport","Toyooka","35.51279830932617","134.78700256347656"
"AXJ","RJDA","Amakusa Airport","Amakusa","32.482498","130.158997"
"KKX","RJKI","Kikai Airport","Kikai","28.321300506599997","129.927993774"
"AGJ","RORA","Aguni Airport","Aguni","26.5925006866","127.240997314"
"ULZ","ZMDN","Donoi Airport","Uliastai","47.7093","96.5258"
"UGA","ZMBN","Bulgan Airport","Bulgan","48.85499954223633","103.47599792480469"
"ULO","ZMUG","Ulaangom Airport","Ulaangom","50.066588","91.938273"
"\N","","Borongan Airport","Borongan","11.674300193799999","125.478996277"
"LBX","RPLU","Lubang Airport","Lubang","13.855400085449219","120.1050033569336"
"TJU","UTDK","Kulob Airport","Kulyab","37.98809814453125","69.80500030517578"
"CMJ","RCCM","Chi Mei Airport","Cimei","23.2131004333","119.417999268"
"TAZ","UTAT","Daşoguz Airport","Dasoguz","41.761101","59.826698"
"BWB","YBWX","Barrow Island Airport","Barrow Island","-20.86440086364746","115.40599822998047"
"DRB","YDBY","Derby Airport","Derby","-17.3700008392334","123.66100311279297"
"WGE","YWLG","Walgett Airport","Walgett","-30.032800674438477","148.12600708007812"
"BRT","YBTI","Bathurst Island Airport","Bathurst Island","-11.769200325012207","130.6199951171875"
"DKI","YDKI","Dunk Island Airport","Dunk Island","-17.9416999817","146.13999939"
"LZR","YLZI","Lizard Island Airport","Lizard Island","-14.673273","145.454571"
"HLT","YHML","Hamilton Airport","Hamilton","-37.64889907836914","142.06500244140625"
"HCQ","YHLC","Halls Creek Airport","Halls Creek","-18.23390007019043","127.66999816894531"
"FIZ","YFTZ","Fitzroy Crossing Airport","Fitzroy Crossing","-18.181900024414062","125.55899810791016"
"RVT","YNRV","Ravensthorpe Airport","Ravensthorpe","-33.7971992493","120.208000183"
"\N","","Wilkins Runway","Budd Coast","-66.690833","111.523611"
"PVU","KPVU","Provo Municipal Airport","Provo","40.219200134277","-111.72299957275"
"SBS","KSBS","Steamboat Springs Bob Adams Field","Steamboat Springs","40.5163002","-106.8659973"
"DTA","KDTA","Delta Municipal Airport","Delta","39.3805999756","-112.508003235"
"\N","","Richfield Municipal Airport","Richfield","38.73640060424805","-112.0989990234375"
"PUC","KPUC","Carbon County Regional/Buck Davis Field","Price","39.61389923","-110.7509995"
"LAM","KLAM","Los Alamos Airport","Los Alamos","35.8797988892","-106.268997192"
"HII","KHII","Lake Havasu City Airport","Lake Havasu City","34.571098","-114.358002"
"INW","KINW","Winslow Lindbergh Regional Airport","Winslow","35.021900177","-110.722999573"
"DGL","KDGL","Douglas Municipal Airport","Douglas","31.3425998688","-109.505996704"
"MZK","NGMK","Marakei Airport","Marakei","2.058609962463379","173.27099609375"
"AEA","NGTB","Abemama Atoll Airport","Abemama","0.49083301424980164","173.82899475097656"
"AAK","NGUK","Buariki Airport","Buariki","0.1852779984474182","173.63699340820312"
"KUC","NGKT","Kuria Airport","Kuria","0.2186110019683838","173.44200134277344"
"AIS","NGTR","Arorae Island Airport","Arorae","-2.61611008644104","176.80299377441406"
"TMN","NGTM","Tamana Island Airport","Tamana","-2.485830068588257","175.97000122070312"
"BEZ","NGBR","Beru Airport","Beru Island","-1.3547199964523315","176.0070037841797"
"NIG","NGNU","Nikunau Airport","Nikunau","-1.31444001198","176.410003662"
"BBG","NGTU","Butaritari Atoll Airport","Butaritari","3.08583","172.811005"
"MTK","NGMN","Makin Island Airport","Makin","3.3744399547576904","172.99200439453125"
"MNK","NGMA","Maiana Airport","Maiana","1.0036100149154663","173.031005859375"
"NON","NGTO","Nonouti Airport","Nonouti","-0.6397219896316528","174.42799377441406"
"TSU","NGTS","Tabiteuea South Airport","Tabiteuea","-1.4744399785995483","175.06399536132812"
"WTZ","NZWT","Whitianga Airport","Whitianga","-36.83169937133789","175.6790008544922"
"KTF","NZTK","Takaka Airport","Takaka","-40.81330108642578","172.77499389648438"
"AFT","AGAF","Afutara Aerodrome","Afutara","-9.19138888889","160.948611111"
"RNA","AGAR","Ulawa Airport","Ulawa","-9.86054358262","161.979546547"
"CHY","AGGC","Choiseul Bay Airport","Choiseul Bay","-6.711944","156.396111"
"NNB","AGGT","Santa Ana Airport","Santa Ana","-10.847994","162.454108"
"XYA","AGGY","Yandina Airport","Yandina","-9.092816","159.21841"
"BPF","AGBT","Batuna Aerodrome","Batuna","-8.56202777778","158.119305556"
"BOW","KBOW","Bartow Municipal Airport","Bartow","27.943399429299998","-81.78340148930002"
"\N","","Dyagilevo Air Base","Kostroma","54.64469909667969","39.57040023803711"
"FTI","NSFQ","Fitiuta Airport","Fiti\'uta","-14.2172","-169.425003"
"LVK","KLVK","Livermore Municipal Airport","Livermore","37.6934013367","-121.819999695"
"RMY","KMPI","Mariposa Yosemite Airport","Mariposa","37.5108985901","-120.040000916"
"GFY","FYGF","Grootfontein Airport","Grootfontein","-19.60219955444336","18.122699737548828"
"NDU","FYRU","Rundu Airport","Rundu","-17.956499099731","19.719400405884"
"\N","","Tasiilaq Heliport","Angmagssalik","65.612296","-37.618335"
"TRM","KTRM","Jacqueline Cochran Regional Airport","Palm Springs","33.62670135498","-116.16000366211"
"SMO","KSMO","Santa Monica Municipal Airport","Santa Monica","34.015800476100004","-118.450996399"
"UDD","KUDD","Bermuda Dunes Airport","Palm Springs","33.748401641846","-116.27500152588"
"SCF","KSDL","Scottsdale Airport","Scottsdale","33.622898101807","-111.91100311279"
"OLM","KOLM","Olympia Regional Airport","Olympia","46.9693985","-122.9029999"
"\N","","Yolo County Davis Woodland Winters Airport","Davis-Woodland-Winters","38.57910156","-121.8570023"
"RIL","KRIL","Garfield County Regional Airport","Rifle","39.526299","-107.726997"
"SAA","KSAA","Shively Field","SARATOGA","41.444901","-106.823997"
"PDK","KPDK","DeKalb Peachtree Airport","Atlanta","33.8755989075","-84.3020019531"
"BMG","KBMG","Monroe County Airport","Bloomington","39.145999908447266","-86.61669921875"
"SUA","KSUA","Witham Field","Stuart","27.18169975","-80.22109985"
"MMU","KMMU","Morristown Municipal Airport","Morristown","40.799400329589844","-74.41490173339844"
"APC","KAPC","Napa County Airport","Napa","38.2132","-122.280998"
"SDM","KSDM","Brown Field Municipal Airport","San Diego","32.572299957275","-116.98000335693"
"\N","","Wangen-Lachen Airport","Wangen-Lachen","47.2047","8.8675"
"VNC","KVNC","Venice Municipal Airport","Venice","27.071599960327","-82.440299987793"
"PHK","KPHK","Palm Beach County Glades Airport","Pahokee","26.78499985","-80.69339752"
"ECP","KECP","Northwest Florida Beaches International Airport","Panama City","30.357106","-85.795414"
"SBD","KSBD","San Bernardino International Airport","San Bernardino","34.0954017639","-117.23500061"
"VAL","SNVB","Valença Airport","Valenca","-13.2965","-38.992401"
"CAU","SNRU","Caruaru Airport","Caruaru","-8.282389640808105","-36.01350021362305"
"AWK","PWAK","Wake Island Airfield","Wake island","19.282100677490234","166.63600158691406"
"QNV","","Aeroclube Airport","Nova Iguacu","-22.74530029296875","-43.46030044555664"
"SQL","KSQL","San Carlos Airport","San Carlos","37.511901855469","-122.25"
"\N","","Courtelary Airport","Courtelary ","47.18360137939453","7.090829849243164"
"\N","","Lotnisko Korne","Koszalin","54.129583","17.844972"
"\N","","Camp Okavango Airport","Okavango Delta","-19.131115","23.102505"
"RWI","KRWI","Rocky Mount Wilson Regional Airport","Rocky Mount","35.856300354003906","-77.89189910888672"
"\N","","Whittier Airport","Whittier","60.777198791503906","-148.7220001220703"
"SXQ","PASX","Soldotna Airport","Soldotna","60.47570037841797","-151.03399658203125"
"SEE","KSEE","Gillespie Field","El Cajon","32.826198577881","-116.97200012207"
"\N","","San Clemente Island Naval Auxiliary Landing Field","San Clemente Island","33.02270126","-118.5879974"
"PHA","VVPR","Phan Rang Airport","Phan Rang","11.6335000992","108.952003479"
"SQH","VVNS","Na-San Airport","Son-La","21.216999053955078","104.03299713134766"
"TKF","KTRK","Truckee Tahoe Airport","Truckee","39.319999694799996","-120.13999939"
"FRJ","","Fréjus Airport","Frejus","43.4175","6.7357"
"GEX","","Geelong Airport","Geelong","-38.224998474121094","144.33299255371094"
"\N","","Mezen Airport","Mezen","65.87833404541016","44.21500015258789"
"\N","","Vaskovo Airport","Arkhangelsk","64.44170379639999","40.421699523899996"
"\N","","Cobb County-Mc Collum Field","Atlanta","34.01319885","-84.59860229"
"\N","","Brumowski  Air Base","Tulln","48.3167","16.116699"
"\N","","Dell Flight Strip","Dell","44.7356987","-112.720001221"
"LVM","KLVM","Mission Field","Livingston-Montana","45.6994018555","-110.447998047"
"\N","","Big Timber Airport","Big Timber","45.806400299072266","-109.98100280761719"
"\N","","Tulip City Airport","Holland","42.742900848389","-86.107398986816"
"\N","","London Heliport","London","51.46972274779999","-0.179444000125"
"\N","","Venice-Lido Airport","Venice","45.428299","12.3881"
"\N","","Tallinn Linnahall Heliport","Tallinn","59.4486198425293","24.75322723388672"
"\N","","Hernesaari Heliport","Helsinki","60.14777755737305","24.9244441986084"
"\N","","Linkenheim Airport","Linkenheim","49.141666412353516","8.394721984863281"
"GMV","","Monument Valley Airport","Monument Valley","37.016700744599994","-110.200996399"
"\N","","Hilversum Airfield","Hilversum","52.191898","5.14694"
"JRA","","West 30th St. Heliport","New York","40.754501","-74.007103"
"\N","","Texel Airfield","Texel","53.115299","4.83361"
"\N","","La Cerdanya Airport","Das i Fontanals de Cerdanya","42.38639831542969","1.86667001247406"
"LAL","KLAL","Lakeland Linder International Airport","Lakeland","27.988899","-82.018602"
"\N","","Stary Oskol Airport","Stary Oskol","51.32921600341797","37.76884841918945"
"SYH","VNSB","Syangboche Airport","Syangboche","27.8112","86.7124"
"\N","","Indianola Municipal Airport","New York","33.485699","-90.678902"
"\N","","Cheremshanka Airport","Krasnoyarsk","56.176998138399995","92.5400009155"
"RBK","","French Valley Airport","Murrieta-Temecula","33.5741996765","-117.127998352"
"FNU","LIER","Oristano-Fenosu Airport","Oristano","39.895308","8.642661"
"\N","","White Waltham Airfield","Maidenhead","51.500801086399996","-0.774443984032"
"MYQ","VOMY","Mysore Airport","Mysore","12.23","76.655833"
"\N","","Carl R Keller Field","Port Clinton","41.516300201416016","-82.86869812011719"
"MGY","KMGY","Dayton-Wright Brothers Airport","Dayton","39.5890007019","-84.224899292"
"\N","","Richmond Municipal Airport","Richmond","39.757198333740234","-84.8427963256836"
"FDY","KFDY","Findlay Airport","Findley","41.013500213600004","-83.66870117190001"
"\N","","Burlington Executive","Burlington","43.4414531515","-79.850102663"
"PEA","YPSH","Penneshaw Airport","Penneshaw","-35.7558462874","137.962875366"
"\N","","Engels heliport","Ebenhofen","51.211666107177734","4.5808329582214355"
"EMP","KEMP","Emporia Municipal Airport","Kempten","38.3320999146","-96.19120025630001"
"\N","","Skå-Edeby Airport","Essen","59.34510040283203","17.74049949645996"
"HYC","EGTB","Wycombe Air Park","Wycombe","51.6116981506","-0.8083329796790001"
"BBP","EGHJ","Bembridge Airport","Bembridge","50.6781005859","-1.10943996906"
"\N","","Waterville / Kings County Municipal Airport","Waterville","45.0518989563","-64.6517028809"
"SPF","KSPF","Black Hills Airport-Clyde Ice Field","Spearfish-South Dakota","44.48030090332","-103.78299713135"
"\N","","Westkapelle heliport","Knokke","51.32222366333","3.2930560112"
"\N","","Redcliffe Airport","Rothwell","-27.20669937133789","153.0679931640625"
"QYD","","Oksywie Military Air Base","Gdynia","54.57970047","18.51720047"
"\N","","Malbork Military Air Base","Malbork","54.0269012451","19.134199142499998"
"\N","","Lask Military Air Base","Lask","51.551700592","19.179100036599998"
"\N","","Miroslawiec Military Air Base","Miroslawiec","53.395099639899996","16.0827999115"
"\N","","Krzesiny Military Air Base","Poznan","52.3316993713","16.9664001465"
"OLV","KOLV","Olive Branch Airport","Olive Branch","34.9786987305","-89.78690338130001"
"KNA","SCVM","Viña del mar Airport","Vina del Mar","-32.9496","-71.4786"
"\N","","Brampton Airport","Brampton","43.7602996826","-79.875"
"ONQ","LTAS","Zonguldak Airport","Zonguldak","41.506401062","32.0886001587"
"BJC","KBJC","Rocky Mountain Metropolitan Airport","Broomfield-CO","39.90879822","-105.1169968"
"SLE","KSLE","Salem Municipal Airport/McNary Field","Salem","44.90950012","-123.0029984"
"UTM","KUTA","Tunica Municipal Airport","Tunica","34.680999755859","-90.346702575684"
"\N","","Batken Airport","Batken","40.042899","70.83784"
"ZKB","FLKY","Kasaba Bay Airport","Kasaba Bay","-8.524999618530273","30.663000106811523"
"LND","KLND","Hunt Field","Lindau","42.8152008057","-108.730003357"
"\N","","Hoogeveen Airfield","Hoogeveen","52.730801","6.51611"
"\N","","Teuge Airport","Deventer","52.2447013855","6.04666996002"
"\N","","Midden-Zeeland Airport","Middelburg","51.5121994019","3.73111009598"
"\N","","Ameland Airfield","Ameland","53.451698","5.67722"
"\N","","Saint-Cyr-l'École Airport","Saint-Cyr","48.8114013671875","2.0747199058532715"
"MWC","KMWC","Lawrence J Timmerman Airport","Milwaukee","43.110401","-88.034401"
"JVL","KJVL","Southern Wisconsin Regional Airport","Janesville","42.620300293","-89.0416030884"
"\N","","Mantsonyane Airport","Mantsonyane","-29.546100616455078","28.270999908447266"
"\N","","Arlington Municipal Airport","Arlington","32.66389846801758","-97.09429931640625"
"LZU","KLZU","Gwinnett County Briscoe Field","Lawrenceville","33.97809982","-83.96240234"
"BWG","KBWG","Bowling Green Warren County Regional Airport","Bowling Green","36.964500427199994","-86.41970062259999"
"RVS","KRVS","Richard Lloyd Jones Jr Airport","Tulsa","36.039600372314","-95.984596252441"
"NHD","OMDM","Al Minhad Air Base","Minhad AB","25.0268001556","55.3661994934"
"KGO","UKKG","Kirovograd Airport","Kirovograd","48.54280090332031","32.28499984741211"
"\N","","Roitzschjora Airfield","Roitzschjora","51.577778","12.494444"
"DBB","HEAL","El Alamein International Airport","Dabaa City","30.92449951171875","28.46139907836914"
"BCE","KBCE","Bryce Canyon Airport","Bryce Canyon","37.706401825","-112.144996643"
"\N","","Burlington Alamance Regional Airport","Burlington","36.048500061035156","-79.47489929199219"
"CKL","UUMU","Chkalovskiy Air Base","Shchyolkovo","55.8783","38.061699"
"TCZ","ZPTC","Tengchong Tuofeng Airport","Tengchong","24.9380555556","98.48583333330001"
"UKS","UKFB","Belbek Airport","Sevastopol","44.688999176","33.570999145500004"
"\N","","De Peel Air Base","Deurne","51.51729965209961","5.855720043182373"
"OAZ","OAZI","Camp Bastion Airport","Camp Bastion","31.863800048799998","64.2246017456"
"JCI","KIXD","New Century Aircenter Airport","Olathe","38.8308982849","-94.890296936"
"ESN","KESN","Easton Newnam Field","Easton","38.8041992188","-76.06900024410001"
"HMR","ENHA","Stafsberg Airport","Hamar","60.81809997558594","11.067999839782715"
"\N","","Ringebu Airfield Frya","Frya","61.545440673","10.061588287"
"MYV","KMYV","Yuba County Airport","Yuba City","39.09780121","-121.5699997"
"\N","","Phillip Island Airport","Phillip Island","-38.52330017089844","145.32699584960938"
"DUC","KDUC","Halliburton Field","Duncan","34.47090149","-97.9598999"
"UVA","KUVA","Garner Field","Uvalde","29.2112998962","-99.743598938"
"LOT","KLOT","Lewis University Airport","Lockport","41.6072998","-88.09619904"
"CCR","KCCR","Buchanan Field","Concord","37.9897003174","-122.056999207"
"OCA","","Ocean Reef Club Airport","Ocean Reef Club Airport","25.325399398804","-80.274803161621"
"\N","","Strasbourg Neuhof Airfield","Strasbourg Neudorf","48.554401","7.77806"
"\N","","Nannhausen Airport","Nannhausen","49.9702796936","7.47916698456"
"YUS","ZLYS","Yushu Batang Airport","Yushu","32.836388888900004","97.0363888889"
"HIA","ZSSH","Lianshui Airport","Huai An","33.7908333333","119.125"
"YOO","CYOO","Toronto/Oshawa Executive Airport","Oshawa","43.922798","-78.894997"
"\N","","Marl-Loemühle Airfield","Recklinghausen","51.647202","7.16333"
"\N","","Färila Air Base","Farila","61.897998809814","15.705300331116"
"LHA","EDTL","Lahr Airport","Lahr","48.3693008423","7.82772016525"
"NYW","VYMY","Monywar Airport","Monywa","22.221638","95.093479"
"ATO","KUNI","Ohio University Snyder Field","Athens","39.2109985352","-82.23139953610001"
"SGH","KSGH","Springfield-Beckley Municipal Airport","Springfield","39.840301513672","-83.840202331543"
"\N","","Sun Island Resort and SPA","South Aari Atoll","3.488334","72.862989"
"\N","","Fes Sefrou Airport","Fes","34.00809860229492","-4.965559959411621"
"HEX","","Herrera Airport","Santo Domingo","18.4696998596","-69.9693984985"
"CDA","YCOO","Cooinda Airport","Cooinda","-12.903300285339355","132.53199768066406"
"JAB","YJAB","Jabiru Airport","Jabiru","-12.658300399780273","132.89300537109375"
"\N","","Regensburg-Oberhub Airport","Regensburg","49.141944885253906","12.081944465637207"
"HGS","GFHA","Hastings Airport","Freetown","8.397130012512207","-13.12909984588623"
"TOP","KTOP","Philip Billard Municipal Airport","Topeka","39.068698883057","-95.622497558594"
"\N","","Benson Airstrip","Uvalde","29.229400634765625","-99.82389831542969"
"\N","","Rough River State Park Airport","Null","37.610022","-86.507262"
"MQY","KMQY","Smyrna Airport","Smyrna","36.0089988708","-86.5201034546"
"UOS","KUOS","Franklin County Airport","Sewanee","35.205101013184","-85.898101806641"
"NGQ","ZUAL","Ngari Gunsa Airport","Shiquanhe","32.1","80.0530555556"
"CSO","EDBC","Cochstedt Airport","Cochstedt","51.8563995361","11.42029953"
"\N","","Collin County Regional At Mc Kinney Airport","DALLAS","33.17789841","-96.59049988"
"PWK","","Chicago Executive Airport","Chicago-Wheeling","42.114222","-87.901494"
"KLS","KKLS","Southwest Washington Regional Airport","Kelso","46.11800003049999","-122.898002625"
"\N","","Benešov Airport","Benesov","49.74079895019531","14.644700050354004"
"\N","","Bougouni Airport","Bougouni","11.449999809265137","-7.517000198364258"
"ZTA","NTGY","Tureia Airport","Tureia","-20.78969955444336","-138.57000732421875"
"\N","","McMurdo Station Ice Runway","Ross Island","-77.85399627685547","166.468994140625"
"\N","","Keekorok Airport","Keekorok","-1.5829999446868896","35.25"
"PUE","MPOA","Puerto Obaldia Airport","Puerto Obaldia","8.667","-77.418"
"KHC","UKFK","Kerch Airport","Kerch","45.372501373291016","36.40140151977539"
"UKA","HKUK","Ukunda Airstrip","Ukunda","-4.29333","39.571098"
"ILN","KILN","Wilmington Airpark","Wilmington","39.427898407","-83.792098999"
"AVW","KAVQ","Marana Regional Airport","Tucson","32.4095993042","-111.218002319"
"CGZ","KCGZ","Casa Grande Municipal Airport","Casa Grande","32.954899","-111.766998"
"\N","","Mobile Airport","Mobile","33.111900329589844","-112.26899719238281"
"BXK","KBXK","Buckeye Municipal Airport","Buckeye","33.42039871","-112.685997"
"\N","","Gila Bend Municipal Airport","Gila Bend","32.95809937","-112.6780014"
"MMI","KMMI","McMinn County Airport","Athens","35.39730072","-84.56259918"
"STK","KSTK","Sterling Municipal Airport","Sterling","40.61529922","-103.2649994"
"RWL","KRWL","Rawlins Municipal Airport/Harvey Field","Rawlins","41.80559921","-107.1999969"
"\N","","Mackenzie Airport","Mackenzie British Columbia","55.304402","-123.132004"
"CDW","KCDW","Essex County Airport","Caldwell","40.875198364300005","-74.2814025879"
"AIZ","KAIZ","Lee C Fine Memorial Airport","Kaiser Lake Ozark","38.0960006714","-92.54949951170002"
"TVI","KTVI","Thomasville Regional Airport","Thomasville","30.901599884033","-83.881301879883"
"HSH","KHND","Henderson Executive Airport","Henderson","35.9728012085","-115.134002686"
"GML","","Gostomel Airport","Kiev","50.60350036621094","30.1919002532959"
"TMA","KTMA","Henry Tift Myers Airport","Tifton","31.4290008545","-83.4885025024"
"\N","","Landshut Airport","Landshut","48.51166534423828","12.033332824707031"
"\N","","Itzehoe/Hungriger Wolf Airport","Itzehoe","53.99444580078125","9.578611373901367"
"RDO","EPRA","Radom Airport","RADOM","51.3891983032","21.213300705"
"DVT","KDVT","Phoenix Deer Valley Airport","Phoenix ","33.6883010864","-112.083000183"
"\N","","Calgary / Springbank Airport","Calgary","51.103099823","-114.374000549"
"\N","","Golden Airport","Golden","51.299196","-116.982002"
"YRV","CYRV","Revelstoke Airport","Revelstoke","50.9667015076","-118.182998657"
"FRG","KFRG","Republic Airport","Farmingdale","40.7288017273","-73.4133987427"
"\N","","Allstedt Airport","Allstedt","51.38055419921875","11.446666717529297"
"\N","","General Freire Airport","Curico","-34.96666717529297","-71.21639251708984"
"\N","","Peine-Eddesse Airport","Peine","52.402500152600005","10.228889465299998"
"\N","","South Texas Regional Airport at Hondo","Hondo","29.35950088501","-99.176696777344"
"ZHY","ZLZW","Zhongwei Shapotou Airport","Zhongwei","37.573125","105.154454"
"MCL","PAIN","McKinley National Park Airport","McKinley Park","63.7326011658","-148.910995483"
"\N","","Lake Hood Airport","Anchorage","61.186946","-149.965442"
"PPC","PAPR","Prospect Creek Airport","Prospect Creek","66.814102172852","-150.64399719238"
"KHW","FBKR","Khwai River Lodge Airport","Khwai River","-19.149999618530273","23.783000946044922"
"\N","","Spremberg-Welzow Airport","Welzow","51.575557708740234","14.136943817138672"
"TXG","","Taichung Airport","Taichung","24.18630027770996","120.65399932861328"
"HLG","KHLG","Wheeling Ohio County Airport","Wheeling","40.1749992371","-80.6463012695"
"\N","","Fitzgerald Municipal Airport","Fitzgerald","31.683700561523438","-83.27050018310547"
"XYE","VYYE","Ye Airport","Ye","15.300000190734863","97.86699676513672"
"\N","","Isla San Felix Airport","Isla San Felix","-26.293899536132812","-80.09619903564453"
"\N","","Shaibah Airport","Shaybah","22.51449966430664","53.9640998840332"
"DWC","OMDW","Al Maktoum International Airport","Dubai","24.896356","55.161389"
"RKP","KRKP","Aransas County Airport","Rockport","28.0867996216","-97.0446014404"
"MVV","LFHM","Megève Airport","Verdun","45.82080078125","6.652219772338867"
"MFX","LFKX","Méribel Altiport","Ajaccio","45.407003","6.577942"
"AEB","ZGBS","Baise Youjiang Airport","Baise","23.7206001282","106.959999084"
"OKF","FYOO","Okaukuejo Airport","Okaukuejo","-19.149200439453125","15.91189956665039"
"OKU","FYMO","Mokuti Lodge Airport","Mokuti Lodge","-18.81279945373535","17.05940055847168"
"\N","","Rotenburg (Wümme) Airport","Rotenburg Wuemme","53.128334045410156","9.348610877990723"
"\N","","Wipperfürth-Neye Airport","Wipperfuerth","51.124168395996094","7.373610973358154"
"\N","","Osnabrück-Atterheide Airport","Osnabrueck","52.286388","7.969722"
"\N","","Flugplatz Ballenstedt","Ballenstedt","51.745834","11.229722"
"\N","","Flugplatz Hartenholm","Hasenmoor","53.915001","10.035556"
"\N","","Ganderkesee Atlas Airfield","Ganderkesee","53.03611","8.505556"
"\N","","Nienburg-Holzbalge Airport","Nienburg Weser","52.709720611572266","9.162500381469727"
"\N","","Damme Airfield","Damme","52.487499","8.185556"
"\N","","Borkenberge Airport","Duelmen","51.779998779299994","7.28805589676"
"\N","","Obermehler-Schlotheim Airport","Obermehler","51.26777648925781","10.634721755981445"
"\N","","Hodenhagen Airport","Hodenhagen","52.761865","9.61056"
"\N","","Grube Airport","Grube","54.24444580078125","11.0247220993042"
"\N","","Tønder Airport","Toender","54.9296989440918","8.840570449829102"
"\N","","Celle-Arloh Airport","Celle","52.68722152709961","10.11138916015625"
"\N","","Uelzen Airport","Uelzen","52.9838905334","10.4650001526"
"\N","","Hamm-Lippewiesen Airport","Hamm","51.689720153808594","7.816111087799072"
"\N","","Lüsse Airport","Luesse","52.141109466552734","12.664722442626953"
"\N","","Porta Westfalica Airport","Bad Oeynhausen","52.22083282470703","8.859167098999023"
"\N","","Brilon/Hochsauerlandkreis Airfield","Brilon","51.4025","8.641667"
"\N","","Hameln-Pyrmont Airport","Bad Pyrmont","51.96666717529297","9.291666984558105"
"\N","","Nordholz-Spieka Airfield","Cuxhaven","53.767223","8.643611"
"KOQ","EDCK","Köthen Airport","Koethen","51.7211112976","11.952777862500001"
"\N","","St. Michaelisdonn Airport","Sankt Michaelisdonn","53.978057861328125","9.144721984863281"
"\N","","Salzgitter-Drütte Airport","Salzgitter","52.15444564819336","10.426667213439941"
"\N","","Karlshöfen Airport","Karlshoefen","53.33277893066406","9.028332710266113"
"\N","","Oldenburg-Hatten Airfield","Oldenburg","53.06889","8.313611"
"\N","","Rinteln Airport","Rinteln","52.17527770996094","9.053333282470703"
"\N","","Münster-Telgte Airport","Muenster","51.94444274902344","7.773889064788818"
"PSH","EDXO","St. Peter-Ording Airport","Sankt Peter-Ording","54.30888748168945","8.686944007873535"
"\N","","Lüchow-Rehbeck Airport","Luechow","53.016109466552734","11.144444465637207"
"\N","","Klietz/Scharlibbe Airport","Scharlibbe","52.709442138671875","12.073332786560059"
"\N","","Burg Airport","Burg","52.241668701171875","11.856110572814941"
"\N","","Crisp County Cordele Airport","Cordele","31.98880005","-83.77390289"
"\N","","Ormond Beach Municipal Airport","Ormond Beach","29.300600051879883","-81.11360168457031"
"\N","","Bad Neuenahr-Ahrweiler Airfield","Bad Neuenahr","50.557777","7.136389"
"\N","","Bad Dürkheim Airport","Bad Duerkheim","49.47305679321289","8.196389198303223"
"TTD","KTTD","Portland Troutdale Airport","Troutdale","45.54940032959","-122.40100097656"
"HIO","KHIO","Portland Hillsboro Airport","Hillsboro","45.540401","-122.949997"
"\N","","One Police Plaza Heliport","New York","40.71260070800781","-73.99960327148438"
"\N","","Leverkusen Airport","Leverkusen","51.01527786254883","7.005556106567383"
"\N","","Wershofen/Eifel Airfield","Wershofen","50.451389","6.783333"
"KHT","OAKS","Khost Airport","Khost","33.3334007263","69.952003479"
"NMT","","Namtu Airport","Naypyidaw","23.083","97.383003"
"\N","","Bend Municipal Airport","Bend","44.09479904","-121.2009964"
"\N","","Christmas Valley Airport","Christmas Valley","43.23649978637695","-120.66600036621094"
"BNO","KBNO","Burns Municipal Airport","Burns","43.5918998718","-118.955001831"
"PRZ","","Prineville Airport","Prineville","44.286998748779","-120.90399932861"
"RBL","KRBL","Red Bluff Municipal Airport","Red Bluff","40.1506996155","-122.251998901"
"NOT","KDVO","Marin County Airport - Gnoss Field","Novato","38.143600463867","-122.55599975586"
"LKV","KLKV","Lake County Airport","Lakeview","42.161098480199996","-120.399002075"
"OTK","KTMK","Tillamook Airport","Tillamook","45.4182014465","-123.814002991"
"ONO","KONO","Ontario Municipal Airport","Ontario","44.020500183105","-117.01399993896"
"DLS","KDLS","Columbia Gorge Regional the Dalles Municipal Airport","The Dalles","45.6184997559","-121.166999817"
"GAI","KGAI","Montgomery County Airpark","Gaithersburg","39.168300628699996","-77.1660003662"
"OAS","OASA","Sharana Airstrip","Sharona","33.12575","68.838517"
"YTA","CYTA","Pembroke Airport","Pembroke","45.86439895629883","-77.25170135498047"
"TSB","FYTM","Tsumeb Airport","Tsumeb","-19.26189994812","17.732500076294"
"YSD","CYSD","Suffield Heliport","Suffield","50.266700744628906","-111.18299865722656"
"BNU","SSBL","Blumenau Airport","BLUMENAU","-26.83060073852539","-49.090301513671875"
"\N","","Bolshoye Gryzlovo Airfield","Stupino","54.785","37.645"
"\N","","Charlevoix Municipal Airport","Charelvoix","45.3047981262207","-85.2748031616211"
"\N","","Mykines Heliport","Mykines","62.1021003723","-7.645919799800001"
"YCC","CYCC","Cornwall Regional Airport","Cornwall","45.09280014038086","-74.56330108642578"
"\N","","Seppe Airfield","Bosschenhoofd","51.554699","4.5525"
"\N","","St Stephan Airport","St.Stephan","46.497398376464844","7.412569999694824"
"IZA","SBZM","Zona da Mata Regional Airport","Juiz de Fora","-21.5130558014","-43.1730575562"
"\N","","IAR Gimbav Heliport","Brasov","45.686443","25.529058"
"\N","","Flagler Executive Airport","Flagler","29.4674","-81.206299"
"MVL","KMVL","Morrisville Stowe State Airport","Morrisville","44.53459930419999","-72.6139984131"
"RBD","KRBD","Dallas Executive Airport","Dallas","32.6809005737","-96.8682022095"
"\N","","Como (Idroscalo - Water Ad) Hidroport","Como","45.814701","9.06972"
"BXY","UAOL","Krainiy Airport","Baikonur","45.621994","63.210773"
"WST","KWST","Westerly State Airport","Washington County","41.3496017456","-71.8033981323"
"BID","KBID","Block Island State Airport","Block Island","41.1680984497","-71.577796936"
"NME","PAGT","Nightmute Airport","Nightmute","60.471000671387","-164.70100402832"
"OOK","PAOO","Toksook Bay Airport","Toksook Bay","60.54140091","-165.0870056"
"OBY","","Ittoqqortoormiit Heliport","Ittoqqortoormiit","70.4882288244","-21.971679925900002"
"VIN","UKWW","Vinnytsia/Gavyryshivka Airport","Vinnitsa","49.242531","28.613778"
"BGE","KBGE","Decatur County Industrial Air Park","Bainbridge","30.9715004","-84.63739777"
"ZGS","","La Romaine Airport","La Romaine","50.259701","-60.679401"
"ZKG","","Kegaska Airport","Kegaska","50.1958007812","-61.265800476100004"
"YBI","","Black Tickle Airport","Black Tickle","53.4693984985","-55.784999847399995"
"\N","","Silver Springs Airport","Silver Springs","39.40299987792969","-119.2509994506836"
"WHP","KWHP","Whiteman Airport","Los Angeles","34.2593002319","-118.413002014"
"MAE","KMAE","Madera Municipal Airport","Madera","36.9886016846","-120.111999512"
"YZZ","","Trail Airport","Trail","49.0555992126","-117.60900116"
"\N","","Victoria Airport","Patricia Bay","48.6538920506","-123.450450897"
"YAB","CYAB","Old Arctic Bay Airport","Arctic Bay","73.0058922479","-85.0325489044"
"\N","","Birchwood Airport","Belmopan","61.41650009","-149.5070038"
"GSI","SOGS","Grand-Santi Airport","Grand-Santi","4.285833","-54.373056"
"MPY","SOOA","Maripasoula Airport","Maripasoula","3.6575","-54.037201"
"LDX","SOOM","Saint-Laurent-du-Maroni Airport","Saint-Laurent-du-Maroni","5.48306","-54.034401"
"KJI","ZWKN","Kanas Airport","Burqin","48.2223","86.9959"
"CPB","SKCA","Capurganá Airport","Capurgana","8.63333","-77.35"
"HMB","HESG","Sohag International Airport","Sohag","26.342778","31.742778"
"RVY","SURV","Presidente General Don Oscar D. Gestido International Airport","Rivera","-30.974599838256836","-55.476200103759766"
"POJ","SNPD","Patos de Minas Airport","Patos de Minas","-18.672800064086914","-46.4911994934082"
"JTC","SBAE","Bauru - Arealva Airport","Bauru","-22.166859140899998","-49.0502866745"
"OIA","SDOW","Ourilândia do Norte Airport","Ourilandia do Norte","-6.763100147250001","-51.0499000549"
"RDC","SNDC","Redenção Airport","Redencao","-8.033289909362793","-49.97990036010742"
"SXX","SNFX","São Félix do Xingu Airport","Sao Felix do Xingu","-6.6413","-51.9523"
"BYO","SBDB","Bonito Airport","Bointo","-21.247299","-56.452499"
"SXO","SWFX","São Félix do Araguaia Airport","Sao Felix do Araguaia","-11.632399559020996","-50.68960189819336"
"CFC","SBCD","Caçador Airport","Cacador","-26.78840065","-50.9398002625"
"CAF","SWCA","Carauari Airport","Carauari","-4.871520042419434","-66.89749908447266"
"\N","","Urucu Airport","Porto Urucu","-4.88422012329","-65.3554000854"
"ERN","SWEI","Eirunepé Airport","Eirunepe","-6.639530181884766","-69.87979888916016"
"CCI","SSCK","Concórdia Airport","Concordia","-27.180599212646484","-52.05270004272461"
"FBE","SSFB","Francisco Beltrão Airport","Francisco Beltrao","-26.059200286865234","-53.063499450683594"
"CFO","","Confresa Airport","Confresa","-10.634400367736816","-51.5635986328125"
"AAF","KAAF","Apalachicola Regional Airport","Apalachicola","29.72750092","-85.02749634"
"UMU","SSUM","Umuarama Airport","Umuarama","-23.7987003326416","-53.31380081176758"
"DTI","SNDT","Diamantina Airport","Diamantina","-18.232000351","-43.650398254399995"
"FBA","SWOB","Fonte Boa Airport","Fonte Boa","-2.5326099395800004","-66.0831985474"
"OLC","SDCG","Senadora Eunice Micheles Airport","Sao Paulo de Olivenca","-3.46792950765","-68.9204120636"
"HUW","SWHT","Humaitá Airport","Humaita","-7.532120227810001","-63.072101593"
"IRZ","SWTP","Tapuruquara Airport","Santa Isabel do Rio Negro","-0.3786","-64.9923"
"ORX","SNOX","Oriximiná Airport","Oriximina","-1.7140799760818481","-55.83620071411133"
"UNA","SBTC","Hotel Transamérica Airport","Una","-15.355199813799999","-38.9990005493"
"TEF","YTEF","Telfer Airport","Telfer","-21.71500015258789","122.22899627685547"
"GZP","LTFG","Gazipaşa Airport","Alanya","36.299217","32.300598"
"OAA","OASH","Shank Air Base","Shank","33.9225","69.07722222219999"
"\N","","Douglas Municipal Airport","Douglas","31.476699829101562","-82.8604965209961"
"FPR","KFPR","St Lucie County International Airport","Fort Pierce","27.49510002","-80.36830139"
"\N","","Taunton Municipal King Field","Taunton","41.8744010925293","-71.0166015625"
"PYM","KPYM","Plymouth Municipal Airport","Plymouth","41.909","-70.728798"
"NCO","KOQU","Quonset State Airport","North Kingstown","41.597099304199","-71.412101745605"
"OWD","KOWD","Norwood Memorial Airport","Norwood","42.1904983521","-71.1728973389"
"BAF","KBAF","Westfield-Barnes Regional Airport","Westfield","42.157799","-72.715599"
"\N","","Windham Airport","Willimantic","41.74399948120117","-72.1802978515625"
"MGJ","KMGJ","Orange County Airport","Montgomery","41.50999832","-74.26460266"
"HAR","KCXY","Capital City Airport","Harrisburg","40.2170982361","-76.85150146480001"
"\N","","Marshfield Municipal George Harlow Field","Marshfield","42.09830093383789","-70.67220306396484"
"DXR","KDXR","Danbury Municipal Airport","Danbury","41.371498107899995","-73.48220062259999"
"ASH","KASH","Boire Field","Nashua","42.7817001343","-71.51480102539999"
"LWM","KLWM","Lawrence Municipal Airport","Lawrence","42.717201232899995","-71.1233978271"
"OXC","KOXC","Waterbury Oxford Airport","Oxford","41.47859954834","-73.135200500488"
"\N","","Fitchburg Municipal Airport","Fitchburg","42.554100036621094","-71.75900268554688"
"\N","","Earl L. Small Jr. Field/Stockmar Airport","Villa Rica","33.756500244099996","-84.88469696039999"
"\N","","Cartersville Airport","Cartersville","34.12310028076172","-84.84870147705078"
"\N","","Centre-Piedmont-Cherokee County Regional Airport","Centre","34.089977","-85.610069"
"RMG","KRMG","Richard B Russell Airport","Rome","34.3506011963","-85.15799713130001"
"GAD","KGAD","Northeast Alabama Regional Airport","Gadsden","33.972599","-86.088996"
"\N","","Knoxville Downtown Island Airport","Knoxville","35.96390151977539","-83.8739013671875"
"WDR","KWDR","Barrow County Airport","Winder","33.98289871","-83.66739655"
"\N","","Plantation Airpark","Sylvania","32.645301818847656","-81.59709930419922"
"DNN","KDNN","Dalton Municipal Airport","Dalton","34.72290039","-84.87020111"
"\N","","West Georgia Regional O V Gray Field","Carrollton","33.63100051879883","-85.1520004272461"
"LGC","KLGC","LaGrange Callaway Airport","LaGrange","33.0089","-85.072601"
"\N","","Baldwin County Regional Airport","Milledgeville","33.154202","-83.240701"
"PIM","KPIM","Harris County Airport","Pine Mountain","32.8406982422","-84.8824005127"
"\N","","Peachtree City Falcon Field","Atlanta","33.3572998046875","-84.5718002319336"
"GVL","KGVL","Lee Gilmer Memorial Airport","Gainesville","34.27259827","-83.8302002"
"PHD","KPHD","Harry Clever Field","New Philadelpha","40.470901489258","-81.419700622559"
"\N","","Darlington County Airport","Darlington","34.449401","-79.890098"
"HHH","KHXD","Hilton Head Airport","Hilton Head Island","32.2243995667","-80.6975021362"
"DNL","KDNL","Daniel Field","Augusta","33.4664993286","-82.0393981934"
"MRN","KMRN","Foothills Regional Airport","Morganton","35.820202","-81.611397"
"PVL","KPBX","Pike County-Hatcher Field","Pikeville","37.5617981","-82.56639862"
"\N","","Mallards Landing Airport","Locust Grove","33.365699768066406","-84.16519927978516"
"TOC","KTOC","Toccoa Airport - R.G. Letourneau Field","Toccoa","34.59379959","-83.29579926"
"\N","","Compton Abbas Aerodrome","Shaftesbury","50.967201232910156","-2.1536099910736084"
"PLV","UKHP","Suprunovka Airport","Poltava","49.568599700927734","34.39720153808594"
"\N","","Aweil Airport","Aweil","8.767000198364258","27.399999618530273"
"WUU","","Wau Airport","Wau","7.7258300781199996","27.9750003815"
"HUE","HAHU","Humera Airport","Humera","14.25","36.58300018310547"
"OYL","HKMY","Moyale Airport","Moyale","3.46972","39.101398"
"OZG","GMAZ","Zagora Airport","Zagora","30.3202991486","-5.86667013168"
"WYE","GFYE","Yengema Airport","Yengema","8.610469818115234","-11.04539966583252"
"GBK","GFGK","Gbangbatok Airport","Gbangbatok","7.767000198364258","-12.383000373840332"
"THX","UOTT","Turukhansk Airport","Turukhansk","65.797203064","87.9353027344"
"TGP","UNIP","Podkamennaya Tunguska Airport","Bor","61.589699","89.994003"
"AFW","KAFW","Fort Worth Alliance Airport","Fort Worth","32.9875984192","-97.31880187990001"
"\N","","East Troy Municipal Airport","East Troy","42.79719924926758","-88.37259674072266"
"\N","","Kolpashevo Airport","Kolpashevo","58.32529830932617","82.93250274658203"
"\N","","Ali Al Salem Air Base","Kuwait","29.34670066833496","47.52080154418945"
"RMK","YREN","Renmark Airport","Renmark","-34.1963996887207","140.6739959716797"
"LGH","YLEC","Leigh Creek Airport","Leigh Creek","-30.59830093383789","138.42599487304688"
"\N","","Warburton Airport","Warburton Community","-26.128299713134766","126.58300018310547"
"\N","","Cunderdin Airport","Cunderdin","-31.62220001220703","117.21700286865234"
"RTS","YRTI","Rottnest Island Airport","Rottnest Island","-32.006699","115.540001"
"FOS","YFRT","Forrest Airport","Forrest","-30.83810043334961","128.11500549316406"
"\N","","Ballarat Airport","Ballarat","-37.51169967651367","143.79100036621094"
"KEW","","Keewaywin Airport","Keewaywin","52.991100311299995","-92.8364028931"
"YSP","CYSP","Marathon Airport","Marathon","48.75529861450195","-86.34439849853516"
"YHF","CYHF","Hearst René Fontaine Municipal Airport","Hearst","49.71419906616211","-83.68609619140625"
"YHN","CYHN","Hornepayne Municipal Airport","Hornepayne","49.19309997558594","-84.75890350341797"
"YKX","CYKX","Kirkland Lake Airport","Kirkland Lake","48.21030044555664","-79.98139953613281"
"YMG","CYMG","Manitouwadge Airport","Manitouwadge","49.083900451660156","-85.86060333251953"
"YXZ","CYXZ","Wawa Airport","Wawa","47.96670150756836","-84.78669738769531"
"YEM","CYEM","Manitoulin East Municipal Airport","Manitowaning","45.84280014038086","-81.85810089111328"
"\N","","Slate Falls Airport","Slate Falls","51.130001068115234","-91.66560363769531"
"\N","","Collingwood Airport","Collingwood","44.4491996765","-80.1583023071"
"\N","","Brantford Municipal Airport","Brantford","43.13140106201172","-80.34249877929688"
"LWC","KLWC","Lawrence Municipal Airport","Lawrence","39.01119995","-95.21659851"
"\N","","Wellington Municipal Airport","Wellington","37.32360076904297","-97.38829803466797"
"PPM","KPMP","Pompano Beach Airpark","Pompano Beach","26.247100830078","-80.111099243164"
"XMC","YMCO","Mallacoota Airport","Mallacoota","-37.59830093383789","149.72000122070312"
"ULH","OEAO","Majeed Bin Abdulaziz Airport","Al-Ula","26.48","38.1288888889"
"\N","","Shelby County Airport","Alabaster","33.17699814","-86.78279877"
"YUE","YYND","Yuendumu Airport","Yuendumu ","-22.254199981689453","131.78199768066406"
"\N","","Sky Ranch At Carefree Airport","Carefree","33.81809997558594","-111.89800262451172"
"LOP","WADL","Lombok International Airport","Praya","-8.757322","116.276675"
"\N","","One Hundred Mile House Airport","One Hundred Mile House","51.64250183105469","-121.30699920654297"
"ZMH","CZML","South Cariboo Region / 108 Mile Airport","108 Mile Ranch","51.736099243199995","-121.333000183"
"\N","","Glasgow City Heliport","Glasgow","55.86138916015625","-4.2969441413879395"
"\N","","Yarram Airport","Yarram","-38.56669998168945","146.7550048828125"
"HDG","ZBHD","Handan Airport","Handan","36.5258333333","114.425555556"
"\N","","Indianapolis Metropolitan Airport","Indianapolis","39.93519974","-86.04499817"
"LOZ","KLOZ","London-Corbin Airport/Magee Field","London","37.0821990967","-84.08489990230001"
"FBG","KFBG","Simmons Army Air Field","Fredericksburg","35.13180161","-78.93669891"
"WMI","EPMO","Modlin Airport","Warsaw","52.451099","20.6518"
"JXA","ZYJX","Jixi Xingkaihu Airport","Jixi","45.293","131.193"
"JDG","RKPD","Jeongseok Airport","Seogwipo","33.3996009827","126.711997986"
"YGM","CYGM","Gimli Industrial Park Airport","Gimli","50.62810134887695","-97.04329681396484"
"\N","","Matheson Island Airport","Matheson Island","51.732200622558594","-96.93440246582031"
"\N","","Tura Mountain Airport","Tura","64.333511352539","100.4328918457"
"EYK","USHQ","Beloyarskiy Airport","Beloyarsky","63.686901","66.698601"
"RAC","KRAC","John H Batten Airport","Racine","42.7606010437","-87.8152008057"
"RZP","RPSD","Cesar Lim Rodriguez Airport","Taytay","10.81874","119.507697"
"\N","","Gera-Leumnitz Airfield","Gera","50.881668","12.135833"
"\N","","Kasimovo Airfield","Saint-Petersburg","60.198299","30.334999"
"\N","","Terlet Glider Field","Arnhem","52.057201","5.92444"
"RKZ","ZURK","Shigatse Air Base","Shigatse","29.3519","89.311401"
"\N","","Redlands Municipal Airport","Redlands","34.08530044555664","-117.14600372314453"
"\N","","Flabob Airport","Riverside","33.98970031738281","-117.41100311279297"
"TIW","KTIW","Tacoma Narrows Airport","Tacoma","47.26789856","-122.5780029"
"\N","","Oerlinghausen Airport","TELGTE","51.932220458984375","8.661666870117188"
"GUF","KJKA","Jack Edwards Airport","Gulf Shores","30.29050064","-87.67179871"
"IBB","SEII","General Villamil Airport","Isabela","-0.942628026009","-90.9530029297"
"\N","","Balzers Heliport","Balzers","47.0681","9.48111"
"\N","","Flugplatz Punitz","Punitz-Guessing","47.14653","16.316843"
"HMJ","UKLH","Khmelnytskyi Airport","Khmeinitskiy","49.359699","26.933399"
"HIW","RJBH","Hiroshimanishi Airport","Hiroshima","34.36690139770508","132.41400146484375"
"KYI","YYTA","Yalata Mission Airport","Yalata","-31.470600128173828","131.8249969482422"
"HZL","KHZL","Hazleton Municipal Airport","Hazleton","40.986801147499996","-75.9949035645"
"CBE","KCBE","Greater Cumberland Regional Airport","Cumberland","39.615398407","-78.7609024048"
"\N","","Sugar Loaf Shores Airport","Key West","24.648799896240234","-81.57980346679688"
"WYN","YWYM","Wyndham Airport","Wyndham","-15.51140022277832","128.1529998779297"
"YBO","","Bob Quinn Lake Airport","Bob Quinn Lake","56.9667015076","-130.25"
"\N","","Msembe Airport","Msembe","-7.684811","34.922282"
"KLF","UUBC","Grabtsevo Airport","Kaluga","54.5499992371","36.3666687012"
"LNR","KLNR","Tri-County Regional Airport","Lone Rock","43.2117004395","-90.181602478"
"\N","","Price County Airport","Phillips","45.70899963378906","-90.40249633789062"
"\N","","Monroe Municipal Airport","Monroe","42.614898681640625","-89.59040069580078"
"JOT","KJOT","Joliet Regional Airport","Joliet","41.51779938","-88.17549896"
"VYS","KVYS","Illinois Valley Regional Airport-Walter A Duncan Field","Peru","41.351898","-89.153099"
"JXN","KJXN","Jackson County Reynolds Field","Jackson","42.259799957300004","-84.45939636230001"
"\N","","Fuerstenwalde Airport","Furstenwalde","52.3905982971","14.0972003937"
"\N","","Eberswalde-Finow Airport","Eberswalde","52.82722091674805","13.693611145019531"
"\N","","Joseph A. Hardy Connellsville Airport","Connellsville","39.95920181","-79.65709686"
"\N","","Bedford County Airport","Bedford","40.08530045","-78.5121994"
"BBX","KLOM","Wings Field","Philadelphia","40.1375007629","-75.2650985718"
"OBE","KOBE","Okeechobee County Airport","Okeechobee","27.262800216699997","-80.8498001099"
"SEF","KSEF","Sebring Regional Airport","Sebring","27.45639992","-81.3423996"
"AVO","KAVO","Avon Park Executive Airport","Avon Park","27.59119987","-81.52780151"
"GIF","KGIF","Winter Haven Regional Airport - Gilbert Field","Winter Haven","28.062901","-81.753304"
"ZPH","KZPH","Zephyrhills Municipal Airport","Zephyrhills","28.2282009125","-82.15589904790001"
"OCF","KOCF","Ocala International Airport - Jim Taylor Field","Ocala","29.17259979","-82.22419739"
"\N","","Jesup Wayne County Airport","Jesup","31.55400085","-81.88249969"
"\N","","Madison Municipal Airport","Madison","33.6120986938","-83.46040344240001"
"\N","","Newnan Coweta County Airport","Newnan","33.31159973144531","-84.7697982788086"
"\N","","Thomson-McDuffie County Airport","Thomson","33.52970123","-82.51650238"
"AIK","KAIK","Aiken Regional Airport","Aiken","33.649399","-81.684998"
"CDN","KCDN","Woodward Field","Camden","34.2835998535","-80.56490325930001"
"LBT","KLBT","Lumberton Regional Airport","Lumberton","34.6099014282","-79.05940246579999"
"SOP","KSOP","Moore County Airport","Pinehurst-Southern Pines","35.23740005","-79.3911972"
"\N","","Richmond County Airport","Rockingham","34.8913","-79.759598"
"\N","","Baraboo Wisconsin Dells Airport","Baraboo","43.52270126","-89.77020264"
"SVH","KSVH","Statesville Regional Airport","Statesville","35.765300750732","-80.953903198242"
"\N","","Burlington Municipal Airport","Burlington","42.69070053100586","-88.30460357666016"
"LHV","KLHV","William T. Piper Memorial Airport","Lock Haven","41.13560104","-77.42230225"
"\N","","Zelienople Municipal Airport","Zelienople","40.80160141","-80.16069794"
"\N","","Lorain County Regional Airport","Lorain-Elyria","41.34429932","-82.17759705"
"BKL","KBKL","Burke Lakefront Airport","Cleveland","41.51750183105469","-81.68329620361328"
"DKK","KDKK","Chautauqua County-Dunkirk Airport","Dunkirk","42.49330139","-79.27200317"
"LLY","KVAY","South Jersey Regional Airport","Mount Holly","39.942901611299995","-74.845703125"
"LDJ","KLDJ","Linden Airport","Linden","40.617401123","-74.2445983887"
"ANQ","KANQ","Tri State Steuben County Airport","Angola","41.639702","-85.083504"
"\N","","Warsaw Municipal Airport","Warsaw","41.27470016479492","-85.84010314941406"
"\N","","Van Wert County Airport","Van Wert","40.86470031738281","-84.6093978881836"
"\N","","Brooks Field","Marshall","42.25120162963867","-84.95549774169922"
"\N","","Genesee County Airport","Batavia","43.03170013","-78.16760254"
"CLW","KCLW","Clearwater Air Park","Clearwater","27.9766998291","-82.7586975098"
"\N","","Orlampa Inc Airport","Forties Alpha","28.166999816900002","-81.80809783939999"
"CGX","FLCU","Chicago Meigs Airport","Chicago","41.85879898071289","-87.60790252685547"
"\N","","Pickens County Airport","Jasper","34.453399658203125","-84.4573974609375"
"\N","","Saarmund Airport","Saarmund","52.30833435058594","13.100556373596191"
"CRE","KCRE","Grand Strand Airport","North Myrtle Beach","33.8116989136","-78.72389984130001"
"\N","","Lansing Municipal Airport","Lansing","41.5349006652832","-87.52950286865234"
"\N","","Ramona Airport","Ramona","33.0392","-116.915001"
"\N","","Pont Sur Yonne Airfield","Pont Sur Yonne","48.289172","3.247912"
"\N","","St Florentin Cheu Airfield","St Florentin Cheu","47.98019","3.775583"
"\N","","Saulieu Liernais Airfield","Saulieu","47.239399","4.26583"
"\N","","Olten Airport","Olten","47.344398498535156","7.889440059661865"
"BXO","LSZC","Buochs Airport","Buochs","46.974444","8.396944"
"\N","","Ambri Airport","Quinto","46.512501","8.68978"
"\N","","Lodrino Air Base","Lodrino","46.2958984375","8.992130279541016"
"\N","","Roudnice Airport","Roudnice nad Lebem","50.41059875","14.2261"
"\N","","Usti Nad Labem Airfield","Usti Nad Labem","50.699699","13.9697"
"\N","","Mauterndorf Airport","Mauterndorf","47.13249969482422","13.696900367736816"
"\N","","Nötsch Im Gailtal Airport","Notsch Im Gailtal","46.58110046386719","13.629199981689453"
"\N","","Sinsheim Airfield","Karlsruhe","49.2472","8.8938"
"\N","","Weinheim/Bergstraße Airport","Weinheim","49.567501068115234","8.610555648803711"
"\N","","Meaux Esbly Airport","Meaux","48.927799224853516","2.835279941558838"
"\N","","Château-Thierry - Belleau Airfield","Chateau-Thierry","49.0672","3.35694"
"\N","","Branch County Memorial Airport","Coldwater","41.9333992","-85.05259705"
"WBW","KWBW","Wilkes Barre Wyoming Valley Airport","Wilkes-Barre","41.2971992493","-75.8511962891"
"LNN","KLNN","Willoughby Lost Nation Municipal Airport","Willoughby","41.683998107899995","-81.3897018433"
"\N","","Taoyuan Air Base","Taoyuan","25.05660057067871","121.2442626953125"
"UMD","BGUM","Uummannaq Heliport","Uummannaq","70.6804279261","-52.111630439799995"
"RLK","ZBYZ","Bayannur Tianjitai Airport","Bayannur","40.926","107.7428"
"FFT","KFFT","Capital City Airport","Frankfort","38.18249893","-84.90470123"
"LEW","KLEW","Auburn Lewiston Municipal Airport","Lewiston","44.048500061","-70.2835006714"
"\N","","Inowroclaw Military Air Base","Inowroclaw","52.8293991089","18.3306007385"
"\N","","Pruszcz Gdanski Air Base","Pruszcz Gdansk","54.248001","18.6716"
"\N","","Bloyer Field","Tomah","43.97499847","-90.48349762"
"MRK","KMKY","Marco Island Executive Airport","Marco Island Airport","25.995001","-81.672501"
"DRE","KDRM","Drummond Island Airport","Drummond Island","46.0093002319","-83.74389648440001"
"GDW","KGDW","Gladwin Zettel Memorial Airport","Gladwin","43.9706001282","-84.47499847410002"
"\N","","South Haven Area Regional Airport","South Haven","42.351200103759766","-86.25569915771484"
"MFI","KMFI","Marshfield Municipal Airport","Marshfield","44.6369018555","-90.18930053710001"
"ISW","KISW","Alexander Field South Wood County Airport","Wisconsin Rapids","44.3602981567","-89.83899688720001"
"CWI","KCWI","Clinton Municipal Airport","Clinton","41.8311004639","-90.3291015625"
"BVY","KBVY","Beverly Municipal Airport","Beverly","42.584201812699995","-70.91649627689999"
"\N","","Nagaur Airport","Nagaur","27.20829963684082","73.7114028930664"
"OSF","","Ostafyevo International Airport","Moscow","55.511667","37.507222"
"YRQ","CYRQ","Trois-Rivières Airport","Trois Rivieres","46.35279846191406","-72.67939758300781"
"POF","KPOF","Poplar Bluff Municipal Airport","Poplar Bluff","36.773899078369","-90.324897766113"
"\N","","Somerset Airport","Somerville","40.625999450683594","-74.67019653320312"
"\N","","Eastport Municipal Airport","Eastport","44.910099029541016","-67.01270294189453"
"EOK","KEOK","Keokuk Municipal Airport","Keokuk","40.459899902299995","-91.4284973145"
"PSL","EGPT","Perth/Scone Airport","Perth","56.43920135498047","-3.372220039367676"
"\N","","Caernarfon Airport","Caernarfon","53.101819","-4.337614"
"\N","","Grefrath-Niershorst Airport","Grefrath","51.33388900756836","6.3594441413879395"
"STP","KSTP","St Paul Downtown Holman Field","St. Paul","44.93450164794922","-93.05999755859375"
"SOO","ESNY","Söderhamn Airport","Soderhamn","61.26150131225586","17.09910011291504"
"\N","","Newcastle Aerodrome","Newcastle","53.07109832763672","-6.0452799797058105"
"VNA","VLSV","Saravane Airport","Saravane","15.709439207700001","106.410698891"
"\N","","Segeletz Airport","Segeletz","52.82666778564453","12.541943550109863"
"\N","","Fuentemilanos Airport","Segovia","40.888610839799995","-4.23750019073"
"\N","","Akeno Airport","Akeno","34.53329849243164","136.6719970703125"
"\N","","Ust-Kamchatsk Airport","Ust Kamchatsk","56.23860168457031","162.68800354003906"
"\N","","Oconomowoc Airport","Oconomowoc","43.13890075683594","-88.47229766845703"
"\N","","Kozyrevsk Airport","Kozyrevsk","56.09000015258789","159.8766632080078"
"DKS","UODD","Dikson Airport","Dikson","73.51780700683594","80.37966918945312"
"\N","","Beverley Airport","Mine Site","-30.18670082092285","139.55799865722656"
"BYT","EIBN","Bantry Aerodrome","Bantry","51.66859817504883","-9.484169960021973"
"\N","","Aliwal North Airport","Aliwal North","-30.68000030517578","26.729999542236328"
"\N","","Alkantpan Copper Airport","Alkantpan","-29.906400680541992","22.316699981689453"
"ADY","FAAL","Alldays Airport","Alldays","-22.6790008545","29.0555000305"
"\N","","Bredasdorp Airport","Barberton","-34.665","20.0628"
"HAO","KHAO","Butler Co Regional Airport - Hogan Field","Hamilton","39.363800048799995","-84.5220031738"
"\N","","Bungoma Airport","Bungoma","0.5762079954147339","34.55345153808594"
"\N","","Bura East Airport","Bura","-1.100000023841858","39.95000076293945"
"\N","","Busia Airport","Busia","0.4570850133895874","34.130279541015625"
"\N","","Embu Airport","Embu","-0.57327","37.49726"
"\N","","Garba Tula Airport","Garba Tula","0.533333","38.516667"
"GAS","HKGA","Garissa Airport","Garissa","-0.4635080099105835","39.64830017089844"
"HOA","HKHO","Hola Airport","Hola","-1.5219999551773071","40.00400161743164"
"\N","","Homa Bay Airport","Homa Bay","-0.6000000238418579","34.46699905395508"
"\N","","Isiolo Airport","Isiolo","0.33817094564437866","37.59169387817383"
"KEY","HKKR","Kericho Airport","Kericho","-0.3899","35.242093"
"ILU","HKKL","Kilaguni Airport","Kilaguni","-2.9106099605560303","38.06520080566406"
"ATJ","FMME","Antsirabe Airport","Antsirabe","-19.8392214824","47.063713073699994"
"OVA","FMSL","Bekily Airport","Bekily","-24.235694754699995","45.3045272827"
"UTS","UUYX","Ust-Tsylma Airport","Ust-Tsylma","65.43729400630001","52.20033645629999"
"RGK","UNBG","Gorno-Altaysk Airport","Gorno-Altaysk","51.9667015076","85.8332977295"
"FLD","KFLD","Fond du Lac County Airport","Fond du Lac","43.7711982727","-88.48840332030001"
"\N","","Waupaca Municipal Airport","Waupaca","44.33330154","-89.01979828"
"STE","KSTE","Stevens Point Municipal Airport","Stevens Point","44.5452003479","-89.530296325684"
"\N","","Mys Shmidta Airport","Mys Shmidta","68.86830139160156","-179.3730010986328"
"MQJ","UEMA","Moma Airport","Honuu","66.450861","143.261551"
"\N","","Luce County Airport","Newberry","46.31119918823242","-85.4572982788086"
"PEF","EDCP","Peenemünde Airport","Peenemunde","54.1577796936","13.774443626399998"
"\N","","Góraszka Airport","Goraszka","52.18444061279297","21.281110763549805"
"CJN","WICN","Nusawiru Airport","Nusawiru","-7.719895","108.488995"
"GQQ","KGQQ","Galion Municipal Airport","Galion","40.7533988953","-82.7238006592"
"TPN","SETI","Tiputini Airport","Tiputini","-0.7761110067367554","-75.52639770507812"
"PTZ","SESM","Rio Amazonas Airport","Pastaza","-1.5052399635299998","-78.0626983643"
"CKV","KCKV","Clarksville–Montgomery County Regional Airport","Clarksville","36.6218986511","-87.4150009155"
"LPC","KLPC","Lompoc Airport","Lompoc","34.665599823","-120.468002319"
"CTH","KMQS","Chester County G O Carlson Airport","Coatesville","39.97900009","-75.8655014"
"BST","OABT","Bost Airport","Lashkar Gah","31.55970001220703","64.36499786376953"
"LLK","UBBL","Lankaran International Airport","Lankaran","38.746398925799994","48.8180007935"
"GBB","UBBQ","Gabala International Airport","Qabala","40.826667","47.7125"
"ZTU","UBBY","Zaqatala International Airport","Zaqatala","41.562222","46.667221"
"LKP","KLKP","Lake Placid Airport","Lake Placid","44.2644996643","-73.96189880370001"
"KDY","UEMH","Typliy Klyuch Airport","Khandyga","62.7890014648","136.854995728"
"GYG","UEMM","Magan Airport","Yakutsk","62.103484","129.545288"
"JIQ","ZUQJ","Qianjiang Wulingshan Airport","Qianjiang","29.5133333333","108.831111111"
"\N","","Cooma Hospital Helipad","Yuzhno-Kurilsk","-36.242155","149.130147"
"AOH","KAOH","Lima Allen County Airport","Lima","40.706902","-84.026703"
"DSO","ZKSD","Sondok Airport","Hamhung","39.745201","127.473999"
"SSI","KSSI","Malcolm McKinnon Airport","Brunswick","31.15180016","-81.39129639"
"BFP","KBVI","Beaver County Airport","Beaver Falls","40.7724990845","-80.39140319820001"
"GGE","KGGE","Georgetown County Airport","Georgetown","33.3116989136","-79.3196029663"
"HDI","","Hardwick Field","Cleveland","35.22010040283203","-84.8323974609375"
"RNT","KRNT","Renton Municipal Airport","Renton","47.4930992126","-122.216003418"
"POC","KPOC","Brackett Field","La Verne","34.091598510742","-117.78199768066"
"CTY","KCTY","Cross City Airport","Cross City","29.6354999542","-83.10479736330001"
"CEU","KCEU","Oconee County Regional Airport","Clemson","34.6719017","-82.8864975"
"BEC","KBEC","Beech Factory Airport","Wichita","37.694499969499994","-97.21499633790002"
"\N","","Tabing Airport","Padang","-0.874989","100.351997"
"\N","","Tom B. David Field","Calhoun","34.45539856","-84.93920135"
"\N","","Habersham County Airport","Cornelia","34.49990082","-83.55670166"
"\N","","Georgetown Municipal Airport","Georgetown","30.678800582885742","-97.67939758300781"
"\N","","Old Rhinebeck Airport","Rhinebeck","41.9715004","-73.86289978"
"QFO","","Duxford Aerodrome","Duxford","52.090801","0.131944"
"SNY","KSNY","Sidney Municipal-Lloyd W Carr Field","Sidney","41.10129929","-102.9850006"
"\N","","Newnan Hospital Heliport","Bengassi","33.38090133666992","-84.8010025024414"
"GKL","YGKL","Great Keppel Is Airport","Great Keppel Island","-23.1833000183","150.942001343"
"RPB","YRRB","Roper Bar Airport","Roper Bar","-14.734814","134.525485"
"\N","","Mount Garnet Airport","Mount Garnet","-17.700000762939453","145.14999389648438"
"IFL","YIFL","Innisfail Airport","Innisfail","-17.55940055847168","146.01199340820312"
"JRF","PHJR","Kalaeloa Airport","Kapolei","21.3074","-158.070009"
"BIN","OABN","Bamiyan Airport","Bamyan","34.81700134277344","67.81700134277344"
"NBS","ZYBS","Changbaishan Airport","Baishan","42.066944","127.602222"
"RGO","ZKHM","Orang Airport","Chongjin","41.428538","129.647555"
"MOO","YOOM","Moomba Airport","Moomba","-28.09939956665039","140.19700622558594"
"LUZ","EPLB","Lublin Airport","Lublin","51.240278","22.713611"
"ECA","","Iosco County Airport","East Tawas","44.312801","-83.422302"
"\N","","Madison County Executive Airport-Tom Sharp Jr Field","Huntsville","34.8614006","-86.55750275"
"\N","","Leesburg Executive Airport","Leesburg","39.077999","-77.557503"
"\N","","Anoka County-Blaine (Janes Field) Airport","Anoka","45.145","-93.211401"
"\N","","Robinson Crusoe Airport","San Juan Bautista","-33.6650009155","-78.9297027588"
"VAM","VRMV","Villa Airport","Maamigili","3.47055555556","72.8358333333"
"LLF","ZGLG","Lingling Airport","Yongzhou","26.338661","111.610043"
"LSZ","LDLO","Lošinj Island Airport","Mali Losinj","44.5657997131","14.3930997849"
"ONS","YOLW","Onslow Airport","Onslow","-21.668300628662","115.1129989624"
"TDR","YTDR","Theodore Airport","Theodore","-24.99329948425293","150.09300231933594"
"\N","","Williamson Sodus Airport","Williamson","43.234699","-77.121"
"\N","","Fairoaks Airport","Fairoaks","51.3480987549","-0.558888971806"
"WBU","KBDU","Boulder Municipal Airport","Boulder","40.0393981934","-105.225997925"
"\N","","Neustadt-Glewe Airport","Neustadt-Glewe","53.35972213745117","11.615278244018555"
"\N","","Goetsenhoven Air Base","GOETSENHOVEN","50.781700134277344","4.957779884338379"
"\N","","Tutow Airport","Wildenrath","53.92194366455078","13.218889236450195"
"\N","","Bremgarten Airport","Bremgarten","47.9027786255","7.6177778244"
"BBJ","EDRB","Bitburg Airport","Birburg","49.945278","6.565"
"PAO","KPAO","Palo Alto Airport of Santa Clara County","Palo Alto","37.461101532","-122.114997864"
"USR","UEMT","Ust-Nera Airport","Ust-Nera","64.550003051758","143.11500549316"
"\N","","Letiště Vysoké Mýto","Vysoke Myto","49.926899","16.185801"
"\N","","Spa (la Sauvenière) Airfield","Spa","50.482498","5.9103"
"MSC","KFFZ","Falcon Field","Mesa","33.4608001709","-111.727996826"
"\N","","Coolidge Municipal Airport","Cooldige","32.9359016418457","-111.427001953125"
"\N","","Cottonwood Airport","Cottonwood","34.7299995422","-112.035003662"
"\N","","Namur-Suarlée Airfield","Namur","50.487999","4.76892"
"\N","","Kiewit Airfield Hasselt","Hasselt","50.970001","5.37507"
"\N","","Ak-Chin Regional Airport","Phoenix","32.990806","-111.918528"
"\N","","Wickenburg Municipal Airport","Wickenburg","33.96889877","-112.7990036"
"YTY","ZSYA","Yangzhou Taizhou Airport","Yangzhou","32.5634","119.7198"
"PTK","KPTK","Oakland County International Airport","Pontiac","42.665500640869","-83.420097351074"
"KSI","GUKU","Kissidougou Airport","Kissidougou","9.1605596542358","-10.124400138855"
"EEN","KEEN","Dillant Hopkins Airport","Keene","42.898399353027344","-72.27079772949219"
"THQ","ZLTS","Tianshui Maijishan Airport","Tianshui","34.5593986511","105.86000061"
"VRO","MUKW","Kawama Airport","Kawama","23.1240005493","-81.3015975952"
"GKK","VRMO","Kooddoo Airport","Kooddoo","0.7324","73.4336"
"\N","","Glasgow Industrial Airport","Glasgow","48.42110061645508","-106.52799987792969"
"RCS","EGTO","Rochester Airport","Rochester","51.351898193359375","0.5033329725265503"
"RHD","SANR","Termas de Río Hondo international Airport","Rio Hondo","-27.4966","-64.93595"
"KMP","FYKT","Keetmanshoop Airport","Keetmanshoop","-26.5398006439209","18.111400604248047"
"KGT","ZUKD","Kangding Airport","Kangding","30.1575","101.734722"
"VUS","ULWU","Velikiy Ustyug Airport","Veliky Ustyug","60.788299560546875","46.2599983215332"
"IOW","KIOW","Iowa City Municipal Airport","Iowa City","41.639198303200004","-91.5465011597"
"TLQ","ZWTL","Turpan Jiaohe Airport","Turpan","43.0308","89.0987"
"\N","","Lorenzo Airport","Morro de Sao Paulo","-13.389444351196289","-38.90999984741211"
"\N","","Windom Municipal Airport","Windom","43.91339874267578","-95.1093978881836"
"\N","","Longview Ranch Airport","Longview","44.66170120239258","-119.6520004272461"
"\N","","Rothera Research Station","Rothera Research Station","-67.5675","-68.1274027778"
"\N","","Sortavala Airport","Sortavala","61.73609924316406","30.673599243164062"
"ANP","KANP","Lee Airport","Annapolis","38.942902","-76.568398"
"FXO","FQCB","Cuamba Airport","Cuamba","-14.815","36.529999"
"ODO","UIKB","Bodaybo Airport","Bodaibo","57.866100311299995","114.242996216"
"ZTR","UKKV","Zhytomyr Airport","Zhytomyr","50.270556","28.738611"
"\N","","Paluknys Airport","Paluknys","54.48484802246094","24.98737335205078"
"HRI","VCRI","Mattala Rajapaksa International Airport","Mattala","6.284467","81.124128"
"PEQ","KPEQ","Pecos Municipal Airport","Pecos","31.382400512695","-103.51100158691"
"HBG","KHBG","Hattiesburg Bobby L Chain Municipal Airport","Hattiesburg","31.26479912","-89.25279999"
"QCJ","","Botucatu - Tancredo de Almeida Neves Airport","Botucatu","-22.939501","-48.467999"
"\N","","Base Aérea Airport","Anapolis","-16.2292","-48.964298"
"QSC","SDSC","Mário Pereira Lopes–São Carlos Airport","Sao Carlos","-21.875401","-47.903703"
"YKN","KYKN","Chan Gurney Municipal Airport","Yankton","42.916698455811","-97.385902404785"
"XSB","OMBY","Sir Bani Yas Airport","Sir Bani Yas Island","24.283611","52.580278"
"ZBM","CZBM","Bromont (Roland Desourdy) Airport","Bromont","45.2907981873","-72.74140167239999"
"\N","","Beccles Airport","Beccles","52.435298919699996","1.6183300018300002"
"KTI","VDTI","Kratie Airport","Kratie","12.48799991607666","106.05500030517578"
"\N","","Caldera Airport","Caldera","-27.078100204467773","-70.79530334472656"
"\N","","San Pedro de Atacama Airport","San Pedro de Atacama","-22.92169952392578","-68.15840148925781"
"\N","","Copacabana Airport","Copacabana","-16.191099166870117","-69.09559631347656"
"GYU","ZLGY","Guyuan Liupanshan Airport","Guyuan","36.0788888889","106.216944444"
"\N","","RAF Brawdy","Brawdy","51.88375","-5.119972"
"CNI","ZYCH","Changhai Airport","Changhai","39.2666666667","122.666944444"
"KRH","","Redhill Aerodrome","Redhill","51.2136001587","-0.138611003757"
"JGD","ZYJD","Jiagedaqi Airport","Jiagedaqi District","50.371389","124.1175"
"CCL","YCCA","Chinchilla Airport","Chinchilla","-26.774999618530273","150.61700439453125"
"HWD","KHWD","Hayward Executive Airport","Hayward","37.659198761","-122.122001648"
"MZP","NZMK","Motueka Airport","Motueka","-41.12329864501953","172.98899841308594"
"JHQ","","Shute Harbour Airport","Shute Harbour","-20.277221","148.755556"
"\N","","Enstone Aerodrome","Enstone","51.928166666699994","-1.4285"
"ARB","KARB","Ann Arbor Municipal Airport","Ann Arbor","42.2229995728","-83.74559783939999"
"SHT","YSHT","Shepparton Airport","Shepparton","-36.42890167236328","145.39300537109375"
"TEM","YTEM","Temora Airport","Temora","-34.4213981628418","147.51199340820312"
"GAH","YGAY","Gayndah Airport","Gayndah","-25.61440086364746","151.61900329589844"
"WIO","YWCA","Wilcannia Airport","Wilcannia","-31.526399612426758","143.375"
"\N","","Ivanhoe Airport","Ivanhoe","-32.88330078125","144.30999755859375"
"\N","","Menindee Airport","Menindee","-32.36669921875","142.40499877929688"
"\N","","Pooncarie Airport","Pooncarie","-33.36669921875","142.58799743652344"
"\N","","Tilpa Airport","Tilpa","-30.933300018310547","144.41700744628906"
"\N","","Reichenbach Air Base","Reichenbach im Kandertal","46.61360168457031","7.6777801513671875"
"BFJ","ZUBJ","Bijie Feixiong Airport","Bijie","27.267066","105.472097"
"ULK","UERL","Lensk Airport","Lensk","60.7206001282","114.825996399"
"KVR","","Kavalerovo Airport","Kavalerovo","44.2726","135.029"
"IGD","LTCT","Iğdır Airport","Igdir","39.9766273499","43.8766479492"
"GNY","LTCS","Şanlıurfa GAP Airport","Sanliurfa","37.445663","38.895592"
"KZR","LTBZ","Zafer Airport","Kutahya","39.113079","30.128111"
"VLU","","Velikiye Luki Airport","Velikiye Luki","56.381099700927734","30.60810089111328"
"\N","","Yelahanka Air Force Station","Bangalore","13.135499954223633","77.60600280761719"
"\N","","Yeltsovka Airport","Novosibirsk","55.09239959716797","83.00450134277344"
"\N","","Kodinsk Airport","Kodinsk","58.479400634765625","99.09390258789062"
"BEO","YLMQ","Lake Macquarie Airport","Lake Macquarie","-33.0667","151.647995"
"\N","","Henry County Airport","Hampton","33.389099","-84.332397"
"BMP","YBPI","Brampton Island Airport","Brampton Island","-20.803300857543945","149.27000427246094"
"NGZ","","Alameda Naval Air Station","Alameda","37.78889846801758","-122.31999969482422"
"\N","","Endelave Flyveplads","Endelage","55.7565","10.2485"
"\N","","St. Johann In Tirol Airport","St. Johann in Tirol","47.5201","12.4497"
"\N","","Thalmässing-Waizenhofen Airport","Thalmaessing","49.06416702270508","11.209166526794434"
"YCN","CYCN","Cochrane Airport","Cochrane","49.10559844970703","-81.01360321044922"
"BJP","SBBP","Estadual Arthur Siqueira Airport","Braganca Paulista","-22.979162","-46.537508"
"BQB","YBLN","Busselton Regional Airport","Brusselton","-33.6884231567","115.401596069"
"SEK","UESK","Srednekolymsk Airport","Srednekolymsk","67.4805","153.7364"
"\N","","Comarapa Airport","Salt Lake City","-17.91360092163086","-64.5177993774414"
"IVR","YIVL","Inverell Airport","Inverell","-29.888299942","151.143997192"
"GLI","YGLI","Glen Innes Airport","Glen Innes","-29.674999237060547","151.68899536132812"
"\N","","Ansbach-Petersdorf Airport","Ansbach","49.361111","10.669444"
"IMM","KIMM","Immokalee Regional Airport","Immokalee ","26.43320084","-81.40100098"
"TQQ","","Maranggo Airport","Sulawesi Tenggara","-5.7645702362061","123.91699981689"
"\N","","Rancho San Simeon Airport","Cambria","35.60770034790039","-121.11000061035156"
"YIC","ZSYC","Yichun Mingyueshan Airport","Yichun","27.8025","114.3062"
"PTB","KPTB","Dinwiddie County Airport","Petersburg","37.183799743652","-77.507400512695"
"\N","","Kasongo Airport","Kasongo","-4.5329999923706055","26.617000579833984"
"\N","","McMurdo Station Pegasus Field","McMurdo Station","-77.9634017944336","166.52499389648438"
"\N","","Klatovy Airport","Klatovy","49.41830062866211","13.321900367736816"
"SBM","KSBM","Sheboygan County Memorial Airport","Sheboygan","43.76959991","-87.85140228"
"KFE","YFDF","Fortescue - Dave Forrest Aerodrome","Cloudbreak","-22.290754","119.437143"
"\N","","Kangel Danda Airport","Kangel Danda","27.4106333137","86.6465950012"
"BJU","VNBR","Bajura Airport","Bajura","29.50200080871582","81.66899871826172"
"\N","","Chara Airport","Chara","56.913333892822266","118.2699966430664"
"\N","","Herning Airport","Herning","56.18470001220703","9.044449806213379"
"\N","","Oberschleißheim Airfield","Schleissheim","48.239445","11.561389"
"MZJ","KMZJ","Pinal Airpark","Marana","32.5106010437","-111.32800293"
"\N","","Glendale Municipal Airport","Glendale","33.52690124511719","-112.29499816894531"
"SAD","KSAD","Safford Regional Airport","Safford","32.85480118","-109.6350021"
"\N","","Verden-Scharnhorst Airfield","Verden","52.965279","9.282778"
"SLJ","YSOL","Solomon Airport","Solomon","-22.2554","117.7627"
"\N","","Nittenau-Bruck Airport","Nittenau","49.22249984741211","12.296667098999023"
"KJP","ROKR","Kerama Airport","Kerama","26.168300628699996","127.292999268"
"\N","","Americana Airport","Americana","-22.755800247192383","-47.26940155029297"
"EKB","UASB","Ekibastuz Airport","Ekibastuz","51.590999603271484","75.21499633789062"
"\N","","Adamovka","Adamovka","51.5","59.936111"
"\N","","Kvarkeno","Kvarkeno","52.078333","59.683333"
"SIK","KSIK","Sikeston Memorial Municipal Airport","Sikeston","36.898899078369","-89.561798095703"
"TTI","NTTE","Tetiaroa Airport","Tetiaroa","-17.0132999420166","-149.58700561523438"
"GFL","KGFL","Floyd Bennett Memorial Airport","Queensbury","43.3412017822","-73.6102981567"
"\N","","Saratoga County Airport","Ballston Spa","43.05130005","-73.86119843"
"\N","","Crystal River Airport","Crystal River","28.867300033569336","-82.57129669189453"
"MTN","KMTN","Martin State Airport","Baltimore","39.325699","-76.413803"
"\N","","Lincoln Regional Karl Harder Field","Lincoln","38.90919876098633","-121.35099792480469"
"\N","","Fostoria Metropolitan Airport","Fostoria","41.19079971","-83.39450073"
"FRY","KIZG","Eastern Slopes Regional Airport","Fryeburg","43.991100311299995","-70.9478988647"
"\N","","Coral Creek Airport","Placida","26.85449981689453","-82.2511978149414"
"NEW","KNEW","Lakefront Airport","New Orleans","30.042400360107","-90.028297424316"
"COE","KCOE","Coeur D'Alene - Pappy Boyington Field","Coeur d'Alene","47.77429962","-116.8199997"
"BMT","KBMT","Beaumont Municipal Airport","Beaumont","30.0706996918","-94.21579742430002"
"DNV","KDNV","Vermilion Regional Airport","Danville","40.19919968","-87.59590149"
"COJ","YCBB","Coonabarabran Airport","Coonabarabran","-31.332500457763672","149.26699829101562"
"TIX","KTIX","Space Coast Regional Airport","Titusville","28.514799118042","-80.799201965332"
"BZH","","Bumi Airport","Bumi Hills","-16.8169994354","28.3500003815"
"\N","","Warnervale Airport","Warnervale Airport","-33.240278","151.429722"
"UAR","GMFB","Bouarfa Airport","Bouarfa","32.5143055556","-1.98305555556"
"NYE","HKNI","Nyeri Airport","NYERI","-0.3644140064716339","36.978485107421875"
"AAP","WALS","Andrau Airpark","Houston","29.722499847399998","-95.58830261230001"
"FCM","KFCM","Flying Cloud Airport","Eden Prairie","44.8272018433","-93.45709991460001"
"LIX","FWLK","Likoma Island Airport","Likoma Island","-12.075833","34.737222"
"OJC","KOJC","Johnson County Executive Airport","Olathe","38.84759903","-94.73760223"
"GIU","VCCS","Sigiriya Air Force Base","Sigiriya","7.956669807430001","80.7285003662"
"EUM","EDHN","Neumünster Airport","Neumuenster","54.079444885253906","9.941389083862305"
"TKT","VTPT","Tak Airport","Tak","16.895999908447266","99.25330352783203"
"YLK","CYLS","Barrie-Orillia (Lake Simcoe Regional Airport)","Barrie-Orillia","44.4852981567","-79.55560302730001"
"\N","","Huronia Airport","Midland","44.6833000183","-79.9282989502"
"\N","","Markham Airport","Markham","43.93579864501953","-79.26219940185547"
"\N","","Stanhope Municipal Airport","Haliburton","45.1108333333","-78.64"
"\N","","Kawartha Lakes (Lindsay) Airport","Lindsay","44.3647","-78.783897"
"YCM","CYSN","Niagara District Airport","Saint Catherines","43.19169998168945","-79.17169952392578"
"\N","","Edenvale Aerodrome","Edenvale","44.441101","-79.962799"
"\N","","Orillia Airport","Orillia","44.67765578389999","-79.31021690370001"
"\N","","Holland Landing Airpark","Holland Landing","44.08940124511719","-79.49500274658203"
"YPD","","Parry Sound Area Municipal Airport","Parry Sound","45.2575","-79.829697"
"\N","","Hanover / Saugeen Municipal Airport","Hanover","44.158298","-81.062798"
"\N","","Brandywine Airport","West Goshen Township","39.9901008605957","-75.58190155029297"
"MNZ","KHEF","Manassas Regional Airport/Harry P. Davis Field","Manassas","38.72140121","-77.51540375"
"LJN","KLBX","Texas Gulf Coast Regional Airport","Angleton","29.1086006165","-95.462097168"
"\N","","Bubovice Airport","Bubovice","49.97439956665039","14.178099632263184"
"\N","","Rakkestad Astorp Airport","Rakkestad","59.397499","11.3469"
"BGG","LTCU","Bingöl Çeltiksuyu Airport","Bingol","38.8592605591","40.5959625244"
"KFS","LTAL","Kastamonu Airport","Kastamonu","41.31420135498047","33.795799255371094"
"\N","","Elstree Airfield","Elstree","51.6557998657","-0.325832992792"
"\N","","Sandtoft Airfield","Sandtoft","53.559700012200004","-0.8583329916"
"\N","","Torit Airport","Torit","4.400000095367432","32.58300018310547"
"\N","","Shelby County Airport","Shelbyville","39.410400390599996","-88.8453979492"
"LLV","ZBLL","Lüliang Airport","Lvliang","37.683333","111.142778"
"DCY","ZUDC","Daocheng Yading Airport","Daocheng","29.323056","100.053333"
"GXH","ZLXH","Gannan Xiahe Airport","Xiahe city","34.8105","102.6447"
"\N","","Vängsö Airport","Vangso","59.10110092163086","17.21109962463379"
"CIY","LICB","Comiso Airport","Comiso","36.994601","14.607182"
"\N","","Enumclaw Airport","Enumclaw","47.195701599121094","-122.02200317382812"
"KVM","UHMO","Markovo Airport","Markovo","64.667","170.417007"
"\N","","Seymchan Airport","Seymchan","62.920780181884766","152.4227752685547"
"ZKP","UESU","Zyryanka Airport","Zyryanka","65.7485","150.8889"
"\N","","Susuman Airport","Susuman","62.766666412353516","148.14666748046875"
"UMS","UEMU","Ust-Maya Airport","Ust-Maya","60.356998443604","134.43499755859"
"ADH","UEEA","Aldan Airport","Aldan","58.60279846191406","125.40899658203125"
"OLZ","UEMO","Olyokminsk Airport","Olekminsk","60.397499","120.471001"
"\N","","Vitim Airport","Vitim","59.458","112.563004"
"\N","","Pellworm Field","Pellworm","54.5363883972","8.68000030518"
"NLT","ZWNL","Xinyuan Nalati Airport","Xinyuan","43.4318","83.3786"
"PTA","PALJ","Port Alsworth Airport","Port alsworth","60.201681","-154.325863"
"BOR","","Fontaine Airport","Belfort","47.655601501465","7.0108299255371"
"\N","","Fairfield County Airport","Winnsboro","34.31549835205078","-81.10880279541016"
"OBC","HDOB","Obock Airport","Obock","11.967000007629395","43.266998291015625"
"TDJ","HDTJ","Tadjoura Airport","Tadjoura","11.782999992370605","42.91699981689453"
"AQB","MGQC","Santa Cruz del Quiche Airport","Santa Cruz des Quiche","15.012200355529785","-91.15059661865234"
"NOR","BINF","Norðfjörður Airport","Nordfjordur","65.13189697265625","-13.746399879455566"
"BTZ","VTSY","Bursa Airport","Bursa","40.233299255371094","29.009199142456055"
"\N","","Skyhaven Airport","Rochester","43.28409957885742","-70.9292984008789"
"WAR","","Waris Airport","Waris-Papua Island","-3.235","140.994"
"EWK","KEWK","Newton City-County Airport","Newton","38.058200836199994","-97.2744979858"
"\N","","La Ferté Alais Airfield","La Ferte Alais","48.498652","2.338867"
"BSJ","YBNS","Bairnsdale Airport","Bairnsdale","-37.88750076293945","147.5679931640625"
"TZR","","Taszár Air Base","Columbus","46.39310073852539","17.917499542236328"
"FBR","KFBR","Fort Bridger Airport","Fort Bridger","41.3918991089","-110.406997681"
"\N","","Prosser Airport","Prosser","46.21340179","-119.7910004"
"CLS","KCLS","Chehalis Centralia Airport","Chehalis","46.676998138399995","-122.983001709"
"\N","","Desert Aire Regional Airport","Mattawa","46.687401","-119.920998"
"EVW","KEVW","Evanston-Uinta County Airport-Burns Field","Evanston","41.27479935","-111.0350037"
"\N","","Sabetha Municipal Airport","Sabetha","39.90420150756836","-95.77940368652344"
"\N","","Mt Pleasant Regional-Faison field","Mount Pleasant","32.89780045","-79.78289795"
"\N","","Jimmy Carter Regional Airport","Americus","32.110802","-84.188904"
"EUF","KEUF","Weedon Field","Eufala","31.9512996674","-85.1288986206"
"\N","","Saluda County Airport","Saluda","33.92679977416992","-81.79460144042969"
"MEO","KMQI","Dare County Regional Airport","Manteo","35.91899872","-75.69550323"
"AUO","KAUO","Auburn University Regional Airport","Auburn","32.615101","-85.433998"
"\N","","Tri Cities Airport","Endicott","42.078499","-76.096296"
"\N","","Bessemer Airport","Bessemer","33.31290054","-86.92590332"
"\N","","Colorado Springs East Airport","Ellicott","38.8744010925293","-104.41000366210938"
"\N","","Crystal Airport","Crystal","45.0620002746582","-93.35389709472656"
"\N","","Clarke County Airport","Quitman","32.0849","-88.738897"
"DBN","KDBN","W H 'Bud' Barron Airport","Dublin","32.56439972","-82.98529816"
"PUK","NTGQ","Pukarua Airport","Pukarua","-18.29560089111328","-137.01699829101562"
"\N","","Kabale Airport","Kabale","-1.226111","29.96"
"\N","","Guatuso Airport","Marigot","10.683333396911621","-84.83333587646484"
"\N","","Central Bolívar Airport","Sevilla","8.916666984558105","-71.93333435058594"
"CVO","KCVO","Corvallis Municipal Airport","Corvallis","44.49720001","-123.2900009"
"\N","","Tuzla Romania Airport","Tuzla","43.98419952392578","28.609699249267578"
"\N","","El Almendro Airport","Scranton","-35.96055603027344","-71.7933349609375"
"\N","","San Agustin Airport","Morristown","10.066666603088379","-84.88333129882812"
"\N","","Samambaia Heliport","Saint Denis","-22.462499618530273","-43.13055419921875"
"\N","","Fazenda Campo Verde Airport","Sihanoukville","1.04278004169","-50.516700744599994"
"PXH","YPMH","Prominent Hill Airport","Prominent Hill","-29.716","135.5244"
"CWT","YCWR","Cowra Airport","Chatsworth","-33.84469985961914","148.6490020751953"
"\N","","Coral Bay Airport","Coral Bay","-23.1299991607666","113.7770004272461"
"OGD","KOGD","Ogden Hinckley Airport","Ogden","41.195899963379","-112.0120010376"
"\N","","Lake Country Regional Airport","Clarksville","36.5957984924","-78.56009674070002"
"\N","","Robert S Kerr Airport","Poteau","35.02159881591797","-94.62129974365234"
"AKO","KAKO","Colorado Plains Regional Airport","Akron","40.1755981445","-103.222000122"
"SHN","KSHN","Sanderson Field","Shelton","47.233600616455","-123.14800262451"
"WNA","PANA","Napakiak Airport","Napakiak","60.69029998779297","-161.97900390625"
"PKA","PAPK","Napaskiak Airport","Napaskiak","60.70289993","-161.7779999"
"\N","","Tok Airport","Tok","63.303333","-143.001111"
"YBW","","Bedwell Harbour Seaplane Base","Bedwell Harbour","48.75","-123.233001709"
"WSO","SMWS","Washabo Airport","Washabo","5.215277","-57.185302"
"\N","","Popham Airfield","Popham","51.193901","-1.23472"
"\N","","Causey Airport","Liberty","35.911800384521484","-79.61759948730469"
"WKR","MYAW","Abaco I Walker C Airport","Walker's Cay","27.266700744628906","-78.39969635009766"
"\N","","Black Point Airstrip","Black Point","24.089488448799997","-76.3979172707"
"GFO","SYBT","Bartica A Airport","Bartica","6.358864","-58.655207"
"DYL","KDYL","Doylestown Airport","Doylestown","40.3330001831","-75.1222991943"
"\N","","Cape Town Waterfort Heliport","Cap Town","0","0"
"TGI","SPGM","Tingo Maria Airport","Tingo Maria","-9.133000373840332","-75.94999694824219"
"TJL","SBTG","Plínio Alarcom Airport","Tres Lagoas","-20.754199981689","-51.684200286865"
"YZY","ZLZY","Zhangye Ganzhou Airport","Zhangye","38.8018989563","100.675003052"
"OAL","SSKW","Cacoal Airport","Cacoal","-11.496","-61.4508"
"OCW","KOCW","Warren Field","Washington","35.570499420166","-77.049797058105"
"\N","","Hyde County Airport","Engelhard","35.562400817871094","-75.9552001953125"
"MHC","SCPQ","Mocopulli Airport","Castro","-42.340388","-73.715693"
"SWO","KSWO","Stillwater Regional Airport","Stillwater","36.161201477051","-97.08570098877"
"OKM","KOKM","Okmulgee Regional Airport","Okmulgee","35.668098449707","-95.948699951172"
"CUH","KCUH","Cushing Municipal Airport","Cushing","35.9499015808","-96.7731018066"
"CSM","KCSM","Clinton Sherman Airport","Clinton","35.3398017883","-99.20050048830001"
"WLD","KWLD","Strother Field","Winfield","37.168598175","-97.0375976562"
"PWA","KPWA","Wiley Post Airport","Oklahoma City","35.53419876","-97.64710236"
"DTN","KDTN","Shreveport Downtown Airport","Shreveport","32.5401992798","-93.7450027466"
"SEP","KSEP","Stephenville Clark Regional Airport","Stephenville","32.215301513672","-98.177696228027"
"\N","","Perry Municipal Airport","Perry","36.38560104370117","-97.2771987915039"
"\N","","Hamilton Municipal Airport","Hamilton","31.6658992767334","-98.14859771728516"
"ADT","KADH","Ada Regional Airport","Ada","34.804298","-96.671303"
"\N","","Mesquite Metro Airport","Misquite","32.74700164794922","-96.53040313720703"
"\N","","Denton Municipal Airport","Denton","33.2006988525","-97.19799804690001"
"\N","","Austin Executive Airport","Austin","30.3974931","-97.5663935"
"\N","","Lago Vista Tx Rusty Allen Airport","Lago Vista","30.498600006103516","-97.96949768066406"
"\N","","Brenham Municipal Airport","Brenham","30.21899986","-96.3742981"
"\N","","Lakeway Airpark","Lakeway","30.357500076293945","-97.99449920654297"
"IRB","","Iraan Municipal Airport","Iraan","30.9057006836","-101.891998291"
"\N","","Kestrel Airpark","San Antonio","29.812700271606445","-98.42530059814453"
"YEL","CYEL","Elliot Lake Municipal Airport","ELLIOT LAKE","46.351398468","-82.5614013672"
"IKB","KUKF","Wilkes County Airport","North Wilkesboro","36.2228012085","-81.09829711910001"
"\N","","Charleston Executive Airport","Charleston","32.70090103149414","-80.00289916992188"
"DAN","KDAN","Danville Regional Airport","Danville","36.572898864746094","-79.33609771728516"
"\N","","Brookneal/Campbell County Airport","Brookneal","37.141700744599994","-79.01640319820001"
"ERG","UIKE","Yerbogachen Airport","Yerbogachen","61.2750015259","108.029998779"
"HCW","KCQW","Cheraw Municipal Airport/Lynch Bellinger Field","Cheraw","34.71289825","-79.95700073"
"\N","","Wauchula Municipal Airport","Wuchula","27.51490020752","-81.880500793457"
"\N","","Lilydale Airport","Lilydale","-37.69169998168945","145.36700439453125"
"BEM","GMMD","Beni Mellal Airport","Beni Mellal","32.401895","-6.315905"
"NKT","LTCV","Şırnak Şerafettin Elçi Airport","Cizre","37.3647","42.0582"
"SUY","UENS","Suntar Airport","Suntar","62.185001373291","117.63500213623"
"OUZ","GQPZ","Tazadit Airport","Zouerat","22.756399154663086","-12.483599662780762"
"ABB","DNAS","Asaba International Airport","Asaba","6.204167","6.665278"
"QUO","DNAI","Akwa Ibom International Airport","Uyo","4.8725","8.093"
"KAA","FLKS","Kasama Airport","Kasama","-10.216699600219727","31.13330078125"
"\N","","Mbeya Airport","Mbeya","-8.919444","33.463889"
"\N","","Mpanda Airport","Mpanda","-6.355374","31.084116"
"SGX","HTSO","Songea Airport","Songea","-10.682999610900879","35.58300018310547"
"\N","","Morogoro Airport","Morogoro","-6.797220230102539","37.653099060058594"
"JUH","ZSJH","Jiuhuashan Airport","Chizhou","30.7403","117.6856"
"AOG","ZYAS","Anshan Air Base","Anshan","41.105301","122.853996"
"DQA","ZYDQ","Saertu Airport","Daqing","46.7463888889","125.140555556"
"ZYI","ZUZY","Zunyi Xinzhou Airport","Zunyi","27.5895","107.0007"
"\N","","Conway Horry County Airport","Conway","33.82849884","-79.12220001"
"LDS","ZYLD","Lindu Airport","Yinchun","47.7520555556","129.019125"
"AVA","ZUAS","Anshun Huangguoshu Airport","Anshun","26.2605555556","105.873333333"
"KSS","GASK","Sikasso Airport","Sikasso","11.333000183105469","-5.699999809265137"
"WTB","YBWW","Toowoomba Wellcamp Airport","Toowoomba","-27.558332","151.793335"
"TNH","ZYTN","Tonghua Sanyuanpu Airport","Tonghua","42.2538888889","125.703333333"
"SZV","ZSSZ","Suzhou Guangfu Airport","Suzhou","31.2631","120.401001"
"\N","","City Airport Manchester","Manchester","53.471698761","-2.38971996307"
"\N","","Sleap Airport","Shrewsbury","52.833900451699996","-2.77167010307"
"\N","","Tatenhill Airfield","Burton-on-Trent","52.814701080300004","-1.76110994816"
"\N","","Full Sutton Airfield","York","53.980598","-0.864722"
"\N","","Sherburn-In-Elmet Airfield","Leeds","53.788458","-1.216877"
"\N","","Beringin Airport","Muara Teweh","-0.940325021744","114.893875122"
"LII","WAVA","Mulia Airport","Mulia","-3.7018","137.957"
"NTI","","Stenkol Airport","Bintuni","-2.1033","133.5164"
"WSR","","Wasior Airport","Wasior","-2.721","134.5061"
"DTB","WIMN","Silangit Airport","Siborong-Borong","2.25973","98.991898"
"\N","","Lasikin Airport","Sinabang","2.4102799892425537","96.32559967041016"
"MEQ","WITC","Seunagan Airport","Nagan Raya","4.25","96.21700286865234"
"BUW","WAWB","Betoambari Airport","Bau-Bau","-5.486879825592041","122.56900024414062"
"KAZ","WAEK","Kao Airport","Kao","1.1852799654006958","127.89600372314453"
"MNA","WAMN","Melangguane Airport","Melonguane","4.00694","126.672997"
"SGQ","","Sanggata/Sangkimah Airport","Sanggata","0.3847","117.543"
"BUU","","Muara Bungo Airport","Muara Bungo","-1.1278","102.135"
"\N","","Selayar/Aroepala Airport","Selayar","-6.1751","120.4362"
"ILA","","Illaga Airport","Illaga","-3.97648","137.6225"
"OKL","WAJO","Oksibil Airport","Oksibil","-4.9071","140.6277"
"KOX","","Kokonau Airport","Kokonau","-4.71075","136.43515"
"CMQ","YCMT","Clermont Airport","Clermont","-22.773099899291992","147.62100219726562"
"WMB","YWBL","Warrnambool Airport","Warrnambool","-38.2952995300293","142.44700622558594"
"RCM","YRMD","Richmond Airport","Richmond","-20.701900482177734","143.11500549316406"
"DCN","YCIN","RAAF Base Curtin","Derby","-17.5813999176","123.82800293"
"KNO","WIMM","Kualanamu International Airport","Medan","3.642222","98.885278"
"AMN","KAMN","Gratiot Community Airport","Kamloops","43.322101593","-84.68800354"
"\N","","Asheboro Regional Airport","Asheboro","35.65449905","-79.8946991"
"HMY","RKTP","Seosan Air Base","Seosan","36.703999","126.486"
"\N","","Henderson Field","Wallace","34.717899322509766","-78.00360107421875"
"\N","","Emporia Greensville Regional Airport","Emporia","36.6869010925293","-77.48280334472656"
"EMT","KEMT","San Gabriel Valley Airport","El Monte","34.086102","-118.035004"
"FAH","OAFR","Farah Airport","Farah","32.367000579833984","62.18299865722656"
"IXT","VEPG","Pasighat Airport","Pasighat","28.066099166870117","95.33560180664062"
"\N","","Kee Field","Pineville","37.600399017333984","-81.5593032836914"
"KRQ","UKCK","Kramatorsk Airport","Kramatorsk","48.70560073852539","37.62889862060547"
"QKX","","Kautokeino Air Base","Kautokeino","69.04029846191406","23.034000396728516"
"\N","","Lille/Marcq-en-Baroeul Airport","Marcq En Baroeul","50.687198638916016","3.0755600929260254"
"\N","","Kawass Airport","Kamsar","10.651000022888","-14.533599853516"
"SSF","KSSF","Stinson Municipal Airport","Stinson","29.336999893188","-98.471099853516"
"\N","","Sallisaw Municipal Airport","Sallisaw","35.4382019","-94.80280304"
"JAS","KJAS","Jasper County Airport-Bell Field","Jasper","30.88570023","-94.03489685"
"\N","","El Dorado Springs Memorial Airport","El dorado springs","37.8567008972168","-93.99909973144531"
"MRF","KMRF","Marfa Municipal Airport","Marfa","30.371099","-104.017997"
"ALE","","Alpine Casparis Municipal Airport","Alpine","30.384199142499998","-103.683998108"
"BQE","GGBU","Bubaque Airport","Bubaque","11.297355651855469","-15.838079452514648"
"CZA","MMCT","Chichen Itza International Airport","Chichen Itza","20.6413002014","-88.4461975098"
"BUY","YBUN","Bunbury Airport","Bunbury","-33.378299713134766","115.677001953125"
"CCB","KCCB","Cable Airport","Upland","34.1115989685","-117.68800354"
"\N","","Mount Sterling Montgomery County Airport","Mount Sterling","38.05810165","-83.979599"
"EKI","KEKM","Elkhart Municipal Airport","Elkhart","41.7193984985","-86.00319671630001"
"\N","","Nappanee Municipal Airport","Nappanee ","41.44620132446289","-85.93479919433594"
"CUB","KCUB","Jim Hamilton L.B. Owens Airport","Columbia","33.970500946","-80.9952011108"
"\N","","Grove Municipal Airport","Grove","36.60680008","-94.73860168"
"\N","","Mc Pherson Airport","Mc Pherson","38.35240173","-97.69129944"
"GDC","KGYH","Donaldson Field Airport","Greenville","34.758301","-82.376404"
"\N","","Perry Houston County Airport","Perry","32.51060104370117","-83.76730346679688"
"HVS","KHVS","Hartsville Regional Airport","Hartsville","34.4030990601","-80.11920166019999"
"\N","","Horace Williams Airport","Chapel Hill","35.935001","-79.065902"
"SZT","","San Cristobal de las Casas Airport","San Cristobal de las Casas","16.690299987793","-92.530097961426"
"DU9","","Dunnville Airport","Dunnville","42.872200012200004","-79.5958023071"
"\N","","Brunswick County Airport","Oak Island","33.9292984","-78.07499695"
"\N","","Chesterfield County Airport","Richmond","37.40650177","-77.52500153"
"\N","","Atherton Airport","Atherton","-17.2616996765","145.51499939"
"\N","","Bagdarin Airport","Bagdarin","54.36920166015625","113.47899627685547"
"RIH","MPSM","Scarlett Martinez International Airport","Rio Hato","8.375880241394","-80.127899169922"
"\N","","Henderson Oxford Airport","Oxford","36.36159897","-78.52919769"
"LEE","KLEE","Leesburg International Airport","Leesburg","28.82309914","-81.80870056"
"\N","","Semyazino Airport","Vladimir","56.12670135498047","40.314998626708984"
"\N","","Witberg Tswalu Airport","Dedeben","-27.204999923706055","22.48189926147461"
"\N","","Mana Pools Airport","Mana Pools","-15.768735","29.385617"
"PPY","SNZA","Pouso Alegre Airport","Pouso Alegre","-22.289199829101562","-45.91910171508789"
"DIQ","SNDV","Brigadeiro Cabral Airport","Divinopolis","-20.180700302124","-44.870899200439"
"EIK","","Yeysk Airport","Eysk","46.68","38.21"
"ERD","UKDB","Berdyansk Airport","Berdyansk","46.814998626708984","36.75809860229492"
"BWX","WADY","Blimbingsari Airport","Banyuwangi","-8.31015","114.3401"
"ERL","ZBER","Erenhot Saiwusu International Airport","Erenhot","43.4225","112.096667"
"\N","","Shobdon Aerodrome","Shobdon","52.2416992188","-2.8811099529299997"
"CNO","KCNO","Chino Airport","Chino","33.97470093","-117.637001"
"\N","","Kamigoto Airport","Shin-kamigoto","33.0130996704","129.192001343"
"\N","","Ojika Airport","Odika","33.1907997131","129.089996338"
"\N","","Chofu Airport","Tokyo","35.67169952392578","139.5279998779297"
"HTR","RORH","Hateruma Airport","Taketomi","24.0589008331","123.805999756"
"\N","","Madison County Airport","London","39.93270111","-83.46199799"
"BWW","MUBR","Las Brujas Airport","Cayo Santa Maria","22.621299743699996","-79.1472015381"
"\N","","Digby (General Hospital) Heliport","Tremblay-en-France","44.6161003112793","-65.76190185546875"
"\N","","Thun Airport","Thun","46.756401062","7.60056018829"
"\N","","Lavrentiya Airport","Lavrentiya","65.58000183105469","-170.99667358398438"
"PRB","KPRB","Paso Robles Municipal Airport","Paso Robles","35.67290115","-120.6269989"
"\N","","N 104 Helipad","Ulleung","37.479166666699996","130.895555556"
"PKX","ZBAD","Beijing Daxing International Airport","Beijing","39.509945","116.41092"
"\N","","Kymi Airport","Kotka","60.5713996887207","26.896099090576172"
"HAF","KHAF","Half Moon Bay Airport","Half Moon Bay","37.513401031499995","-122.500999451"
"HCJ","ZGHC","Hechi Jinchengjiang Airport","Hechi","24.805","107.6997"
"\N","","Kadina Airport","Kadina","-33.97669982910156","137.66000366210938"
"WJF","KWJF","General WM J Fox Airfield","Lancaster","34.74110031","-118.2190018"
"CJF","YCWA","Coondewanna Airport","Coondewanna","-22.96669960022","118.81300354004"
"GUZ","SNGA","Guarapari Airport","Guarapari","-20.646499633800005","-40.491901397700005"
"UBT","SDUB","Ubatuba Airport","Ubatuba","-23.441099166870117","-45.075599670410156"
"\N","","Ali Air Base","Nasiriyah","30.935800552368164","46.0900993347168"
"\N","","Ota Air Base","Ota","39.087502","-8.96278"
"BOX","YBRL","Borroloola Airport","Borroloola","-16.075300216674805","136.302001953125"
"\N","","Elsenthal Grafe Airport","Elsenthal","48.822498","13.3675"
"\N","","Newtownards Airport","Newtownards","54.5811004639","-5.69193983078"
"\N","","Lashenden (Headcorn) Airfield","Headcorn","51.156898","0.641667"
"\N","","Panshanger Aerodrome","Panshanger","51.80250167849999","-0.158056005836"
"\N","","Thurrock Airfield","Thurrock","51.537505","0.367634"
"\N","","Stapleford Aerodrome","Stapleford","51.652500152600005","0.155833005905"
"\N","","HAL Airport","Bangalore","12.9499998093","77.6681976318"
"QUG","EGHR","Chichester/Goodwood Airport","Goodwood","50.85940170288086","-0.7591670155525208"
"\N","","Omarama Glider Airport","Omarama","-44.486698150634766","169.98599243164062"
"\N","","Haast Aerodrome","Haast","-43.865299224853516","169.04100036621094"
"\N","","Meschede-Schüren Airport","Meschede","51.30277633666992","8.239167213439941"
"TNW","SEJD","Jumandy Airport","Tena","-1.059722","-77.583333"
"\N","","Morro da Urca Heliport","Rio de Janeiro","-22.95166778564453","-43.16583251953125"
"FYJ","ZYFY","Dongji Aiport","Fuyuan","48.199494","134.366447"
"\N","","Skúvoy Heliport","Skuvoy","61.76959991455078","-6.803410053253174"
"\N","","Stóra Dímun Heliport","Stora Dimun","61.685298919677734","-6.758500099182129"
"\N","","Frooba Heliport","Frooba","61.543701171875","-6.774419784545898"
"\N","","Person County Airport","Roxboro","36.28490067","-78.98419952"
"PZL","FADQ","Zulu Inyala Airport","Phinda","-27.84939956665039","32.30970001220703"
"LPF","ZUPS","Liupanshui Yuezhao Airport","Liupanshui","26.609417","104.979"
"KJH","ZUKJ","Kaili Airport","Kaili","26.972","107.988"
"HPG","ZHSN","Shennongjia Hongping Airport","Shennongjia","31.626","110.34"
"ZQZ","ZBZJ","Zhangjiakou Ningyuan Airport","Zhangjiakou","40.7386016846","114.930000305"
"YIE","ZBES","Arxan Yi'ershi Airport","Arxan","47.3106","119.9117"
"HNY","ZGHY","Hengyang Nanyue Airport","Hengyang","26.9053","112.627998"
"AHJ","ZUHY","Hongyuan Airport","Ngawa","32.53154","102.35224"
"WOS","ZKWS","Wonsan Kalma International Airport","Wonsan","39.166801","127.486"
"\N","","Mestia Queen Tamar Airport","Mestia","43.053597","42.749012"
"IGT","URMS","Magas Airport","Magas","43.322299957300004","45.0125999451"
"ASN","KASN","Talladega Municipal Airport","Talladega","33.569900512699995","-86.05090332030001"
"GMU","KGMU","Greenville Downtown Airport","Greenville","34.847900390599996","-82.34999847410002"
"\N","","Mankato Regional Airport","Mankato","44.22159958","-93.91870117"
"NGD","TUPA","Captain Auguste George Airport","Anegada","18.72719955444336","-64.32969665527344"
"TOI","KTOI","Troy Municipal Airport at N Kenneth Campbell Field","Troy","31.860399","-86.012101"
"\N","","Merkel Field Sylacauga Municipal Airport","Sylacauga","33.17179870605469","-86.30549621582031"
"ETS","KEDN","Enterprise Municipal Airport","Enterprise","31.29969978","-85.89990234"
"\N","","Ryan Field","Tucson","32.1422004699707","-111.17500305175781"
"EFG","AYEF","Efogi Airport","Efogi","-9.15380555556","147.659805556"
"KGW","AYKQ","Kagi Airport","Kagi","-9.135916666670001","147.669444444"
"NDN","AYNC","Nadunumu Airport","Nadunumu","-9.14355555556","147.68425"
"BNM","AYBD","Bodinumu Airport","Bodinumu","-9.107777777779999","147.666722222"
"ALX","KALX","Thomas C Russell Field","Alexander City","32.914699554399995","-85.9629974365"
"PKT","","Port Keats Airport","Wadeye","-14.25","129.5290069580078"
"GPN","YGPT","Garden Point Airport","Pirlangimpi","-11.40250015258789","130.4219970703125"
"\N","","Stade Airport","Stade","53.56111145019531","9.499167442321777"
"\N","","Meriden Markham Municipal Airport","Meriden","41.50870132446289","-72.82949829101562"
"\N","","Flinders Island Airport","Elliston","-33.730989","134.501"
"\N","","Luzern-Beromunster Airport","Lucerne","47.189998626708984","8.204719543457031"
"\N","","La Grand'combe Airport","La Grand'Combe","44.24440002441406","4.0122199058532715"
"DOH","OTHH","Hamad International Airport","Doha","25.273056","51.608056"
"HZP","CYNR","Fort Mackay / Horizon Airport","Wood Buffalo","57.3816986084","-111.700996399"
"\N","","Canmore Municipal Heliport","Canmore","51.07780075069999","-115.337997437"
"\N","","Krasnokamensk Airport","Krasnokamensk","50.03310775756836","118.06114196777344"
"\N","","Ridgely Airpark","Ridgely","38.97010040283203","-75.86630249023438"
"\N","","New Castle Henry Co. Municipal Airport","New Castle","39.87590027","-85.32649994"
"\N","","Scott City Municipal Airport","Scott City","38.474300384521484","-100.88500213623047"
"HDE","KHDE","Brewster Field","Holdredge","40.452099","-99.336502"
"PTT","KPTT","Pratt Regional Airport","Pratt","37.70159912","-98.74690247"
"\N","","Yubileyniy Airfield","Baikonur","46.05500030517578","63.25"
"\N","","Wahoo Municipal Airport","Wahoo","41.2412986755","-96.59400177"
"LXN","KLXN","Jim Kelly Field","Lexington","40.791000366199995","-99.7772979736"
"\N","","Sublette Municipal Airport","Sublette","37.49140167","-100.8300018"
"CBF","KCBF","Council Bluffs Municipal Airport","Council Bluffs","41.2592010498","-95.760597229"
"OKK","KOKK","Kokomo Municipal Airport","Kokomo","40.528198242188","-86.05899810791"
"\N","","Neodesha Municipal Airport","Neodesha","37.43539810180664","-95.64610290527344"
"\N","","King Ranch Airport","Sutton","61.79560089111328","-148.35499572753906"
"\N","","Elkhart Morton County Airport","Elkhart","37.000702","-101.879997"
"\N","","Front Range Airport","Denver","39.785301208496094","-104.54299926757812"
"GBG","KGBG","Galesburg Municipal Airport","Galesburg","40.937999725299996","-90.431098938"
"GUY","KGUY","Guymon Municipal Airport","Guymon","36.6851005554","-101.508003235"
"\N","","Meade Municipal Airport","Meade","37.27690124511719","-100.35600280761719"
"\N","","Turkey Mountain Estates Airport","Shell Knob","36.59170150756836","-93.66690063476562"
"\N","","Ulysses Airport","Ulysses","37.60400009","-101.3740005"
"\N","","Flagler Aerial Spraying Inc Airport","Flagler","39.279998779296875","-103.06700134277344"
"IDP","KIDP","Independence Municipal Airport","Independence","37.1584014893","-95.77839660640001"
"\N","","Augusta Municipal Airport","Augusta","37.671600341796875","-97.0779037475586"
"\N","","Larned Pawnee County Airport","Larned","38.20859909","-99.08599854"
"\N","","Lampasas Airport","Lampasas","31.106199264526367","-98.1958999633789"
"BBC","KBYY","Bay City Municipal Airport","Bay City","28.9733009338","-95.8635025024"
"PRX","KPRX","Cox Field","Paris","33.636600494385","-95.450798034668"
"CFV","KCFV","Coffeyville Municipal Airport","Coffeyville","37.09400177","-95.5718994141"
"\N","","The Farm Airport","Summit","33.93579864501953","-81.42970275878906"
"GXY","KGXY","Greeley–Weld County Airport","Greeley","40.4374008179","-104.633003235"
"\N","","General Dewitt Spain Airport","Memphis","35.20069885","-90.05400085"
"OEL","","Oryol Yuzhny Airport","Oakley","52.934700012200004","36.0022010803"
"FET","KFET","Fremont Municipal Airport","Fremont","41.44910049","-96.52020264"
"LGD","KLGD","La Grande/Union County Airport","La Grande","45.2901992798","-118.007003784"
"SZY","EPSY","Olsztyn-Mazury Airport","Szczytno-Szymany","53.481899","20.9377"
"MPO","KMPO","Pocono Mountains Municipal Airport","Mount Pocono","41.137503","-75.378897"
"UKT","KUKT","Quakertown Airport","Quakertown","40.435199737549","-75.381896972656"
"YBA","CYBA","Banff Airport","Banff","51.207340469900004","-115.541861057"
"\N","","Nordborg Flyveplads","Nordborg","55.07485","9.753379"
"BNG","KBNG","Banning Municipal Airport","Banning","33.9230995178","-116.850997925"
"\N","","Gießen-Lützellinden Airport","Giessen","50.543888092041016","8.590277671813965"
"\N","","Tököl Airport","Budapest","47.345298767100005","18.980800628699996"
"OFK","KOFK","Karl Stefan Memorial Airport","Norfolk  Nebraska","41.985500335693","-97.435096740723"
"\N","","Kotido Airport","Kotido","2.953","34.1232"
"\N","","Kajjansi Airfield","Kampala","0.1968","32.55297"
"\N","","Arlington Municipal Airport","Arlington","48.16070175","-122.1589966"
"\N","","Paracatu Airport","Paracatu","-17.242599487304688","-46.88309860229492"
"\N","","Das Bandeirinhas Airport","Conselheiro Lafaiete","-20.738585","-43.797444"
"\N","","Janaúba Airport","Janauba","-15.732","-43.323102"
"TFL","SNTO","Juscelino Kubitscheck Airport","Teofilo Otoni","-17.89229965209961","-41.51359939575195"
"\N","","Cristiano Ferreira Varella Airport","Muriae","-21.126100540161133","-42.39440155029297"
"TPF","KTPF","Peter O Knight Airport","Tampa","27.915599822998","-82.44930267334"
"\N","","Lure Malbouhans Air Base","Malbouhans","47.7047","6.54583"
"\N","","Parati Airport","Paraty","-23.2243995667","-44.720298767100005"
"BZC","","Umberto Modiano Airport","Buzios","-22.770999908447266","-41.96289825439453"
"\N","","Angra dos Reis Airport","Angra dos Reis","-22.975299835205078","-44.307098388671875"
"ITP","SDUN","Itaperuna Airport","Itaperuna","-21.219299316399997","-41.8759002686"
"\N","","Maricá Airport","Marica","-22.9195","-42.830898"
"REZ","SDRS","Resende Airport","Resende","-22.4785003662","-44.4803009033"
"\N","","Saquarema Airport","Saquarema","-22.92972183227539","-42.50694274902344"
"\N","","Drumheller Municipal Airport","Drumheller","51.49639892578125","-112.7490005493164"
"\N","","Mwene-Ditu Airport","Mwene-Ditu","-6.982999801635742","23.08300018310547"
"KBN","FZWT","Tunta Airport","Kabinda","-6.132999897","24.4829998016"
"IKL","FZGV","Ikela Airport","Ikela","-1.048109","23.372501"
"AIR","SSOU","Aripuanã Airport","Aripuana","-10.188278","-59.457273"
"JRN","","Juruena Airport","Juruena","-10.305832862854004","-58.489444732666016"
"JIA","SWJN","Juína Airport","Juina","-11.419444","-58.701668"
"VLP","SWVC","Vila Rica Airport","Vila Rica","-9.979443550109863","-51.1422233581543"
"JUA","SIZX","Inácio Luís do Nascimento Airport","Juara","-11.2966","-57.5495"
"CCX","SWKC","Cáceres Airport","Caceres","-16.04360008239746","-57.62990188598633"
"\N","","Posto Leonardo Vilas Boas Airport","Chapada dos Guimaraes","-12.198332786560059","-53.38166809082031"
"TGQ","SWTS","Tangará da Serra Airport","Tangara da Serra","-14.661999702500001","-57.4435005188"
"CQA","SWEK","Canarana Airport","Canarana","-13.574443817138672","-52.27055740356445"
"MTG","","Vila Bela da Santíssima Trindade Airport","Vila Bela da Santissima Trindade ","-14.9942","-59.9458"
"BMB","FZFU","Bumbar Airport","Bumba","2.18278","22.481701"
"\N","","Sobral Airport","Sobral","-3.67889","-40.336802"
"APQ","SNAL","Arapiraca Airport","Arapiraca","-9.775360107421875","-36.62919998168945"
"FLB","SNQG","Cangapara Airport","Floriano","-6.8463897705078125","-43.077301025390625"
"PCS","SNPC","Picos Airport","Picos","-7.0620598793029785","-41.52370071411133"
"BNC","FZNP","Beni Airport","Beni","0.575","29.4739"
"BNB","FZGN","Boende Airport","Boende","-0.21699999272823334","20.850000381469727"
"MTP","KMTP","Montauk Airport","Montauk","41.0765","-71.920797"
"VPZ","KVPZ","Porter County Municipal Airport","Valparaiso IN","41.45399857","-87.00710297"
"DRV","VRMD","Dharavandhoo Airport","DHARAVANDHOO","5.1561","73.1302"
"SXK","WAPS","Saumlaki/Olilit Airport","Saumlaki","-7.9886097908","131.305999756"
"MLZ","SUMO","Cerro Largo International Airport","Melo","-32.33789825439453","-54.21670150756836"
"PDU","SUPU","Tydeo Larre Borges Airport","Paysandu","-32.36330032348633","-58.0619010925293"
"ATI","SUAG","Artigas International Airport","Artigas ","-30.400699615478516","-56.50790023803711"
"\N","","Murray Bridge Airport","Murray Bridge","-35.06669998168945","139.2270050048828"
"HSM","YHSM","Horsham Airport","Horsham","-36.669700622558594","142.17300415039062"
"SWH","YSWH","Swan Hill Airport","Swan Hill","-35.37580108642578","143.5330047607422"
"TTL","","Turtle Island Seaplane Base","Turtle Island","-16.966","177.368"
"KWB","WAHU","Dewadaru - Kemujan Island","Karimunjawa","-5.80091","110.47838"
"KOO","FZRQ","Kongolo Airport","Kongolo","-5.39444","26.99"
"AOU","VLAP","Attopeu Airport","Attopeu","14.814715357","106.821699142"
"\N","","Kahemba Airport","Kahemba","-7.333000183105469","19.017000198364258"
"\N","","Francisco de Miranda Airport","Caracas","10.485033035299999","-66.8435134888"
"SQX","SSOE","São Miguel do Oeste Airport","Sao Miguel do Oeste","-26.781600952148438","-53.503501892089844"
"LDM","KLDM","Mason County Airport","Ludington","43.96250153","-86.40789795"
"RHV","KRHV","Reid-Hillview Airport of Santa Clara County","San Jose","37.332901001","-121.819000244"
"OHS","OOSH","Sohar Airport","Sohar","24.38604","56.62541"
"KCF","OPKW","Kadanwari Airport","Kadanwari","27.1667003632","69.31670379639999"
"RZS","OPSW","Sawan Airport","Sindh","26.9662","68.878098"
"\N","","Thamkharka Airport","Thamkharka","27.04787","86.858022"
"TMF","VRNT","Thimarafushi Airport","Thimarafushi","2.211","73.1533"
"IFU","VREI","Ifuru Airport","Ifuru","5.7083","73.025"
"KZF","AYKT","Kaintiba Airport","Kieta","-7.50025","146.033833333"
"OGU","LTCB","Ordu Giresun Airport","Ordu-Giresun","40.966047","38.080994"
"YKO","LTCW","Hakkari Yüksekova Airport","Hakkari","37.5497","44.2381"
"\N","","Jelenia Góra Glider Airport","Jelenia Gora","50.89889907836914","15.785599708557129"
"BUT","VQBT","Bathpalathang Airport","Jakar","27.5622","90.7471"
"TLI","","Sultan Bantilan Airport","Toli-Toli","1.123428","120.793658"
"\N","","Vuktyl Airport","Vuktyl","63.823299407958984","57.279998779296875"
"\N","","Berezniki Airport","Berezniki","59.57954788208008","56.85768127441406"
"\N","","San Sebastián Airport","San Sebastian","-53.31700134277344","-68.6500015258789"
"\N","","Tolwin Observatory Airport","Tolhuin","-54.521900177","-67.1989974976"
"TQL","USDS","Tarko-Sale Airport","Tarko-Sale","64.9308013916","77.81809997559999"
"\N","","Camarillo Airport","Camarillo - CA","34.21369934082031","-119.09400177001953"
"\N","","Leopoldsburg Airfield","Leopoldsburg","51.12","5.3072222"
"JIC","ZLJC","Jinchuan Airport","Jinchuan","38.542222222199996","102.348333333"
"\N","","Omtepe Airport","Moyogalpa","11.523616","-85.702995"
"BPL","ZWBL","Alashankou Bole (Bortala) airport","Bole","44.895","82.3"
"FYN","ZWFY","Fuyun Koktokay Airport","Fuyun","46.804169","89.512006"
"ACS","UNKS","Achinsk Airport","Achinsk","56.2682991027832","90.57080078125"
"LFQ","ZBLF","Linfen Qiaoli Airport","LINFEN","36.132629","111.641236"
"YJP","","Hinton/Jasper-Hinton Airport","Hinton","53.3191986084","-117.752998352"
"WVI","KWVI","Watsonville Municipal Airport","Watsonville","36.9356994629","-121.790000916"
"GLU","VQGP","Gelephu Airport","Gelephu","26.88456","90.46412"
"HLI","KCVH","Hollister Municipal Airport","Hollister","36.8932991028","-121.410003662"
"\N","","Williamsburg Jamestown Airport","Williamsburg","37.239200592041016","-76.71610260009766"
"DLK","YDLK","Dulkaninna Airport","Dulkaninna","-29.0132999420166","138.4810028076172"
"\N","","William Creek Airport","William Creek","-28.906700134277344","136.3419952392578"
"\N","","Kenora Seaplane Base","Kenora","49.767424","-94.49274"
"\N","","Rumbula Air Base","Riga","56.8833007812","24.2266998291"
"\N","","Siquijor Airport","Siquijor","9.214203223190001","123.472251892"
"YBS","","Opapimiskan Lake Airport","Musselwhite Mine","52.6067008972","-90.3768997192"
"RIZ","ZSRZ","Rizhao Shanzihe Airport","Rizhao","35.405033","119.324403"
"SQJ","ZSSM","Shaxian Airport","Sanming","26.4263","117.8336"
"XTO","YTAM","Taroom Airport","Taroom","-25.801700592041016","149.89999389648438"
"\N","","Gelnhausen Airport","Gelnhausen","50.19722366333008","9.170000076293945"
"\N","","Ærø Airport","Aero","54.85279846191406","10.456399917602539"
"\N","","Lauterbach Airport","Lauterbach-Wernges","50.683334","9.410833"
"\N","","Aschaffenburg Airport","Aschaffenburg","49.93888854980469","9.063888549804688"
"YSE","CYSE","Squamish Airport","Squamish","49.7817001343","-123.162002563"
"\N","","Reichelsheim Airport","Reichelsheim","50.33583450317383","8.878055572509766"
"\N","","Marburg-Schönstadt Airport","Schoenstadt","50.87444305419922","8.8149995803833"
"\N","","Lauenbrück Airport","Lauenbrueck","53.20750045776367","9.573332786560059"
"\N","","Hüttenbusch Airport","Huettenbusch","53.28666687011719","8.947221755981445"
"\N","","Vrsar Crljenka Airport","Vsar","45.141700744628906","13.630599975585938"
"\N","","Union County Airport","Marysville","40.224700927734375","-83.35160064697266"
"YAH","CYAH","La Grande-4 Airport","La Grande-4","53.754699707","-73.6753005981"
"YAL","CYAL","Alert Bay Airport","Alert Bay","50.58219909667969","-126.91600036621094"
"\N","","Liverpool South Shore Regional Airport","Liverpool","44.2303009033","-64.85610198970001"
"\N","","Nipawin Airport","Nipawin","53.33250045776367","-104.00800323486328"
"YCE","CYCE","Centralia / James T. Field Memorial Aerodrome","Centralia","43.285599","-81.508301"
"\N","","Blue River Airport","Blue River","52.11669921875","-119.28299713134766"
"YCQ","CYCQ","Chetwynd Airport","Chetwynd","55.687198638916016","-121.62699890136719"
"XRR","CYDM","Ross River Airport","Ross River","61.9706001282","-132.42300415"
"YDO","CYDO","Dolbeau St Felicien Airport","Dolbeau-St-Félicien","48.778499603271","-72.375"
"YEY","CYEY","Amos/Magny Airport","Amos","48.563903","-78.249702"
"\N","","Goderich Airport","Goderich","43.7668991089","-81.7106018066"
"YHE","CYHE","Hope Airport","Hope","49.3683013916","-121.498001099"
"YHT","CYHT","Haines Junction Airport","Haines Junction","60.78919982910156","-137.54600524902344"
"YDG","CYID","Digby / Annapolis Regional Airport","Digby","44.5458450365","-65.7854247093"
"YJF","CYJF","Fort Liard Airport","Fort Liard","60.235801696799996","-123.46900177"
"YKJ","CYKJ","Key Lake Airport","Key Lake","57.256099700927734","-105.61799621582031"
"YLR","CYLR","Leaf Rapids Airport","Leaf Rapids","56.513301849365234","-99.98529815673828"
"YME","CYME","Matane Airport","Matane","48.85689926147461","-67.45330047607422"
"YML","CYML","Charlevoix Airport","Charlevoix","47.59749984741211","-70.2238998413086"
"\N","","Nejanilini Lake Airport","Nejanilini Lake","59.4874992371","-97.78029632570001"
"YOS","CYOS","Owen Sound / Billy Bishop Regional Airport","Owen Sound","44.5903015137","-80.8375015259"
"YPS","CYPD","Port Hawkesbury Airport","Port Hawkesbury","45.6567001343","-61.3680992126"
"YQS","CYQS","St Thomas Municipal Airport","St Thomas","42.77000045776367","-81.11080169677734"
"YRO","CYRO","Ottawa / Rockcliffe Airport","Ottawa","45.4603004456","-75.64610290530001"
"\N","","Ottawa / Carp Airport","Ottawa","45.3191986084","-76.0222015381"
"YSH","CYSH","Smiths Falls-Montague (Russ Beach) Airport","Smiths Falls","44.94580078125","-75.94059753417969"
"YSL","CYSL","St Leonard Airport","St Leonard","47.157501220703125","-67.83470153808594"
"\N","","Virden/R.J. (Bob) Andrew Field Regional Aerodrome","Virden","49.8782997131","-100.917999268"
"YVE","CYVK","Vernon Airport","Vernon","50.24810028076172","-119.33100128173828"
"YXQ","CYXQ","Beaver Creek Airport","Beaver Creek","62.410301208496094","-140.86700439453125"
"YSN","CZAM","Shuswap Regional Airport","Salmon Arm","50.682802","-119.228996"
"KES","CZEE","Kelsey Airport","Kelsey","56.0374984741","-96.50969696039999"
"XPK","CZFG","Pukatawagan Airport","Pukatawagan","55.7491989136","-101.26599884"
"ZGF","CZGF","Grand Forks Airport","Grand Forks","49.01559829711914","-118.43099975585938"
"ZJG","CZJG","Jenpeg Airport","Jenpeg","54.51890182495117","-98.04609680175781"
"YTD","CZLQ","Thicket Portage Airport","Thicket Portage","55.31890106201172","-97.70780181884766"
"PIW","CZMN","Pikwitonei Airport","Pikwitonei","55.58890151977539","-97.16419982910156"
"XPP","CZNG","Poplar River Airport","Poplar River","52.9965258788","-97.2741937637"
"WPC","CZPC","Pincher Creek Airport","Pincher Creek","49.520599365200006","-113.997001648"
"ZST","CZST","Stewart Airport","Stewart","55.935410448","-129.982434511"
"ZUC","CZUC","Ignace Municipal Airport","Ignace","49.4296989440918","-91.7177963256836"
"FNB","EDBN","Neubrandenburg Airport","Neubrandenburg","53.6022","13.306"
"\N","","Airport Bamberg-Breitenau","Bamberg","49.920403","10.914233"
"\N","","Zerbst Airport","Zerbst/Anhalt","52.000832","12.148611"
"\N","","RAF Spadeadam","Spadeadam","55.0499992371","-2.54999995232"
"FSS","","RAF Kinloss","Kinloss","57.6493988037","-3.56064009666"
"BXP","","Biała Podlaska Airfield","Biała Podlaska","52.00078","23.1325278"
"\N","","Cewice Air Base","Lębork","54.416","17.7633"
"\N","","Deblin Military Air Base","Dęblin","51.551399231","21.8936004639"
"\N","","Leczyca Military Air Base","Leczyca","52.004699707","19.1455993652"
"\N","","Minsk Mazowiecki Military Air Base","","52.1954994202","21.6558990479"
"\N","","Powidz Military Air Base","","52.379398","17.853901"
"\N","","Tomaszow Mazowiecki Military Air Base","Tomaszów Mazowiecki","51.584400177","20.0977993011"
"\N","","Björkvik Air Base","Björkvik","58.79079818725586","16.571199417114258"
"\N","","Ljungbyhed Airport","Ljungbyhed","56.082801818847656","13.212499618530273"
"DGP","EVDA","Daugavpils Intrenational Airport","Daugavpils","55.944721221900004","26.6650009155"
"\N","","Jēkabpils Air Base","Jēkabpils","56.534698","25.8925"
"\N","","Jūrmala Airport","Tukums","56.9422","23.2239"
"\N","","Kėdainiai Air Base","Kėdainiai","55.31169891357422","23.95639991760254"
"LMR","FALC","Lime Acres Finsch Mine Airport","Lime Acres","-28.36009979248047","23.43910026550293"
"SXN","FBSN","Sua Pan Airport","Sowa","-20.5534","26.115801"
"\N","","Lusaka City Airport","Lusaka","-15.4138002396","28.3306999207"
"NDD","FNSU","Sumbe Airport","Sumbe","-11.167900085449219","13.84749984741211"
"MAI","","Mangochi Airport","Mangochi","-14.482999801635742","35.266998291015625"
"ADI","FYAR","Arandis Airport","Arandis","-22.462200164794922","14.979999542236328"
"\N","","Mariental Airport","Mariental","-24.60540008544922","17.925399780273438"
"\N","","Almaza Air Force Base","Cairo","30.091800689697266","31.360000610351562"
"\N","","Beni Suef Air Base","Beni Suef","29.20829963684082","31.016599655151367"
"\N","","Jiyanklis Air Base","Jiyanklis","30.819799423217773","30.191200256347656"
"MWE","HSMN","Merowe New Airport","Merowe","18.4433333333","31.8433333333"
"ALN","KALN","St Louis Regional Airport","Alton/St Louis","38.89030075069999","-90.0459976196"
"AXN","KAXN","Chandler Field","Alexandria","45.8662986755","-95.39469909670001"
"CLU","KBAK","Columbus Municipal Airport","Columbus","39.2619018555","-85.8963012695"
"BBD","KBBD","Curtis Field","Brady","31.1793003082","-99.3238983154"
"BIH","KBIH","Eastern Sierra Regional Airport","Bishop","37.3731002808","-118.363998413"
"BKE","KBKE","Baker City Municipal Airport","Baker City","44.837299346900004","-117.808998108"
"BPI","KBPI","Miley Memorial Field","Big Piney","42.58509827","-110.1110001"
"WMH","KBPK","Ozark Regional Airport","Mountain Home","36.3689002991","-92.47049713130001"
"BTL","KBTL","W K Kellogg Airport","Battle Creek","42.307300567599995","-85.2515029907"
"BYI","KBYI","Burley Municipal Airport","Burley","42.542598724399994","-113.772003174"
"CCY","KCCY","Northeast Iowa Regional Airport","Charles City","43.0726013184","-92.6108016968"
"CNU","KCNU","Chanute Martin Johnson Airport","Chanute","37.668800354","-95.4850997925"
"CRG","KCRG","Jacksonville Executive at Craig Airport","Jacksonville","30.3362998962","-81.51439666750001"
"CSV","KCSV","Crossville Memorial Whitson Field","Crossville","35.9513015747","-85.08499908450001"
"DAA","KDAA","Davison Army Air Field","Fort Belvoir","38.715000152600005","-77.1809997559"
"DAG","KDAG","Barstow Daggett Airport","Daggett","34.85369873","-116.7870026"
"DMN","KDMN","Deming Municipal Airport","Deming","32.262298584","-107.721000671"
"DRA","KDRA","Desert Rock Airport","Mercury","36.6194","-116.032997"
"EED","KEED","Needles Airport","Needles","34.7663002014","-114.623001099"
"EGI","KEGI","Duke Field","Crestview","30.65040016","-86.52290344"
"EKA","KEKA","Murray Field","Eureka","40.803398132299996","-124.112998962"
"\N","","San Marcos Regional Airport","San Marcos","29.8927","-97.862999"
"HYR","KHYR","Sawyer County Airport","Hayward","46.025199890100005","-91.44429779050002"
"JCT","KJCT","Kimble County Airport","Junction","30.5112991333","-99.7634963989"
"\N","","Monticello Municipal Ellis Field","Monticello","33.6385994","-91.75099945"
"LOL","KLOL","Derby Field","Lovelock","40.0663986206","-118.565002441"
"MBG","KMBG","Mobridge Municipal Airport","Mobridge","45.54650116","-100.4079971"
"MCB","KMCB","Mc Comb/Pike County Airport/John E Lewis Field","Mc Comb","31.17849922","-90.47190094"
"MDH","KMDH","Southern Illinois Airport","Carbondale/Murphysboro","37.778099060058594","-89.25199890136719"
"MMT","KMMT","Mc Entire Joint National Guard Base","Eastover","33.92079926","-80.80130005"
"NHZ","KBXM","Brunswick Executive Airport","Brunswick","43.89220047","-69.93859863"
"NRB","KNRB","Naval Station Mayport (Admiral David L. Mcdonald Field)","Mayport","30.39109993","-81.42469788"
"OGB","KOGB","Orangeburg Municipal Airport","Orangeburg","33.456798553467","-80.859497070312"
"\N","","Columbus Municipal Airport","Columbus","41.44800186","-97.34259796"
"OTM","KOTM","Ottumwa Regional Airport","Ottumwa","41.10660172","-92.44789886"
"OZR","KOZR","Cairns AAF (Fort Rucker) Air Field","Fort Rucker/Ozark","31.27569962","-85.71340179"
"PWY","KPNA","Ralph Wenz Field","Pinedale","42.79550171","-109.8069992"
"POU","KPOU","Dutchess County Airport","Poughkeepsie","41.6265983581543","-73.88420104980469"
"\N","","New Richmond Regional Airport","New Richmond","45.14830017","-92.5381012"
"RSL","KRSL","Russell Municipal Airport","Russell","38.872100830078","-98.811798095703"
"RWF","KRWF","Redwood Falls Municipal Airport","Redwood Falls","44.54719925","-95.08229828"
"SNS","KSNS","Salinas Municipal Airport","Salinas","36.662799835205","-121.60600280762"
"\N","","Sonora Municipal Airport","Sonora","30.585699081421","-100.6490020752"
"\N","","Saline County Regional Airport","Benton","34.59059906","-92.47940063"
"TPH","KTPH","Tonopah Airport","Tonopah","38.06019974","-117.086998"
"\N","","Aurora State Airport","Aurora","45.247100830078125","-122.7699966430664"
"UKI","KUKI","Ukiah Municipal Airport","Ukiah","39.125999450684","-123.20099639893"
"UOX","KUOX","University Oxford Airport","Oxford","34.384300231934","-89.536796569824"
"HTV","KUTS","Huntsville Regional Airport","Huntsville","30.7469005585","-95.5871963501"
"VTN","KVTN","Miller Field","Valentine","42.85779953","-100.5479965"
"WMC","KWMC","Winnemucca Municipal Airport","Winnemucca","40.8965988159","-117.805999756"
"WWR","KWWR","West Woodward Airport","Woodward","36.438","-99.5226667"
"\N","","Cape Canaveral AFS Skid Strip","Cocoa Beach","28.4675998688","-80.56659698490002"
"\N","","Homey (Area 51) Airport","Groom Lake","37.23500061035156","-115.81099700927734"
"ZZV","KZZV","Zanesville Municipal Airport","Zanesville","39.9444007874","-81.89209747310001"
"\N","","Gjadër Air Base","Gjadër","41.895199","19.5987"
"\N","","Kukës Airport","Kukës","42.033699035599994","20.4158992767"
"\N","","Kuçovë Air Base","Kuçovë","40.77190017700195","19.901899337768555"
"\N","","Vlorë Air Base","Vlorë","40.47610092163086","19.474199295043945"
"\N","","Haskovo Malevo Airport","Haskovo","41.976398","25.5898"
"\N","","Gabrovnitsa Air Base","Gabrovnitsa","43.5443000793457","23.272499084472656"
"\N","","Graf Ignatievo Air Base","Graf Ignatievo","42.290401458740234","24.714000701904297"
"\N","","Dolna Mitropoliya Air Base","Dolna Mitropoliya","43.451401","24.5028"
"\N","","Balchik Air Base","Balchik","43.42380142211914","28.181299209594727"
"ECV","","Cuatro Vientos Airport","Madrid","40.370701","-3.78514"
"CDT","LECH","Castellón-Costa Azahar Airport","Castellón de la Plana","40.213889","0.073333"
"TEV","LETL","Teruel Airport","Teruel","40.403","-1.2183"
"\N","","Blois-Le Breuil Airport","Blois/Le Breuil","47.678502","1.20884"
"\N","","Trento-Mattarello Airport","Trento (TN)","46.0214","11.1242"
"\N","","Alessandria Airport","Alessandria","44.925201","8.62513"
"\N","","Biella-Cerrione Airport","Biella (BI)","45.4953","8.10278"
"\N","","Vercelli Airport","Vercelli","45.310233","8.417935"
"\N","","Casale Monferrato Airport","Casale Monferrato","45.111198","8.45603"
"\N","","Varese-Venegono Airport","Varese","45.742199","8.888233"
"\N","","Novi Ligure Airport","Novi Ligure","44.779999","8.78639"
"QLP","","Sarzana-Luni Air Base","Sarzana (SP)","44.088001","9.98795"
"\N","","Câmpia Turzii Air Base","Câmpia Turzii","46.50230026245117","23.885900497436523"
"\N","","Mărculeşti International Airport","Mărculeşti","47.862701416015625","28.212799072265625"
"\N","","Cahul International Airport","Cahul","45.8437995911","28.263700485199998"
"\N","","Tiraspol Airport","Tiraspol","46.868099212646484","29.590599060058594"
"BJY","LYBT","Batajnica Air Base","Batajnica","44.935299","20.2575"
"RUV","MGRB","Rubelsanto Airport","Rubelsanto","15.991999626159668","-90.44529724121094"
"XPL","MHPR","Coronel Enrique Soto Cano Air Base","Comayagua","14.3824","-87.621201"
"UPL","MRUP","Upala Airport","Upala","10.8922","-85.016197"
"QSN","","San Nicolas De Bari Airport","San Nicolás","22.756099700927734","-81.9208984375"
"SNJ","MUSJ","San Julian Air Base","Pinar Del Rio","22.095300674438477","-84.1520004272461"
"DWD","OEDM","King Salman Abdulaziz Airport","","24.4499","44.121201"
"KMX","OEKM","King Khaled Air Base","","18.297300338745117","42.80350112915039"
"XXN","","Riyadh Air Base","Riyadh","24.709800720214844","46.72520065307617"
"KNR","OIBJ","Jam Airport","Kangan","27.820499420166016","52.35219955444336"
"\N","","Hamadan Air Base","Hamadan","35.21160125732422","48.65340042114258"
"PYK","OIIP","Payam International Airport","Karaj","35.776100158691","50.826698303223"
"XIJ","OKAJ","Ahmed Al Jaber Air Base","Ahmed Al Jaber AB","28.9347991943","47.791900634799994"
"\N","","Rayak Air Base","Rayak","33.850799560546875","35.987701416015625"
"\N","","Mirpur Khas Air Base","Mirpur Khas","25.682501","69.0728"
"ATG","","Minhas Air Base","Kamra","33.8690986633","72.4009017944"
"\N","","Rafiqui Air Base","Shorkot","30.758100509643555","72.28250122070312"
"\N","","Faisal Air Base","Karachi","24.87420082092285","67.11849975585938"
"SGI","OPSR","Mushaf Air Base","Sargodha","32.04859924316406","72.66500091552734"
"RQW","","Qayyarah West Airport","Qayyarah","35.76720047","43.125099182099994"
"\N","","Al Sahra Army Air Field","Tikrit","34.67319869995117","43.542999267578125"
"\N","","Tall Afar Army Air Field","Tall Afar","36.28310012817383","42.40299987792969"
"\N","","Al Taji Army Air Field","Taji","33.52389907836914","44.25669860839844"
"\N","","Ubaydah Bin Al Jarrah Airport","Al Cut","32.481998443603516","45.75709915161133"
"ENN","PANN","Nenana Municipal Airport","Nenana","64.54730224609375","-149.07400512695312"
"WWA","PAWS","Wasilla Airport","Wasilla","61.5717010498","-149.539993286"
"\N","","Gangshan Air Force Base","Gangshan","22.782499313354492","120.26300048828125"
"\N","","Asahikawa Airfield","","43.794734","142.365432"
"IWK","RJOI","Iwakuni Marine Corps Air Station","Iwakuni","34.143902","132.235992"
"\N","","Utsunomiya Airport","","36.5145","139.87101"
"\N","","Jungwon Air Base/Chungju Airport","","37.03024","127.886353"
"IEJ","RORE","Ie Jima Airport","Ie","26.7220001221","127.785003662"
"AAV","RPMA","Allah Valley Airport","Surallah","6.366819858551025","124.7509994506836"
"BPH","RPMF","Bislig Airport","","8.19594955444336","126.3219985961914"
"MXI","RPMQ","Mati National Airport","","6.949091","126.27368"
"\N","","Presidente Néstor Kirchner Regionsl Airport","Villa Maria","-32.3201","-63.22663"
"BAT","","Chafei Amsei Airport","Barretos","-20.584499359131","-48.594100952148"
"QHP","","Base de Aviação de Taubaté Airport","Taubaté","-23.04010009765625","-45.51599884033203"
"TOQ","SCBE","Barriles Airport","Tocopilla","-22.14109992980957","-70.06289672851562"
"\N","","Schroeder's field","Cochrane","35.071718","-91.738801"
"CNR","SCRA","Chañaral Airport","Chañaral","-26.332500457763672","-70.6072998046875"
"TLX","SCTL","Panguilemo Airport","Talca","-35.37779998779297","-71.60169982910156"
"ZIC","SCTO","Victoria Airport","Victoria","-38.245601654052734","-72.34860229492188"
"TTC","SCTT","Las Breas Airport","Taltal","-25.564300537109375","-70.37590026855469"
"API","SKAP","Gomez Nino Apiay Air Base","Apiay","4.07607","-73.5627"
"CVE","SKCV","Coveñas Airport","Coveñas","9.40092","-75.6913"
"PAL","SKPQ","German Olano Air Base","La Dorada","5.48361","-74.6574"
"PZA","SKPZ","Paz De Ariporo Airport","Paz De Ariporo","5.87615","-71.8866"
"\N","","Tunja Airport","Tunja","5.54138","-73.3445"
"TQS","SKTQ","Tres Esquinas Air Base","Tres Esquinas","0.7459","-75.234"
"\N","","Marandúa Air Base","Marandúa","5.52448","-68.6856"
"RIJ","SPJA","Juan Simons Vela Airport","Rioja","-6.067860126495361","-77.16000366210938"
"JAE","SPJE","Shumba Airport","Jaén","-5.59248","-78.774002"
"\N","","Metropolitano Airport","","10.133169174194336","-66.78782653808594"
"IKU","UCFL","Issyk-Kul International Airport","Tamchy","42.58792","76.713046"
"\N","","Kant Air Base","Kant","42.85319900512695","74.84649658203125"
"\N","","Ayaguz Airport","Ayaguz","47.91859817504883","80.45279693603516"
"\N","","Chelkar Airport","Chelkar","47.904998779296875","59.619998931884766"
"\N","","Kyzyl-Syr Airport","Kyzyl-Syr","63.8849983215332","122.7770004272461"
"VYI","UENW","Vilyuisk Airport","Vilyuisk","63.75666809082","121.69333648682"
"BGN","UESG","Belaya Gora Airport","","68.556602","146.231506"
"\N","","Dzhermuk Airport","Dzhermuk","39.8240013123","45.673999786399996"
"\N","","Kamenny Ruchey Naval Air Base","Sovetskaya Gavan","49.23570251464844","140.19309997558594"
"GVN","UHKM","Maygatka Airport.","Sovetskaya Gavan","48.926998138399995","140.033996582"
"\N","","Omsukchan Airport","Omsukchan","62.457000732421875","155.7449951171875"
"\N","","Chaybukha Airport","Chaybukha","61.834999084472656","160.54800415039062"
"\N","","Keperveem Airport","Keperveem","67.8450012207","166.13999939"
"\N","","Magadan-13 Airport","Magadan","59.62329864501953","150.9219970703125"
"NLI","UHNN","Nikolayevsk-na-Amure Airport","Nikolayevsk-na-Amure Airport","53.154999","140.649994"
"\N","","Palana Airport","Palana","59.08169937133789","159.88800048828125"
"\N","","Zheleznogorsk Airport","Zheleznogorsk-Ilimsky","56.487701416015625","104.10600280761719"
"\N","","Gvardeyskoe Air Base","Sarabuz","45.1150016784668","33.97700119018555"
"\N","","Saki Air Base","Saki","45.09299850463867","33.595001220703125"
"\N","","Dzhankoy Airport","Dzhankoy","45.70090103149414","34.41889953613281"
"\N","","Ozerne Air Base","Zhytomyr","50.158298","28.7383"
"\N","","Severomorsk-1 Naval Air Base","Severomorsk","69.03166961669922","33.418331146240234"
"\N","","Pushkin Airport","St. Petersburg","59.685001","30.338301"
"\N","","Siversky Air Base","Siversky","59.3567008972168","30.036699295043945"
"\N","","Staraya Russa Air Base","Staraya Russa","57.961399","31.384399"
"\N","","Peski Airport","Petrozavodsk","61.83194351196289","34.295555114746094"
"\N","","Baranavichi Air Base","Baranavichi","53.099998474121094","26.049999237060547"
"\N","","Babruisk Air Base","Babruisk","53.105","29.205"
"\N","","Severo-Eniseysk Airport","Severo-Eniseysk","60.37329864501953","93.01170349121094"
"\N","","Sharypovo Airport","Sharypovo","55.454914093","89.1738815308"
"\N","","Omsk Severny Airport","Omsk","54.9749984741","73.5550003052"
"\N","","Nagurskoye","Murmansk","80.803207","47.663586"
"\N","","Svetlogorsk Airport","Svetlogorsk","66.83999633789062","88.40333557128906"
"\N","","Valek Airport","Valek","69.39690399169922","88.35368347167969"
"\N","","Khanskaya Air Base","Maykop","44.68","40.035"
"\N","","Dudinka Airport","Dudinka","69.375","86.15666961669922"
"VLK","","Volgodonsk Airport","","47.682098388671875","42.07279968261719"
"\N","","Tashkent East Airport","Tashkent","41.31269836425781","69.39140319824219"
"\N","","Myachkovo Airport","Moscow","55.5600013733","37.9850006104"
"\N","","Tretyakovo Airport","Lukhovitsy","54.904998779299994","39.02666854859999"
"\N","","Yermolino Airport","Balabanovo","55.2283325195","36.6083335876"
"INA","UUYI","Inta Airport","Inta","66.0548324584961","60.110321044921875"
"\N","","Izhma Airport","Izhma","65.03170013427734","53.970001220703125"
"\N","","Borisoglebskoye Airport","Kazan","55.86669921875","49.13330078125"
"ZIX","UEVV","Zhigansk Airport","Zhigansk","66.7965011597","123.361000061"
"\N","","Maksimovka Airport","Ufa","54.83000183105469","56.16830062866211"
"\N","","Buguruslan Severny Airport","Buguruslan","53.71839904789999","52.3718986511"
"\N","","Bezymyanka Airfield","Samara","53.220001220703125","50.32500076293945"
"RTC","VARG","Ratnagiri Airport","","17.013599","73.327797"
"HIM","VCCH","Hingurakgoda Air Force Base","Polonnaruwa Town","8.04981","80.9814"
"RDP","VEDG","Kazi Nazrul Islam Airport","Durgapur","23.6225","87.243"
"\N","","Ambala Air Force Station","","30.368099212646484","76.81670379638672"
"\N","","Sirsa Air Force Station","","29.56060028076172","75.006103515625"
"\N","","Udhampur Air Force Station","","32.902198791503906","75.15619659423828"
"PUT","VOPN","Sri Sathya Sai Airport","Puttaparthi","14.1492996216","77.7910995483"
"\N","","Meiktila Air Base","Meiktila","20.88640022277832","95.89279174804688"
"\N","","Changi Air Base (East)","Singapore","1.3441400528","104.009002686"
"\N","","Soltsy-2 Air Base","Soltsy","58.139545","30.33042"
"\N","","Severomorsk-3 Naval Air Base","Severomorsk","68.866669","33.716667"
"\N","","Fedotovo Naval Air Base","Kipelovo","59.193031","39.129411"
"\N","","Lebyazhye Air Base","Kamyshin","50.201698303200004","45.2083015442"
"LNX","","Smolensk North Airport","Smolensk","54.824","32.025"
"\N","","Rtishchevo Air Base","Rtishchevo","52.297317","43.7241"
"ABH","YAPH","Alpha Airport","Alpha","-23.646099","146.584"
"ARY","YARA","Ararat Airport","","-37.30939865112305","142.98899841308594"
"BLN","YBLA","Benalla Airport","","-36.55189895629883","146.0070037841797"
"BZD","YBRN","Balranald Airport","","-34.623600006103516","143.5780029296875"
"BWQ","YBRW","Brewarrina Airport","","-29.973899841308594","146.81700134277344"
"CVC","YCEE","Cleve Airport","","-33.70970153808594","136.5050048828125"
"CWW","YCOR","Corowa Airport","","-35.99470138549805","146.35699462890625"
"CYG","YCRG","Corryong Airport","","-36.18280029296875","147.88800048828125"
"CMD","YCTM","Cootamundra Airport","","-34.6239013671875","148.0279998779297"
"DRN","YDBI","Dirranbandi Airport","","-28.591699600219727","148.2169952392578"
"DNQ","YDLQ","Deniliquin Airport","Deniliquin","-35.5593986511","144.945999146"
"DYA","YDYS","Dysart Airport","","-22.62220001220703","148.36399841308594"
"ECH","YECH","Echuca Airport","","-36.15719985961914","144.76199340820312"
"FRB","YFBS","Forbes Airport","Forbes","-33.363602","147.934998"
"GUH","YGDH","Gunnedah Airport","","-30.96109962463379","150.25100708007812"
"HXX","YHAY","Hay Airport","","-34.53139877319336","144.8300018310547"
"HTU","YHPN","Hopetoun Airport","","-35.715301513671875","142.36000061035156"
"KRA","YKER","Kerang Airport","","-35.751399993896484","143.93899536132812"
"KPS","YKMP","Kempsey Airport","","-31.074399948120117","152.77000427246094"
"KGY","YKRY","Kingaroy Airport","","-26.580799102783203","151.84100341796875"
"TGN","YLTV","Latrobe Valley Airport","Morwell","-38.207199","146.470001"
"MRG","YMBA","Mareeba Airport","","-17.06920051574707","145.41900634765625"
"RPM","YNGU","Ngukurr Airport","","-14.722800254821777","134.7469940185547"
"QRM","","Narromine Airport","","-32.214698791503906","148.22500610351562"
"PPI","YPIR","Port Pirie Airport","","-33.23889923095703","137.9949951171875"
"SIO","YSMI","Smithton Airport","","-40.834999084472656","145.08399963378906"
"SNB","","Snake Bay Airport","","-11.422800064086914","130.6540069580078"
"SWC","YSWL","Stawell Airport","","-37.07170104980469","142.74099731445312"
"TYB","YTIB","Tibooburra Airport","","-29.451099395751953","142.05799865722656"
"TUM","YTMU","Tumut Airport","","-35.26279830932617","148.24099731445312"
"WGT","YWGT","Wangaratta Airport","","-36.41579818725586","146.3070068359375"
"WKB","YWKB","Warracknabeal Airport","","-36.32109832763672","142.41900634765625"
"QRR","","Warren Airport","","-31.733299255371094","147.80299377441406"
"SXE","YWSL","West Sale Airport","Sale","-38.090827","146.965335"
"WWY","YWWL","West Wyalong Airport","West Wyalong","-33.9371986389","147.190994263"
"NGA","YYNG","Young Airport","","-34.25559997558594","148.2480010986328"
"LHK","ZHGH","Guangzhou MR Air Base","Guanghua","32.389400482177734","111.69499969482422"
"WDS","ZHSY","Shiyan Wudangshan Airport","Shiyan","32.591667","110.907778"
"\N","","Sunchon Air Base","Sunchon","39.415699","125.894997"
"HTT","ZLHX","Huatugou Airport","Mengnai","38.201984","90.841495"
"UUN","ZMBU","Baruun Urt Airport","","46.660301208496094","113.28500366210938"
"BFU","ZSBB","Bengbu Airport","Bengbu","32.8477333333","117.320244444"
"RUG","ZSRG","Rugao Air Base","Rugao","32.25788497924805","120.50165557861328"
"WHU","","Wuhu Air Base","Wuhu","31.3906","118.408997"
"SXJ","ZWSS","Shanshan Airport","Shanshan","42.91170120239258","90.24749755859375"
"YKH","ZYYK","Yingkou Lanqi Airport","Yingkou","40.542524","122.3586"
"\N","","Shenyang Dongta Airport","Shenyang","41.784400939941406","123.49600219726562"
"BQG","UHNB","Bogorodskoye Airport","Bogorodskoe","52.38","140.448"
"\N","","Itapiranga Airport","Itapiranga","-27.142499923706055","-53.68579864501953"
"\N","","Aguas Calientes Airport","Aguas Calientes","-8.833330154418945","-74.68329620361328"
"HYD","VOHS","Rajiv Gandhi International Airport","Hyderabad","17.2313175201","78.4298553467"
"\N","","Vancouver International Seaplane Base","Vancouver","49.177047","-123.168154"
"\N","","Bressaucourt Airport","Bressaucourt-Porrentruy","47.392677","7.028648"
"PKO","DBBP","Parakou Airport","Parakou","9.35768985748291","2.609679937362671"
"KDC","DBBK","Kandi Airport","Kandi","11.14479","2.940381"
"\N","","Sokodé Airport","Sokode","8.994275","1.153004"
"\N","","Sansanné-Mango Airport","Mango","10.373010635375977","0.47138214111328125"
"\N","","Arnbruck Airport","Arnbruck","49.12472152709961","12.985555648803711"
"\N","","Jacarepaguá - Roberto Marinho Airport","Rio de Janeiro","-22.987499","-43.369999"
"\N","","Hacaritama Airport","Aguachica","8.247","-73.5814"
"HMG","YHMB","Hermannsburg Airport","Hermannsburg","-23.93000030517578","132.80499267578125"
"\N","","Mount Davies Airport","Pipalyatjara","-26.16670036315918","129.13299560546875"
"\N","","Areyonga Airport","Areyonga","-24.066699981689453","132.26699829101562"
"\N","","Tracy Municipal Airport","Tracy","37.68899917602539","-121.44200134277344"
"\N","","Mount Allan Airport","Yuelamu","-22.274999618530273","132.2169952392578"
"\N","","Everard Park Airport","Mimili","-27.016700744628906","132.7169952392578"
"\N","","Warrabri Airport","Ali-Curung","-21","134.39700317382812"
"\N","","Krefeld-Egelsberg Airport","Krefeld","51.3849983215332","6.587778091430664"
"BIB","HCMB","Baidoa Airport","Baidoa","3.102220058441162","43.62860107421875"
"\N","","Ampilatwatja Airport","Ampilatwatja","-21.655000686645508","135.22999572753906"
"KCS","YKCS","Kings Creek Airport","Petermann","-24.42329978942871","131.8350067138672"
"\N","","Harts Range Airport","Harts Range","-22.985000610351562","134.91799926757812"
"\N","","Elliott Airport","Elliott","-17.527429580688477","133.52989196777344"
"\N","","Papunya Airport","Papunya","-23.246700286865234","131.9029998779297"
"\N","","Fregon Airport","Fregon","-26.774999618530273","132.01699829101562"
"\N","","Mount Liebig Airport","Mt Liebig","-23.24329948425293","131.25999450683594"
"\N","","Bolton Field","Columbus","39.90119934082031","-83.13690185546875"
"BMR","EDWZ","Baltrum Airport","Baltrum","53.72472381591797","7.373332977294922"
"MVW","KBVS","Skagit Regional Airport","Skagit","48.4709014893","-122.42099762"
"GOO","YGDI","Goondiwindi Airport","Goondiwindi","-28.521400451660156","150.32000732421875"
"\N","","Liman Airfield","Odesa","46.57851","30.703053"
"\N","","Lognes Emerainville Airport","Lognes","48.821028","2.625967"
"APT","KAPT","Marion County Brown Field","Jasper","35.060699","-85.585297"
"\N","","Evergreen Regional Airport/Middleton Field","Evergreen","31.4158","-87.043999"
"DCU","KDCU","Pryor Field Regional Airport","Decatur","34.652698516799994","-86.94539642330001"
"GLW","KGLW","Glasgow Municipal Airport","Glasgow","37.03179932","-85.9536972"
"\N","","Danielson Airport","Danielson","41.819698333740234","-71.9010009765625"
"DKV","YDVR","Docker River Airport","Docker River","-24.860000610351562","129.07000732421875"
"\N","","Clearfield Lawrence Airport","Clearfield","41.04859924316406","-78.41310119628906"
"RNZ","KRZL","Jasper County Airport","Rensselaer","40.9478988647","-87.1826019287"
"\N","","Ti Tree Airport","Ti Tree","-22.13170051574707","133.4199981689453"
"SBT","USDA","Sabetta International Airport","Sabetta","71.219167","72.052222"
"AXF","ZBAL","Alxa Left Banner Bayanhot Airport","Alxa Left Banner","38.74831","105.58858"
"\N","","El Fuentero Airport","Svenborg","7.099999904632568","-69.58333587646484"
"\N","","Sturgate Airfield","Eger","53.381099700927734","-0.6852779984474182"
"NIS","AYSE","Simberi Airport","Simberi Island","-2.66222222222","151.997777778"
"BUL","AYBU","Bulolo Airport","Bulolo","-7.216286671410001","146.649541855"
"\N","","Kintore Airport","Kintore","-23.264999389648438","129.38699340820312"
"TBR","KTBR","Statesboro Bulloch County Airport","Statesboro","32.4827003479","-81.73690032959999"
"\N","","Utopia Airport","Utopia","-22.05500030517578","134.7899932861328"
"\N","","Nyrripi Airport","Nyirripi","-22.645299911499023","130.56500244140625"
"AMT","YAMT","Amata Airport","Amata","-26.108299255371094","131.20700073242188"
"\N","","Glacier Country Heliport","Franz Josef","-43.38722","170.18"
"EDD","","Erldunda Airport","Erldunda","-25.205799102800004","133.253997803"
"\N","","Helisul I Heliport","Foz do Iguassu","-25.604167938232422","-54.49361038208008"
"FIK","YFNE","Finke Airport","Finke","-25.5946998596","134.582992554"
"JJG","SBJA","Humberto Ghizzo Bortoluzzi Regional Airport","Jaguaruna","-28.6753","-49.0596"
"\N","","Nypari Airport","Angatja Homeland","-26.200000762939453","130.23300170898438"
"\N","","Ihtiman Airfield","Ihtiman","42.42189","23.767221"
"\N","","Vogtareuth Airport","Vogtareuth","47.946109771728516","12.20472240447998"
"\N","","[Duplicate] Illertissen see EDMI - ED-0425 location moved out-of-the way","Not Specified","89.5","0.0001"
"\N","","New Smyrna Beach Municipal Airport","New Smyrna Beach","29.055700302124023","-80.94889831542969"
"\N","","Las Vegas Helicopters Heliport","Las vegas","36.10810089111328","-115.17400360107422"
"\N","","Delta Camp Airport","Delta Camp","-19.5323","23.0925"
"WKI","FVWT","Hwange (Town) Airport","Hwange","-18.362967","26.519791"
"\N","","Harbour (Public) Heliport","Vancouver","49.2868921105","-123.106112257"
"\N","","Victoria Harbour (Camel Point) Heliport","Victoria","48.41809844970703","-123.38800048828125"
"\N","","Shushenskoye Airport","Shushenskoye","53.3849983215332","92.04499816894531"
"\N","","Stockerau Airport","Stockerau","48.40999984741211","16.191699981689453"
"KLJ","","Klaipėda Airport","Klaipeda","55.7118988037","21.242799758900002"
"\N","","Iowa County Airport","MINERAL POINT","42.886799","-90.236198"
"ETB","KETB","West Bend Municipal Airport","WEST BEND","43.4221992493","-88.1278991699"
"GLR","KGLR","Gaylord Regional Airport","GAYLORD","45.013500213600004","-84.7035980225"
"AID","KAID","Anderson Municipal Darlington Field","ANDERSON","40.10860061649999","-85.6129989624"
"QND","","Cenej Airport","Novi Sad","45.385799","19.839199"
"GUU","BIGF","Grundarfjörður Airport","Grundarfjordur","64.99140167236328","-23.224700927734375"
"PCD","KPDC","Prairie Du Chien Municipal Airport","Prairie du Chien","43.019298553467","-91.12370300293"
"\N","","Cascade Heliport","Kobok","47.512346","-120.488691"
"\N","","Air Orlando Heliport","Orlando","28.43560028076172","-81.47309875488281"
"\N","","Tórshavn/Bodanes Heliport","Torshavn","62.02170181274414","-6.757420063018799"
"OTJ","FYOW","Otjiwarongo Airport","Otjiwarongo","-20.434700012207","16.660800933838"
"\N","","RAF Mona","Mona","53.258598","-4.37355"
"\N","","Rerik-Zweedorf Airport","Rerik","54.08194351196289","11.64916706085205"
"\N","","Fazenda Vaticano Airport","Cruz","-21.294443","-56.11861"
"\N","","Stanly County Airport","Albemarle","35.416698455811","-80.150802612305"
"\N","","Davidson County Airport","Lexington","35.78110122680664","-80.30380249023438"
"\N","","Windwood Fly-In Resort Airport","Davis","39.055099487300005","-79.43139648440001"
"\N","","Lathan Strip","Mocksville","34.87630081176758","-80.61920166015625"
"\N","","Double Eagle II Airport","Albuquerque","35.145198822021484","-106.79499816894531"
"\N","","Socorro Municipal Airport","Socorro","34.022499084472656","-106.90299987792969"
"\N","","Bentonville Municipal-Louise M Thaden Field","Bentonville","36.34569931","-94.21929932"
"\N","","Blue Ridge Airport","Martinsville","36.630699157714844","-80.01830291748047"
"\N","","Mount Airy Surry County Airport","Mount Airy","36.45970154","-80.5530014"
"TSM","KSKX","Taos Regional Airport","Taos","36.45819855","-105.6719971"
"RTN","KRTN","Raton Municipal-Crews Field","Raton","36.74150085","-104.5019989"
"\N","","Rusk County Airport","Ladysmith","45.49679946899414","-91.00050354003906"
"PPA","KPPA","Perry Lefors Field","Pampa","35.612998962402","-100.99600219727"
"\N","","William R. Pogue Municipal Airport","Sand Springs","36.1753006","-96.15180206"
"FLP","KFLP","Marion County Regional Airport","Flippin","36.29090118","-92.59030151"
"BGD","KBGD","Hutchinson County Airport","Borger","35.700901031499995","-101.393997192"
"\N","","Budaörs Airfield","Budaoers","47.451099","18.9806"
"\N","","Jakabszállás Airport","Jakabszallas","46.74720001220703","19.605600357055664"
"HLE","FHSH","St. Helena Airport","Longwood","-15.957725","-5.645943"
"BNJ","","Bonn-Hangelar Airport","Sankt-Augustin","50.7688903809","7.16333293915"
"NGK","UHSN","Nogliki Airport","Nogliki","51.780102","143.139008"
"SQA","KIZA","Santa Ynez Airport","Santa Ynez","34.60680008","-120.0759964"
"HXD","ZLDL","Delingha Airport","Haixi","37.125286","97.268658"
"BAR","ZJQH","Qionghai Bo'ao Airport","Qionghai","19.13824","110.454775"
"\N","","Northeim Airport","Northeim","51.706390380859375","10.039722442626953"
"\N","","Reggio Emilia Airport","Reggio Emilia","44.698299","10.6628"
"ZBO","YBWN","Bowen Airport","Bowen","-20.018299102783203","148.21499633789062"
"UCB","","Ulanqab Jining Airport","Wulanchabu","41.129722","113.108056"
"KEO","DIOD","Odienne Airport","Odienne","9.5","-7.566999912261963"
"GII","GUSI","Siguiri Airport","Siguiri","11.432999610901","-9.1669998168945"
"NZE","GUNZ","Nzérékoré Airport","Nzerekore","7.8060193061829","-8.7017974853516"
"OCM","YBGD","Boolgeeda","Brockman","-22.54","117.275"
"WGN","ZGSY","Shaoyang Wugang Airport","Shaoyang","26.802","110.642"
"TXF","SNTF","9 de Maio - Teixeira de Freitas Airport","Teixeira de Freitas","-17.524499893188","-39.66849899292"
"SPA","KSPA","Spartanburg Downtown Memorial Airport","Spartangurg","34.915699005127","-81.956497192383"
"BJW","","Bajawa Soa Airport","Bajawa","-8.70743498008","121.057426929"
"\N","","Torgau-Beilrode Airport","Gransee","51.570907","13.051641"
"NBN","","Annobón Airport","San Antonio de Pale","-1.410277","5.621944"
"\N","","Renk Airport","Huangshan","11.8324692723","32.810497283900006"
"OLL","FCOD","Oyo Ollombo Airport","Oyo","-1.226666","15.91"
"\N","","Port Hardy Seaplane Base","Port Hardy","50.71670150756836","-127.48300170898438"
"PPF","KPPF","Tri-City Airport","Parsons","37.32989883","-95.5062027"
"PCQ","","Boun Neau Airport","Phongsaly","21.6475","101.9"
"AYS","KAYS","Waycross Ware County Airport","Waycross","31.2490997314","-82.39550018310001"
"DSS","GOBD","Blaise Diagne International Airport","Diass","14.67","-17.073333"
"\N","","Mid-State Regional Airport","Philipsburg","40.884399414062","-78.087303161621"
"PMH","KPMH","Greater Portsmouth Regional Airport","Portsmouth","38.8404998779","-82.84729766850002"
"\N","","Coonawarra Airport","Coonawarra","-37.28329849243164","140.8000030517578"
"NAC","YNRC","Naracoorte Airport","Naracoorte","-36.98529815673828","140.72500610351562"
"\N","","Camilla Mitchell County Airport","Camilla","31.212900161743164","-84.23680114746094"
"\N","","Clarenville Airport","Clarenville","48.27470016479492","-53.92390060424805"
"PGZ","SBPG","Ponta Grossa Airport - Comandante Antonio Amilton Beraldo","Ponta Grossa","-25.1847","-50.1441"
"PQM","MMPQ","Palenque International Airport","Palenque","17.533153","-92.015484"
"CUD","YCDR","Caloundra Airport","Caloundra","-26.799999237060547","153.10000610351562"
"CLP","PFCL","Clarks Point Airport","Clarks Point","58.83369827","-158.529007"
"\N","","Ospika Airport","Williston Lake","56.275001525878906","-124.052001953125"
"\N","","Charlottetown Airport","Charlottetown","52.76499938964844","-56.1156005859375"
"JOJ","","Doris Lake","Doris Lake","68.1252746582","-106.585281372"
"ECI","MNCE","Costa Esmeralda Airport","Tola","11.427542","-86.033361"
"\N","","Monte Cristi Airport","Montecristi","19.865299224900003","-71.6453018188"
"\N","","El Papalon Airport","San Miguel","13.444100379943848","-88.12699890136719"
"\N","","Sandpoint Airport","Sandpoint","48.299499511719","-116.55999755859"
"QGQ","","Attu Heliport","Attu","67.9406628551","-53.6218696833"
"QPW","","Kangaatsiaq Heliport","Kangaatsiaq","68.3126574861","-53.4602075815"
"QJE","","Kitsissuarsuit Heliport","Kitsissuarsuit","68.85792599759999","-53.123295307199996"
"\N","","Niaqornaarsuk Heliport","Niaqornaarsuk","68.236381","-52.852148"
"XIQ","","Ilimanaq Heliport","Ilimanaq","69.0809150007","-51.1143153906"
"QQT","","Qeqertaq Heliport","Qeqertaq","69.9958611087","-51.3009166718"
"\N","","Saqqaq Heliport","Saqqaq","70.011448","-51.932142"
"\N","","Savissivik Heliport","Savissivik","76.01861346460001","-65.1176834106"
"\N","","Siorapaluk Heliport","Siorapaluk","77.7865173475","-70.6386566162"
"\N","","Aappilattoq (Qaasuitsup) Heliport","Aappilattoq","72.8870298223","-55.5962866545"
"\N","","Innarsuit Heliport","Innaarsuit","73.1998953377","-56.0108166933"
"\N","","Kangersuatsiaq Heliport","Kangersuatsiaq","72.38109155069999","-55.53658604619999"
"\N","","Kullorsuaq Heliport","Kullorsuaq","74.5780498288","-57.226828336699995"
"\N","","Nuussuaq Heliport","Nuussuaq","74.1098528514","-57.065037488899996"
"\N","","Tasiusaq (Qaasuitsup) Heliport","Tasiusaq","73.37305450439999","-56.060279846200004"
"\N","","Upernavik Kujalleq Heliport","Upernavik Kujalleq","72.1527425265","-55.5309855938"
"\N","","Aappilattoq (Kujalleq) Heliport","Aappilattoq","60.148357","-44.286916"
"\N","","Tasiusaq (Kujalleq) Heliport","Tasiusaq","60.1943053097","-44.8134469986"
"\N","","Narsaq Kujalleq Heliport","Narsaq Kujalleq","60.004694","-44.656935"
"QJI","","Ikamiut Heliport","Ikamiut","68.6342530984","-51.8322622776"
"\N","","Ammassivik Heliport","Ammassivik","60.597376","-45.382445"
"QFG","","Eqalugaarsuit Heliport","Eqalugaarsuit","60.6197196536","-45.9140619636"
"\N","","Qassimiut Heliport","Qassimiut","60.7809592284","-47.156249284699996"
"\N","","Tiniteqilaaq Heliport","Tiniteqilaaq","65.8920273392","-37.7834093571"
"\N","","Isortoq Heliport","Isortoq","65.5477923903","-38.9765524864"
"\N","","Kuummiut Heliport","Kuummiit","65.8639347361","-36.9979190826"
"\N","","Sermiligaaq Heliport","Sermiligaaq","65.9059197626","-36.3782536983"
"QRY","","Ikerassaarsuk Heliport","Ikerasaarsuk","68.14088100629999","-53.4414589405"
"\N","","Illorsuit Heliport","Illorsuit","71.2419440428","-53.5628771782"
"\N","","Nuugaatsiaq Heliport","Nuugaatsiaq","71.5387687528","-53.205038309100004"
"\N","","Saattut Heliport","Saattut","70.8111719824","-51.6312897205"
"\N","","Ikerasak Heliport","Ikerasak","70.4981453548","-51.3030838966"
"\N","","Niaqornat Heliport","Niaqornat","70.7893846882","-53.6629450321"
"\N","","Ukkusissat Heliport","Ukkusissat","71.0494384946","-51.8900156021"
"\N","","Olhos D`água Airport","Agua Boa","-14.019444","-52.152222"
"NPR","SJNP","Novo Progresso Airport","Novo Progresso","-7.125833","-55.400833"
"SMT","","Adolino Bedin Regional Airport","Sorriso","-12.479177","-55.672341"
"\N","","Serra da Capivara Airport","Sao Raimundo Nonato","-9.082778","-42.644444"
"ENO","SGEN","Encarnación Airport","Encarnacion","-27.227366","-55.837495"
"\N","","Amatopo Airstrip","Amatopo","3.547885","-57.633958"
"\N","","Poeketi Airstrip","Poeketi","4.126389","-54.623611"
"\N","","Godo Holo Airstrip","Pikienkondre of Miranda","4.0583","-54.7861"
"\N","","Anholt Airport","Anholt","56.698898315399994","11.5558996201"
"\N","","St Pierre d'Oléron Airfield","Saint Pierre d'Oleron","45.959202","-1.31611"
"\N","","Semur En Auxois Airfield","Semur en Auxois","47.481899","4.34417"
"UZR","","Urzhar Airport","Urzhar","47.09115","81.66521"
"\N","","Pyramiden Heliport","Pyramiden","78.652322","16.337208"
"\N","","Lipki Air Base","Minsk","53.913545","27.708775"
"\N","","Zermatt  Heliport","Zermatt","46.029319763183594","7.753366470336914"
"\N","","Nikolskoye Airport","Nikolskoye","55.1783332824707","166.04833984375"
"\N","","Tilichiki Airport","Tilichiki","60.3828010559082","166.0260009765625"
"NYR","UENN","Nyurba Airport","Nyurba","63.294998","118.336998"
"SUK","UEBS","Sakkyryr Airport","Batagay-Alyta","67.792","130.394"
"UKG","UEBT","Ust-Kuyga Airport","Ust-Kuyga","70.011001586914","135.64500427246"
"VHV","UENI","Verkhnevilyuisk Airport","Verkhnevilyuysk","63.458057403564","120.26916503906"
"DEE","UHSM","Mendeleyevo Airport","Yuzhno-Kurilsk","43.9584007263","145.682998657"
"\N","","Yamburg Airport","Yamburg","67.986664","75.099998"
"EKS","UHSK","Shakhtyorsk Airport","Shakhtyorsk","49.1903","142.082993"
"TLK","UECT","Talakan Airport","Talakan","59.876389","111.044444"
"\N","","Mama Airport","Mama","58.313331604003906","112.88999938964844"
"\N","","Aarhus Seaplne Terminal","Aarhus","56.151717","10.248428"
"\N","","Oakland Troy Airport","Troy","42.54290009","-83.17790222"
"\N","","Stratford Municipal Airport","Stratford","43.415599823","-80.93440246579999"
"\N","","Edmundston Airport","Edmundston","47.4906005859375","-68.48190307617188"
"RDB","PADG","Red Dog Airport","Red Dog","68.03209686279999","-162.899002075"
"ION","FCOI","Impfondo Airport","Impfondo","1.6169999837875366","18.066999435424805"
"EBH","DAOY","El Bayadh Airport","El Bayadh","33.721666666699996","1.0925"
"ZIS","HLZN","Alzintan Airport","Zintan","31.774878","12.25006"
"MYZ","FWMY","Monkey Bay Airport","Monkey Bay","-14.083600044299999","34.9197006226"
"\N","","Suwałki Airport","Suwalki","54.07279968261719","22.899200439453125"
"\N","","Srr Ahmadu Bello International Airport","Birnin Kebbi","12.480556","4.369445"
"BCU","DNBC","Sir Abubakar Tafawa Balewa International Airport","Bauchi","10.482833","9.744"
"GMO","DNGO","Gombe Lawanti International Airport","Gombe","10.298333333299999","10.896388888899999"
"\N","","Dutse International Airport","Dutse","11.795168","9.311667"
"\N","","Jalingo Airport","Jalingo","8.900587","11.27946"
"KDA","GODK","Kolda North Airport","Kolda","12.898500442504883","-14.968099594116211"
"SHO","FDSK","King Mswati III International Airport","Manzini","-26.358611","31.716944"
"KIY","HTKI","Kilwa Masoko Airport","Kilwa Masoko","-8.91123","39.508619"
"\N","","West Kilimanjaro Airport","Kilimanjaro","-3.049999952316284","37"
"QSI","HTMS","Moshi Airport","Moshi","-3.3633298873901367","37.326900482177734"
"MNS","FLMA","Mansa Airport","Mansa","-11.13700008392334","28.872600555419922"
"GZI","OAGN","Ghazni Airport","Ghazni","33.5312004089","68.412902832"
"DBC","ZYBA","Baicheng Chang'an Airport","Baicheng","45.505278","123.019722"
"LNL","ZLLN","Longnan Chengzhou Airport","Longnan","33.788","105.797"
"SQD","ZSSR","Shangrao Sanqingshan Airport","Shangrao","28.3797","117.9643"
"YSQ","ZYSQ","Songyuan Chaganhu Airport","Songyuan","44.938114","124.550178"
"JSJ","ZYJS","Jiansanjiang Airport","Jiansanjiang","47.11","132.660278"
"WMT","ZUMT","Zunyi Maotai Airport","Zunyi","27.81638","106.33268"
"LLB","ZULB","Libo Airport","Libo","25.4525","107.961667"
"CDE","ZBCD","Chengde Puning Airport","Chengde","41.1225","118.073889"
"DTU","ZYDU","Wudalianchi Dedu Airport","Wudalianchi","48.445","126.133"
"EJN","ZBEN","Ejin Banner-Taolai Airport","Ejin Banner","42.0155","101.0005"
"RHT","ZBAR","Alxa Right Banner Badanjilin Airport","Alxa Right Banner","39.225","101.546"
"HUO","ZBHZ","Holingol Huolinhe Airport","Holingol","45.487222","119.407222"
"GMQ","ZLGL","Golog Maqin Airport","Golog","34.418066","100.301144"
"QSZ","ZWSC","Yeerqiang Airport","Yarkant","38.281055","77.075192"
"TEI","VETJ","Tezu Airport","Tezu","27.9412002563","96.1343994141"
"CWJ","ZPCW","Cangyuan Washan Airport","Cangyuan","23.273889","99.373611"
"JMJ","ZPJM","Lancang Jingmai Airport","Lancang Lahu","22.415833","99.786389"
"NLH","ZPNL","Ninglang Luguhu Airport","Ninglang","27.5403","100.7593"
"PBQ","SWPM","Pimenta Bueno Airport","Pimenta Bueno","-11.641599655151367","-61.179100036621094"
"\N","","Ariquemes Airport","ARIQUEMES","-9.884721755981445","-63.04888916015625"
"\N","","Fazenda Spartacus Airport","COLNIZA","-24","-48.608333587646484"
"WUT","ZBXZ","Xinzhou Wutaishan Airport","Xinzhou","38.597456","112.969173"
"NZL","ZBZL","Chengjisihan Airport","Zhalantun","47.865833","122.767503"
"\N","","Fazenda Mequens Airport","ALTA FLORESTA D'OESTE","-13.061944007873535","-62.25749969482422"
"\N","","Prainha Airport","APUI","-7.17287015914917","-59.839599609375"
"\N","","Mostardas Airport","SANTO ANTONIO DO MATUPI","-31.103599548339844","-50.910301208496094"
"\N","","Santo Domingo Airport","CONSELVAN","-33.65639877319336","-71.6144027709961"
"AIP","VIAX","Adampur Airport","Adampur","31.4338","75.758797"
"VDY","VOJV","Vijayanagar Aerodrome (JSW)","Toranagallu","15.1749666667","76.6349472222"
"SAG","VASD","Shirdi Airport","Shirdi","19.688611","74.378889"
"PYB","VEJP","Jeypore Airport","Jeypore","18.8799991607666","82.552001953125"
"SUP","WART","Trunojoyo Airport","Sumenep","-7.0242","113.89023"
"\N","","Lasondre Airport","Batu Islands","-0.01924","98.30097"
"RKO","","Rokot Airport","Sipora","-2.0991199016571045","99.70069885253906"
"PPR","","Pasir Pangaraan Airport","Pasir Pangaraian","0.8454310297966003","100.37000274658203"
"TJB","","Sei Bati Airport","Tanjung Balai Karimun","1.0527","103.3931"
"KRC","","Departi Parbo Airport","Kerinci Regency","-2.093","101.4683"
"NRE","WAPG","Namrole Airport","Buru Island","-3.8548","126.7012"
"NAM","WAPN","Namlea Airport","Namlea","-3.235569953918457","127.0999984741211"
"DOB","WAPD","Rar Gwamar Airport","Dobo","-5.7722201347399995","134.212005615"
"SQN","WAES","Emalamo Sanana Airport","Sanana","-2.080509901046753","125.96700286865234"
"AYW","WASA","Ayawasi Airport","Ayawasi","-1.1593","132.4633"
"BYQ","","Bunyu Airport","Bunyu","3.45571994781","117.866996765"
"UOL","WAFY","Buol Airport","Buol","1.1027","121.4141"
"RAQ","WAWR","Sugimanuru Airport","Raha","-4.760557","122.569371"
"JSK","OIZJ","Jask Airport","Jask","25.653601","57.799301"
"\N","","Frankfort Dow Memorial Field","Frankfort","44.62519836425781","-86.20079803466797"
"\N","","Cheboygan County Airport","Cheboygan","45.65370178","-84.51930237"
"\N","","Kozushima Airport","Kozushima","34.189998626699996","139.134002686"
"\N","","Kazarman Airport","Kazarman","41.4102908129","74.044418335"
"\N","","Kerben Airport","Kerben","41.484500885","71.7337036133"
"\N","","Naryn Airport","Naryn","41.44150161739999","76.13059997559999"
"ZBY","VLSB","Sayaboury Airport","Sainyabuli","19.2436","101.7093"
"BGL","VNBL","Baglung Airport","Baglung","28.212799072265625","83.66629791259766"
"RJB","VNRB","Rajbiraj Airport","Rajbiraj","26.510066","86.733902"
"DQM","","Duqm International Airport","Duqm","19.501944","57.634167"
"\N","","Palanan Community Airport","Palanan","17.065667","122.427671"
"\N","","Itbayat Airport","Itbayat","20.722521","121.809969"
"\N","","Catbalogan Airport","Catbalogan City","11.81","124.83"
"\N","","Maasin Airport","Maasin","10.187299728393555","124.78199768066406"
"\N","","Bantayan Airport","Bantayan","11.1624","123.7848"
"\N","","Biliran Airport","Biliran","11.5159178299","124.428985119"
"\N","","Fazenda Várzea Funda Airport","PRIMAVERA D'OESTE","-16.58361053466797","-57.73222351074219"
"\N","","Primavera do Leste Airport","PRIMAVERA DO LESTE","-15.565555572509766","-54.33777618408203"
"CKI","YCKI","Croker Island Airport","Croker Island","-11.164999961853027","132.48300170898438"
"\N","","The Granites Airport","The Granites","-20.54829978942871","130.3470001220703"
"BYP","YBRY","Barimunya Airport","Barimunya","-22.673900604248","119.16600036621"
"LUC","NFNH","Laucala Island Airport","Laucala","-16.74810028076172","-179.66700744628906"
"YAS","NFSW","Yasawa Island Airport","Yasawa Island","-16.758899688720703","177.5449981689453"
"\N","","North Shore Aerodrome","North Shore","-36.656700134277344","174.65499877929688"
"\N","","John C Tune Airport","Nashville","36.18239974975586","-86.88670349121094"
"\N","","Okiwi Station Airport","Okiwi","-36.146400451660156","175.41900634765625"
"WIK","NZKE","Waiheke Reeve Airport","Waiheke Island","-36.80889892578125","175.08599853515625"
"\N","","Karamea Airport","Karamea","-41.236698150634766","172.10499572753906"
"\N","","Jastarnia Airport","Jastarnia","54.71028137207031","18.645280838012695"
"DEX","WAVD","Nop Goliat Airport","Dekai","-4.8557","139.482006"
"NAU","NTGN","Napuka Island Airport","Napuka","-14.176799774169922","-141.26699829101562"
"FAC","NTKF","Faaite Airport","Faaite","-16.68670082092285","-145.32899475097656"
"NUK","NTGW","Nukutavake Airport","Nukutavake","-19.28499984741211","-138.77200317382812"
"VHZ","NTUV","Vahitahi Airport","Vahitahi","-18.780000686645508","-138.85299682617188"
"HHZ","NTGH","Hikueru Atoll Airport","Hikueru","-17.544700622558594","-142.61399841308594"
"RRR","NTKO","Raroia Airport","Raroia","-16.045","-142.476944"
"KHZ","NTKA","Kauehi Airport","Kauehi","-15.780799865722656","-145.12399291992188"
"TKV","NTGO","Tatakoto Airport","Tatakoto","-17.355300903320312","-138.44500732421875"
"TDS","AYSS","Sasereme Airport","Sasereme","-7.6217","142.868"
"TMH","WAKT","Tanah Merah Airport","Boven Digoel","-6.099219799041748","140.29800415039062"
"\N","","Denali Airport","McKinley Park","63.64509963989258","-148.79800415039062"
"\N","","Comte. Rolim Adolfo Amaro–Jundiaí State Airport","Jundiai","-23.180369","-46.944408"
"\N","","Potomac Airpark","Berkeley Springs","39.69260025024414","-78.16609954833984"
"\N","","Helisul IV Heliport","Foz Do Iguacu","-25.613056182861328","-54.39805603027344"
"\N","","Brits Airport","Brits","-25.53230094909668","27.77589988708496"
"\N","","West Melton Aerodrome","West Melton","-43.47669982910156","172.39700317382812"
"\N","","Rangiora Airfield","Rangiora","-43.290000915527344","172.54200744628906"
"\N","","Fazenda Jatobasso Airport","JARU","-22.429166793823242","-55.53333282470703"
"\N","","FIC Heliport","MACHADINHO D'OESTE","-22.711389541625977","-47.141109466552734"
"NKB","","Noonkanbah Airport","Noonkanbah","-18.4946994781","124.851997375"
"AEI","","Algeciras Heliport","Algeciras","36.12888","-5.441118"
"\N","","Chepelevka Airport","Uzyn","49.79059982299805","30.4414005279541"
"\N","","Fazenda São Nicolau Airport","COTRIGUACU","-9.8644437789917","-58.229167938232"
"\N","","Kisoro Airport","Kisoro","-1.2837","29.7197"
"KSE","HUKS","Kasese Airport","Kasese","0.18299999833106995","30.100000381469727"
"\N","","Stennis International Airport","Bay St. Louis","30.367799758911133","-89.45459747314453"
"NCJ","SAFS","Sunchales Aeroclub Airport","Sunchales","-30.9575","-61.5283"
"IST","LTFM","Istanbul Airport","Istanbul","41.275278","28.751944"
"SOV","PASO","Seldovia Airport","Seldovia","59.442401885986","-151.70399475098"
"YSG","CYLK","Lutselk'e Airport","Lutselk'e","62.418303","-110.681998"
"\N","","Engeløy Airport","Engeløy","67.967222","14.9925"
"DWA","FWDW","Dwangwa Airport","Dwangwa","-12.5183","34.131901"
"HGI","","Paloich Airport, Heliport","Higleig","10.529167","32.500556"
"\N","","Julian Carroll Airport","Jackson","37.59389877319336","-83.31729888916016"
"\N","","Beaufort MCAS - Merritt Field","Beaufort","32.4774017334","-80.723197937"
"\N","","Camp Pendleton MCAS (Munn Field) Airport","Oceanside","33.30130005","-117.3550034"
"\N","","Aerodromo de Castelo Branco","Castelo Branco","39.847022","-7.44111"
"\N","","Ponte de Sor Airport","Ponte de Sôr","39.211559","-8.056542"
"\N","","Vilar de Luz Airfield","Maia","41.27729","-8.516209"
"\N","","Hard Bargain Airport","","23.011194","-74.905889"
"\N","","Kenebetsu JASDF Airfield","Kenebetsu","43.425154","144.741354"
"\N","","Augusto Severo Airport","Natal","-5.91141986847","-35.2476997375"
"KQH","VIKG","Kishangarh Airport","Ajmer","26.601473","74.814147"
"CNN","VOKN","Kannur International Airport","Kannur","11.918614","75.547211"
"\N","","Beijing Xijiao Airport","Beijing","39.9608","116.257004"
"\N","","Flores Airport","MANAUS","-3.0727779865264893","-60.02111053466797"
"\N","","Umuwa Airport","Umuwa","-26.4867000579834","132.0399932861328"
"ZCO","SCQP","La Araucanía Airport","Temuco","-38.9259","-72.6515"
"ASS","FAAR","Arathusa Safari Lodge Airport","Arathusa","-24.744165","31.522499"
"VDI","KVDI","Vidalia Regional Airport","Vidalia","32.192699432373","-82.371200561523"
"\N","","Granbury Regional Airport","Granbury","32.44440079","-97.81690216"
"\N","","Oswego County Airport","Fulton","43.350799560546875","-76.38809967041016"
"ISB","OPIS","New Islamabad International Airport","Islamabad","33.560713","72.851613"
"\N","","Vumbura Airport","Vumburu","-18.955395","22.814533"
"\N","","Farm Whitwater East Landing Strip","Hardap","-24.629999","15.9392"
"\N","","Muwaffaq Salti Air Base","AZRAQ","31.8255996704","36.782001495399996"
"\N","","Kirkjubæjarklaustur Airport","Kirkjubaejarklaustur ","63.79079818725586","-18.001399993896484"
"\N","","Fazenda Uiapuru Airport","COMODORO","-13.663888931274414","-56.002220153808594"
"\N","","Whitehorse Seaplane Base","Whitehorse","60.69110107421875","-135.03700256347656"
"\N","","Pertominsk Airport","Pertominsk","64.7900009155","38.4199981689"
"\N","","Mount Weld Airport","Laverton","-28.771699905395508","122.44000244140625"
"\N","","Kidston Airport","Kidston","-18.8700008392334","144.17300415039062"
"\N","","Klaksvik Heliport","Klaksvik","62.2178497314","-6.5764546394300005"
"MHE","KMHE","Mitchell Municipal Airport","Mitchell","43.774799346900004","-98.03859710690001"
"\N","","Hunda Airport","Tubu Tree Camp","-19.2765","22.475646"
"GIT","","Mchauru Airport","Geita","-2.813667","32.172472"
"GID","HBBE","Gitega Airport","Gitega","-3.417209","29.911308"
"RMU","LEMI","Región de Murcia International Airport","Murcia","37.803","-1.125"
"\N","","Fazenda Kajussol Airport","Alta Floresta D'Oeste","-11.9647216796875","-61.686668395996094"
"\N","","Pelee Island Airport","Pelee","41.780399322509766","-82.6780014038086"
"CQS","SWCQ","Costa Marques Airport","COSTA MARQUES","-12.421099662780762","-64.25160217285156"
"\N","","Mangalore Airport","Mangalore","-36.888301849365234","145.1840057373047"
"\N","","San Isidro del General Airport","San Isidro","9.352620124816895","-83.71309661865234"
"ZXT","UBTT","Zabrat Airport","Baku","40.4955422161","49.9768066406"
"JAM","","Bezmer Air Base","Yambol","42.4548988342","26.3521995544"
"\N","","Osovtsy Air Base","Byaroza","52.5569992065","24.884000778199997"
"YUA","ZPYM","Yuanmou Air Base","Yuanmou","25.737499237061","101.88200378418"
"\N","","Changsha Datuopu Airport/AFB","Changsha","28.0688991547","112.958000183"
"XEN","ZYXC","Xingcheng Air Base","","40.580299377399996","120.697998047"
"GEC","LCGK","Lefkoniko Airport","Geçitkale","35.235947","33.724358"
"MBI","HTGW","Songwe Airport","Mbeya","-8.919942","33.273981"
"\N","","Kalocsa/Foktő Airport","Kalocsa/Foktő","46.549613","18.942421"
"UGU","","Bilogai-Sugapa Airport","Sugapa-Papua Island","-3.73956","137.031998"
"\N","","Jakkur Aerodrome","Bengaluru","13.07674","77.597645"
"\N","","Jalal-Abad Airport","Jalal-Abad","40.944401","72.977798"
"ETM","LLER","Ramon Airport","Eilat","29.723694","35.011416"
"MNH","","Rustaq Airport","Al Masna'ah","23.640556","57.4875"
"CGY","RPMY","Laguindingan Airport","Cagayan de Oro City","8.612203","124.456496"
"\N","","Kostomuksha Airport","Kostomuksha","64.61799621579999","30.687000274699997"
"\N","","Privolzhskiy Air Base","Astrakhan","46.396","47.893"
"\N","","Kubinka Air Base","Kubinka","55.611695","36.650002"
"\N","","Rogachyovo Air Base","Belaya","71.61669921880001","52.4782981873"
"\N","","Ulan-Ude East Airport","Ulan Ude","51.849998474121094","107.73799896240234"
"\N","","Krechevitsy Air Base","Novgorod","58.625","31.385000228881836"
"CPO","SCAT","Desierto de Atacama Airport","Copiapo","-27.2611999512","-70.7791976929"
"\N","","Melitopol Air Base","Melitopol","46.880001","35.305"
